0,1542502573,50050
1,87428900049,98920
2,62050792018,17220
3,215652556,43320
4,35213785935,27800
5,167306967246,29480
6,112266243,42940
7,3333029450,49670
8,778170920,71840
9,39577525050,19780
10,37809039347,17750
11,22750135145,21320
12,126569630266,26870
13,27382133872,24980
14,42589667193,20610
15,78488969173,97400
16,45305963933,17170
17,10805296946,32520
18,278812313796,11090
19,18393286804,11360
20,14406325076,28100
21,47756965159,21730
22,638332189,50560
23,473021194,38170
24,49950805918,31460
25,247205852,46160
26,161069872,43400
27,150764185261,29500
28,132612338,39070
29,36086746685,23510
30,1145327463,92960
31,2354974533,69050
32,333246718,44490
33,1082208274,72110
34,1231838437,77570
35,4596909356,34570
36,2344159088,33700
37,3687914425,69230
38,28592621127,21220
39,30084375971,25250
40,11094753535,31000
41,1285602987,84310
42,4965735198,33350
43,36489171794,25010
44,1270965742,59600
45,23521342765,20400
46,3174194518,88750
47,11846576564,12700
48,3717965658,32920
49,1207305544,57630
50,1571596295,35970
51,54813969200,15320
52,217562611,45390
53,1588880290,49390
54,2453183642,88060
55,25922689803,25100
56,25177460021,227430
57,66129756375,12350
58,91020757658,96960
59,847452917,87980
60,4586000438,32570
61,2364483202,54380
62,1353588104,49040
63,29083726643,17520
64,358355550,45720
65,2105109652,71190
66,3763726155,50850
67,52022327352,15380
68,66289101676,29950
69,749752075,57290
70,669722818868,29790
71,36500486978,17110
72,19915537953,19690
73,62087726496,27070
74,31229562343,30500
75,2199317834,53060
76,964901906,72230
77,68798509268,18440
78,481329814785,29630
79,59594995602,157390
80,95469355926,149570
81,6758280251,33370
82,2163265461,72070
83,185356393032,100840
84,26441271661,26250
85,2874702311,65130
86,496555472,36050
87,21018328003,25940
88,1249796966,57920
89,1413353151,60170
90,47298119510,96940
91,207607573,47600
92,159528715388,23580
93,52057806061,19820
94,1197574582,76730
95,968830042,48420
96,1827091444,77170
97,41851576292,15400
98,59083013007,13140
99,1811698590,49790
100,52174352222,171180
101,95724542696,27640
102,1631738995,1000000
103,1394137500,58100
104,533581486,39240
105,26015099191,16630
106,122132101,41760
107,34087163704,210160
108,17089269526,26120
109,12800337729,19080
110,62611392606,20370
111,1008260659,51680
112,4189091026,66900
113,830423616,59780
114,1322106353,577020
115,521084640,45000
116,80171413799,21310
117,793801377,64200
118,290690343,38350
119,25784050372,22000
120,13705718578,18370
121,1007587212,47820
122,2307325313,70880
123,3174400062,58170
124,19578529441,30450
125,59096534,43140
126,402826796,44550
127,40248886135,16540
128,1446692871,74100
129,811298469,35980
130,46847440574,28300
131,57757055267,24470
132,14037398643,14500
133,87680961777,110330
134,79738739070,96710
135,16656548476,17500
136,55482136423,22570
137,1461214518,61680
138,1593758003,35630
139,28303784697,16720
140,86701955379,114860
141,1666161934,70710
142,58166889293,101790
143,4206016997,72890
144,1771199922,55810
145,50805719022,13180
146,1000582102,53700
147,111164141689,15390
148,26794617770,13400
149,11578482888,23890
150,51679915133,17270
151,786568730,56390
152,133016869992,13490
153,464261240,39510
154,153439769465,16410
155,30226971708,27790
156,1461507626,64740
157,2192809826,33420
158,12660304592,14100
159,1479351498,63820
160,23560162431,18710
161,5441382995,70490
162,1224996701,60800
163,70175950282,160800
164,270577793,40150
165,22012188432,19330
166,31646471750,23350
167,36627299455,15640
168,30284885466,27360
169,62337635512,12950
170,1509141265,34080
171,29519184146,29040
172,961125105,36380
173,874300007,37570
174,105929741,41000
175,42484091798,27700
176,25009359999,15920
177,1190453526,55460
178,366529462,46960
179,9919888708,27740
180,45286419373,158820
181,4711585919,35300
182,54325580362,11300
183,417573801,41860
184,10708572650,12900
185,162009079,46280
186,383613265518,29810
187,1720057529,35920
188,28520159386,19300
189,1060791960,36950
190,28575728644,21860
191,68660692992,26230
192,79898627011,16390
193,2557427042,32480
194,47145317344,16890
195,10021897467,23200
196,1836771751,50570
197,20751108190,23100
198,2352365957,912520
199,35681395866,25400
200,15713574477,24100
201,2027200385,58650
202,30553606632,15750
203,17699354512,15050
204,1147331186,64560
205,619306389,58550
206,7623443849,18500
207,1679186379,78010
208,122503654433,16210
209,358555230,39520
210,77418419883,18210
211,2916597756,33340
212,18157672735,22620
213,902258069,65300
214,13749746627,18260
215,83243143,45190
216,338272219,40690
217,28089660686,15900
218,2475915157,66000
219,122392408117,105120
220,176684463651,105880
221,2708515956,57000
222,521724299072,10550
223,1869362366,54910
224,797573944,51700
225,9816664858,31180
226,200720067,42280
227,2152646533,48320
228,2210238027,380510
229,1761245488,53210
230,1012483522,34000
231,20271072387,19680
232,37656571114,25030
233,73838320521,20630
234,876093111,36670
235,48932072348,19030
236,1483752476,49000
237,115390912834,28660
238,3262702814,34420
239,26290561592,28600
240,40640402580,25770
241,120558737,44320
242,62485842,44300
243,136099099090,114880
244,2282147448,61480
245,18393286804,11360
246,3985070804,33300
247,1453138586,52000
248,2334328896,36700
249,24953211633,28020
250,1047695139,36640
251,23891581283,31060
252,4708189130,94410
253,96117636213,97460
254,26983698392,30790
255,73642083145,14010
256,91181218764,11840
257,40640402580,25770
258,81943348398,138810
259,32025620892,24200
260,33322034218,31590
261,39915727804,10040
262,1421268512,35380
263,1080501026,59830
264,52037401887,22120
265,90594113232,11290
266,47572858350,28950
267,45632610231,25040
268,107253745660,25690
269,418831927,42770
270,133724818491,116330
271,1992008370,35320
272,775088116,55490
273,1395983186,68340
274,1017879136,71460
275,2634609486,49100
276,202944663,44430
277,1811584398,77890
278,3465250404,87290
279,1094094326,62300
280,11740205694,25700
281,1803636413,83040
282,60866140858,12480
283,15680717211,23050
284,4301279326,84360
285,5047106355,55730
286,46578377715,30650
287,147947861,41630
288,1156242056,70100
289,184613914600,12530
290,45964665779,24090
291,4125523889,34300
292,178630630,42330
293,1272801157,54430
294,2202216440,63220
295,1423018170,92300
296,956525554,60590
297,100652525295,125550
298,381266268,42320
299,133258263877,12830
300,137887014421,12620
301,84767214321,29920
302,96488523908,123700
303,2433181015,62170
304,2575947546,84990
305,58192362683,29520
306,2403651017,63320
307,74972262,44400
308,16425153791,30350
309,75125954302,28210
310,20728975020,28620
311,84908117919,22170
312,300222469,44720
313,58037634093,13120
314,1552587141,56260
315,1414768155,58570
316,16845581696,11410
317,77418419883,18210
318,2020230996,52750
319,31172644375,16950
320,90490269485,147200
321,1306399170,86700
322,882778274,35160
323,1371970622,63830
324,51180551841,23750
325,9966939481,21600
326,182904087,45980
327,8085474109,11000
328,303016833,42310
329,93061938539,129740
330,1303620778,74840
331,66451962919,146960
332,5085312613,88960
333,22426798037,21050
334,45082679850,116950
335,419210962,42490
336,122394235140,106420
337,13597838470,21400
338,53443551626,23660
339,40640402580,25770
340,1618418175,71610
341,15139950852,12000
342,96940398102,30270
343,21256246165,21800
344,2571545405,49960
345,34075787416,13460
346,84259873080,15820
347,11428586638,26080
348,2384922859,433150
349,822260496,39970
350,126922650107,19710
351,297227885,42740
352,1961562689,73140
353,9073676657,24880
354,63773249173,18360
355,56577579962,155190
356,527175044,52500
357,37378231467,25270
358,110998318,40800
359,17483253829,26420
360,62206717779,13220
361,6794665272,33360
362,1532552453,92550
363,13851673776,19200
364,4005526204,60110
365,1300045689,80710
366,994808248,78080
367,46756497319,22930
368,87851007311,26620
369,9618791272,32560
370,517483321,40540
371,54108542506,14590
372,48948792939,22680
373,500180676,38930
374,21232785090,192840
375,82370632,44340
376,28535155489,17700
377,1374398176,53690
378,1154788768,56700
379,16856330150,15500
380,1117191636,81020
381,44024130648,163570
382,128886428123,14270
383,55997509348,28140
384,58962650593,25750
385,8085474109,11000
386,12117734393,20290
387,60650416742,16360
388,4854570977,31700
389,138109706,44780
390,252147894,42350
391,137182569270,13170
392,802217556,36420
393,73787733197,20530
394,7623443849,18500
395,1264368907,81410
396,5130609805,30750
397,4520528309,77020
398,37866747690,26980
399,48632573621,28070
400,1213177422,38940
401,64890665743,26240
402,46555668858,123780
403,66182785335,11560
404,105995622,44680
405,5155384102,73320
406,163792207,46350
407,19621655952,13920
408,10409584996,255630
409,26713291883,25880
410,302660278,37960
411,83052142214,11680
412,28969049305,17360
413,93783661034,11730
414,27080188325,117850
415,2551621263,48130
416,33839203965,26500
417,1163621673,49860
418,284665383,43840
419,287272676,42270
420,54729884543,19170
421,1132990486,78240
422,51891981291,133590
423,1794344209,66060
424,135604023,46800
425,1846625561,65900
426,78508744,42300
427,36092934622,25070
428,833669750,80700
429,1372717623,60750
430,382100978,39670
431,41052939509,18390
432,48528795678,14650
433,530866962,59800
434,2315728248,73100
435,132211609,46940
436,17872142543,14300
437,21288505553,14520
438,29137251043,21170
439,44265390677,25620
440,838533750,38440
441,72275575737,18690
442,3246287795,34740
443,1631738995,1000000
444,22077591852,19150
445,1302970112,49360
446,1070307467,51720
447,36867874756,182090
448,24707988149,13900
449,51245873680,20640
450,331019354533,29550
451,54108542506,14590
452,1509546820,37330
453,482519922,40870
454,113307658460,30240
455,5751597917,34980
456,74837915457,139970
457,542702668,57180
458,22574448053,28520
459,53650495143,105510
460,3642411507,35640
461,1357362796,65770
462,1209411229,68000
463,6633188074,32510
464,13612873729,22850
465,44573769257,31090
466,67901394616,14260
467,38969729298,14930
468,1131650149,38140
469,124097355559,113120
470,1187118243,36550
471,13882870228,26070
472,1264575721,72680
473,3696576114,36140
474,103956192075,13230
475,1179484094,74320
476,342042513,66890
477,875954773,67540
478,193536863722,29230
479,3708801282,70750
480,2779059179,35700
481,62824168591,20180
482,19889035527,21700
483,35133467281,194880
484,4528508904,62550
485,3675680351,32950
486,75738004561,27770
487,15018153817,21660
488,9966939481,21600
489,75312824819,30160
490,71584274498,102030
491,136692354402,127500
492,28280242518,22970
493,16729232021,24660
494,17872142543,14300
495,105820796759,20910
496,64471100549,97000
497,99304321,42390
498,1704198586,52580
499,87263218696,139400
500,108373653972,24360
501,1356208616,55610
502,533881375,39200
503,954770377,49070
504,6404613422,33640
505,44986743773,28570
506,19106552719,31320
507,40581309322,21180
508,1333325010,54310
509,456206539,40010
510,243541523,40980
511,1172609876,51880
512,2017419158,49420
513,8037842913,21950
514,132011555,41370
515,66870561283,164400
516,47385819368,22260
517,6051925041,63340
518,92318074912,25220
519,52309800498,24870
520,71776087726,128880
521,2182419632,64270
522,3034302728,48280
523,36372739840,19960
524,240474175,39830
525,1388366517,74480
526,5488637938,31660
527,922696172,84730
528,1553880175,35150
529,734529805,41600
530,42044202420,176400
531,34346403621,22250
532,135214843987,14440
533,1655442586,67400
534,105995622,44680
535,16250883444,22340
536,56873814446,102100
537,963259311,52820
538,953393809,35120
539,15885102275,21750
540,45552700653,14080
541,78256468095,11450
542,1631738995,1000000
543,1296366488,72080
544,36562913242,183740
545,3132237278,34370
546,2272140927,83730
547,2304074033,69960
548,37326142645,25360
549,1463336641,58730
550,1050007474,88700
551,25782815157,19980
552,106655261328,23480
553,213452483,44080
554,419599617,47640
555,90252737233,12360
556,1602651494,64120
557,76901972793,23280
558,64738322748,160430
559,14983675041,32330
560,51132409411,14540
561,1494049925,54060
562,59446441280,17540
563,1052867311,37160
564,19720899101,16660
565,121966366,40100
566,83106196086,17770
567,209832905146,29740
568,674882483,37450
569,64570007221,15810
570,73754700058,165590
571,104548711148,134280
572,3109143947,32240
573,198014651,46650
574,30966134539,20410
575,2803054363,34500
576,59593844653,24620
577,143183014,47550
578,875063490,69420
579,14406325076,28100
580,2390395359,91050
581,120343718803,12890
582,4009931315,86440
583,981671806,49950
584,91903229637,16080
585,101083304,44010
586,3392947948,87510
587,1893780377,75050
588,67446787957,11170
589,169631376,41300
590,686805446,36240
591,227434353,45180
592,19771437940,28480
593,1631738995,1000000
594,619356231,64410
595,68725560166,19420
596,3077891089,60340
597,13108767294,31280
598,2318495246,68630
599,1459288437,38480
600,33935243550,21570
601,106332430,41700
602,243541523,40980
603,76985350079,119550
604,23741234218,100200
605,530866962,59800
606,78508744,42300
607,61278958959,28110
608,41111666437,20870
609,627524386,60310
610,55987971004,15160
611,1120362800,38860
612,87408291606,13050
613,54813969200,15320
614,62409364740,18840
615,38470708918,13380
616,2967167495,52230
617,2627922325,34690
618,3583551934,89210
619,363929049,36660
620,1821814973,85250
621,1901546824,66480
622,963676411,36520
623,1090224046,48410
624,24550109782,202520
625,26530295654,11950
626,17128374143,32910
627,1139766717,72950
628,1602365715,35770
629,741182903,40570
630,26629296406,31930
631,24848887610,27920
632,786879774,37690
633,1139766717,72950
634,92603711266,27780
635,27134392123,27830
636,83875446920,10940
637,61373325045,141640
638,61881958942,107880
639,1919516614,49340
640,77418419883,18210
641,41196050480,18460
642,87428900049,98920
643,17837658980,30980
644,640002084,39680
645,1421268512,35380
646,1588880290,49390
647,67044432616,13030
648,1997738558,50750
649,52954844225,27750
650,7280859149,260370
651,871600480,51550
652,4224880653,49330
653,27520353423,30520
654,1388744617,80240
655,1820721564,54150
656,48106561534,17680
657,100062543492,104330
658,959434548,52970
659,28839812218,22110
660,6536029761,12400
661,902383557,50770
662,151135517049,11960
663,217615589,45760
664,4250146741,33600
665,20173588938,25150
666,627364668,38090
667,1163741143,52600
668,15952412483,14020
669,16956918425,12250
670,9246399911,33430
671,1631738995,1000000
672,1309868987,67830
673,1221696227,73260
674,951295700,37900
675,964901906,72230
676,65889157625,24930
677,532525883,37640
678,391776302,40340
679,4116468587,69340
680,865025241,64860
681,47145317344,16890
682,1040576527,62630
683,18102980032,14800
684,55484554170,23290
685,577621887,38150
686,80734094062,12190
687,34540471920,26480
688,28286652085,17040
689,56822468980,22880
690,49843543,43250
691,73828086269,145300
692,100677958948,30050
693,97656246,43180
694,1631738995,1000000
695,15101702599,12500
696,78089133569,12180
697,5729576361,58310
698,1631738995,1000000
699,1002128352,45440
700,117811460131,128650
701,122640276,42080
702,1831242028,52060
703,15713574477,24100
704,1488943050,35930
705,903110811,50120
706,80413445370,18580
707,20334120816,19250
708,542047140,41910
709,55293907816,25350
710,88521745532,30310
711,31086951478,28130
712,610854422878,29210
713,1092214102,38610
714,928505880,59280
715,1017552751,37220
716,47756965159,21730
717,3883357099,80720
718,698549102,39440
719,126888602996,29860
720,1602365715,35770
721,99304321,42390
722,767621107,50660
723,20328737308,27660
724,135874898,39840
725,1132990486,78240
726,75484254726,26310
727,1339911081,87300
728,202015720,41660
729,24826996500,31020
730,2327846639,36480
731,138613638,45790
732,135874898,39840
733,524484664,57500
734,68426394282,14120
735,15282441909,31600
736,51154213914,14660
737,54056916280,19570
738,55241510149,29100
739,8277111186,269830
740,2501115111,56110
741,63987693214,24750
742,84767214321,29920
743,2014102347,35940
744,62541083876,25570
745,1847117475,53010
746,121657028943,125180
747,786067742,50340
748,110279791980,29340
749,1094598894,65100
750,53537785008,15520
751,2596602658,47940
752,32578945166,106280
753,14253139298,23980
754,82246062197,130850
755,263361828,39290
756,4494734221,70970
757,1428556344,83500
758,82420983934,131900
759,2557112974,34840
760,44984558600,12640
761,39723842489,19880
762,78488969173,97400
763,49218116867,20120
764,26246875306,31010
765,1568415235,55410
766,1349753984,51140
767,17421661930,21930
768,129866442492,130570
769,1591020765,51320
770,369908415,39250
771,2205582770,59100
772,36482134180,30530
773,33264601265,27320
774,133704853279,29420
775,3044317346,64890
776,20170337196,25630
777,72804189910,131760
778,109835242568,27570
779,17089269526,26120
780,18245872058,25530
781,1024898409,37180
782,399377215,46190
783,26178609731,15960
784,1159991754,36900
785,73787733197,20530
786,3576022235,34620
787,786067742,50340
788,1992245021,67490
789,73257211434,129620
790,310328313,44140
791,25703828160,31760
792,2788520359,93380
793,2014102347,35940
794,50346887929,20820
795,31889305836,19000
796,96699445352,95600
797,4775106304,33400
798,29571437943,24270
799,38470708918,13380
800,32929114522,17720
801,107073859638,16590
802,97473090668,111580
803,27825526306,17900
804,754354668,88980
805,1593318118,58260
806,363774917,46020
807,8346863649,32710
808,1484942454,940320
809,1631738995,1000000
810,24388907569,27950
811,24953211633,28020
812,104457038318,97040
813,37083274318,28440
814,135334311621,124950
815,792155054,57700
816,72582380111,127880
817,53790511802,31370
818,35427407247,12100
819,1309006301,36750
820,59465239307,22830
821,84759813311,22230
822,1157094998,88340
823,83528814,41820
824,78508744,42300
825,271472030,47680
826,30860554806,10400
827,6847361817,24080
828,1471837414,52070
829,84844484259,26380
830,1164152065,764040
831,1731071928,55550
832,62100399730,30960
833,2557112974,34840
834,545728003,39120
835,113605749,44440
836,1088409901,49710
837,1758633356,70050
838,38470708918,13380
839,26583099214,26300
840,48632573621,28070
841,9283190804,33130
842,28655336302,24520
843,2309399575,35000
844,851428503,62190
845,52728599236,17410
846,47756965159,21730
847,31634145708,23080
848,30051984842,15460
849,66980122242,21270
850,695331164,55120
851,13287800402,10460
852,78548899083,16350
853,15256087012,10300
854,1308178081,52880
855,536240600,43050
856,2522752418,58890
857,1492066379,51250
858,4538610167,85040
859,1814508408,52980
860,543068630,47210
861,2913021873,69120
862,36911250830,20940
863,263729243,45930
864,13077299177,15620
865,1292195890,92750
866,18911838573,28280
867,2247375375,52320
868,3788204281,336040
869,55967057116,14920
870,6714501360,11440
871,328193623,42820
872,4540800951,95040
873,591649146,87500
874,1094553579,78830
875,52838154,46520
876,1553880175,35150
877,104758063700,11510
878,153490949,42200
879,75981964629,27620
880,824646705,70700
881,43544404964,183030
882,1442655517,52350
883,13778644135,17070
884,21490644071,31550
885,208593832,47090
886,1199251193,65660
887,28089729007,31110
888,1625827022,70950
889,2153589783,51840
890,20707959506,18860
891,73390910863,167650
892,16576179451,31080
893,95618918454,29890
894,540955788,39750
895,18577413391,26650
896,1601246441,58020
897,142799541,42100
898,991790636,48520
899,1025832586,51430
900,11051108822,32940
901,15241819764,13200
902,5921037305,10000
903,1491645082,36880
904,95419273767,141470
905,1938804142,512970
906,2025844673,74050
907,55065325562,23540
908,6837950701,31860
909,17577069175,13760
910,1012736886,62380
911,4346473633,69240
912,2422597203,34170
913,99758049907,128220
914,1277424386,54610
915,317128054,39990
916,387763191,43270
917,27021423680,23390
918,2368906458,34220
919,1474223270,55640
920,1897604496,64940
921,43580075260,20250
922,424654004,39850
923,1040966627,78680
924,1643631467,35950
925,252147894,42350
926,26296592268,211880
927,15269062707,11500
928,16621932651,17300
929,116119185043,106720
930,3146545076,35730
931,35149095400,22280
932,16045577416,16000
933,4629856598,67800
934,77017899036,18230
935,3037716024,93600
936,576424133,39450
937,15713574477,24100
938,23384686339,21680
939,16856330150,15500
940,91443744912,28990
941,2307997600,65200
942,42086966196,21550
943,57343371692,23420
944,1495785017,49580
945,922757198,67500
946,226635679,40970
947,5488820412,53000
948,36766127593,24960
949,4897782541,31560
950,715875897,54350
951,43982463921,20160
952,149018213139,115500
953,56505869603,28740
954,116391788470,23990
955,1093004842,35480
956,1480637016,64780
957,1738094346,34440
958,49567566189,23910
959,15824340416,31220
960,33273745027,28690
961,106606170765,29930
962,4665914777,329000
963,351091521,42070
964,178630630,42330
965,35154212207,19100
966,826738536,62260
967,803787580,47960
968,1132990486,78240
969,3009299449,34350
970,18298812721,27600
971,36808459328,28370
972,332591425,40480
973,15212996425,14000
974,23530631499,26320
975,1165750545,35250
976,1694093869,36440
977,2007497800,60250
978,134745205189,18140
979,233220419,45960
980,90490163,41020
981,1107994614,64060
982,1029271305,88360
983,654665891,75580
984,11185549152,248590
985,5130609805,30750
986,74803381851,23370
987,1697515665,56930
988,13053346967,33150
989,3433216974,83770
990,18307813892,26600
991,101142562524,105110
992,1554529205,51800
993,69678082054,127430
994,15269062707,11500
995,864547034,73790
996,1781781400,51790
997,110166808877,28970
998,15139950852,12000
999,7135782721,33660
1000,184125576,44970
1001,583181080,38200
1002,1146218595,605930
1003,107813967,41800
1004,517616088,38900
1005,34528218461,11100
1006,16810611257,21690
1007,12199064894,32610
1008,56013076995,16820
1009,35570176780,155580
1010,111885265,46880
1011,74165287901,30130
1012,19888988268,12450
1013,1949046203,50930
1014,546734265,39410
1015,2334328896,36700
1016,20763867777,19750
1017,107253745660,25690
1018,383483995,43670
1019,346671016,42160
1020,974804499,61700
1021,32514229560,140770
1022,1190453526,55460
1023,3331926689,56120
1024,34540471920,26480
1025,304326832,43290
1026,47495969857,25320
1027,18061541782,27710
1028,79432166244,21770
1029,46848216759,15760
1030,1746576798,83690
1031,98333789722,151640
1032,1478148334,51940
1033,5112794384,317200
1034,15212996425,14000
1035,20927200744,15450
1036,103879396806,144820
1037,36627299455,15640
1038,4965735198,33350
1039,11846576564,12700
1040,64949643148,101350
1041,163134055903,106750
1042,66953439280,23470
1043,72701688509,20130
1044,2314735849,58230
1045,62611392606,20370
1046,1740441176,48350
1047,54873856257,23130
1048,23136038329,13440
1049,102476185710,129640
1050,824646705,70700
1051,6536029761,12400
1052,14575236336,11050
1053,1452145970,455890
1054,16621932651,17300
1055,1066595836,80920
1056,157859964516,102630
1057,56873814446,102100
1058,61225260345,18720
1059,4127695335,34230
1060,14216936880,18600
1061,1750433418,94130
1062,1820797772,88210
1063,1694856333,83980
1064,6799409598,32210
1065,23067459600,16620
1066,23521342765,20400
1067,14853559028,18560
1068,1024898409,37180
1069,1197574582,76730
1070,1507885768,57430
1071,26583099214,26300
1072,81584870803,26810
1073,2381508863,34750
1074,13749746627,18260
1075,70347446419,16040
1076,1631738995,1000000
1077,2923257383,49830
1078,135146075727,101050
1079,93520307077,146840
1080,1631738995,1000000
1081,48385818617,17560
1082,37673201671,24140
1083,20113483905,31210
1084,119966297782,109550
1085,235623305,46370
1086,189040615,44310
1087,46416427689,22600
1088,5223719939,32810
1089,1892249347,55340
1090,22887395746,19600
1091,27006917803,19260
1092,103632938719,17990
1093,2528787605,52290
1094,11540501738,32680
1095,81584870803,26810
1096,27134392123,27830
1097,809260772,52440
1098,351091521,42070
1099,1524005082,73900
1100,187305399,43120
1101,40619608490,19350
1102,35801704632,96320
1103,163251837,40260
1104,50559388087,14490
1105,260579702,47130
1106,62611392606,20370
1107,239984672,46290
1108,1631738995,1000000
1109,13108767294,31280
1110,827490366,39790
1111,42368575263,162230
1112,6377380700,22300
1113,35149095400,22280
1114,33661785903,26790
1115,2421897353,65010
1116,19166847708,16480
1117,87303305259,14510
1118,22259829553,32180
1119,13851673776,19200
1120,2461647408,70640
1121,57844024529,21670
1122,214770472605,29720
1123,95262897188,143080
1124,19221989618,21850
1125,52059997494,30640
1126,52842272630,102600
1127,16666559748,22200
1128,1033610101,67650
1129,22051198415,10780
1130,1631738995,1000000
1131,51633815393,23030
1132,1654960890,67680
1133,3770611690,34550
1134,1416581140,73050
1135,110998318,40800
1136,2900116193,408920
1137,598331337,37500
1138,3650371312,51110
1139,51879156942,11970
1140,137351863620,115810
1141,119427252026,29260
1142,26178609731,15960
1143,3783970305,34760
1144,26416815952,21300
1145,28817645643,24850
1146,864353070,55510
1147,3141566439,67010
1148,1130576654,36230
1149,1811698590,49790
1150,1339249386,51780
1151,2069856229,81710
1152,14853559028,18560
1153,46416427689,22600
1154,3026041082,82840
1155,92603711266,27780
1156,248371193,41750
1157,508607459,38340
1158,11563633982,32220
1159,26290561592,28600
1160,35801704632,96320
1161,2597745150,61380
1162,1904107484,76350
1163,62100399730,30960
1164,67129058834,26010
1165,406883978,36800
1166,82370632,44340
1167,81098926703,11140
1168,3718582074,32190
1169,57890674959,136780
1170,1531506051,49380
1171,724963256,48950
1172,38470708918,13380
1173,37626867549,31050
1174,15230553707,33940
1175,142673848,41080
1176,15269062707,11500
1177,950152031,60100
1178,28997644156,211120
1179,542319986,39060
1180,65557366870,14890
1181,802217556,36420
1182,78132681,43520
1183,3144723534,54820
1184,1822309602,54870
1185,75569493452,24720
1186,54671655336,100620
1187,508607459,38340
1188,24235127208,27020
1189,147074571454,29880
1190,1931942548,58590
1191,219808637,45750
1192,2778193085,66390
1193,21201603300,14980
1194,383566665,39890
1195,19049030128,13960
1196,79245177194,28800
1197,3081040956,68820
1198,293126043,41430
1199,30285773481,191610
1200,262709266,44160
1201,48545904395,111090
1202,2390141024,51760
1203,5576024305,78020
1204,882778274,35160
1205,19023259316,123750
1206,54916054073,23630
1207,1406869737,84780
1208,1972248157,63630
1209,20728975020,28620
1210,1553880175,35150
1211,22426798037,21050
1212,319486385,44600
1213,71047505,46790
1214,981852683,65370
1215,1794301437,64000
1216,78785341694,27090
1217,3230817516,64710
1218,1147781431,54720
1219,138109706,44780
1220,82535701404,16120
1221,16496210356,23850
1222,35668694476,15120
1223,2547380790,35880
1224,8746143840,15800
1225,77418419883,18210
1226,17872142543,14300
1227,26713291883,25880
1228,75366736990,22660
1229,20751108190,23100
1230,71204208010,30410
1231,10136440557,30560
1232,321337963,43100
1233,724963256,48950
1234,1130099283,52250
1235,539714944,37680
1236,66980122242,21270
1237,12117734393,20290
1238,1920489781,32600
1239,1187554868,77360
1240,43865790894,19280
1241,13597838470,21400
1242,72487443487,150660
1243,190767518,44920
1244,817111941,51050
1245,27759015979,10200
1246,41294672559,24540
1247,43685827197,19450
1248,22825466302,31880
1249,408881710,44240
1250,39615916076,192280
1251,1395172573,54640
1252,1557682722,49290
1253,31889305836,19000
1254,1380363952,58190
1255,49381445260,23550
1256,1299219562,66180
1257,33577961195,19460
1258,54741634366,18810
1259,2207623832,69380
1260,326020670,40350
1261,22429456554,19700
1262,12133683896,238190
1263,29634990721,24500
1264,26434377401,18100
1265,945264980,56680
1266,526448295,38640
1267,16680645035,13750
1268,1630410371,80940
1269,13108767294,31280
1270,129727782415,14960
1271,2238311212,48580
1272,14216936880,18600
1273,41334335293,25600
1274,979693334,64750
1275,1641490488,36970
1276,14687326283,31540
1277,919500002,37980
1278,516857788,48100
1279,1062974218,92650
1280,82370632,44340
1281,1445526417,36860
1282,82219008898,25140
1283,7525980662,33060
1284,62234736374,15990
1285,64908345929,30220
1286,31181304332,130240
1287,1338365683,60520
1288,25553867219,28340
1289,1862459709,49570
1290,968830042,48420
1291,76552850656,14450
1292,850015741,41840
1293,27530071116,17550
1294,24263189038,13000
1295,47590817538,15700
1296,386703694,36200
1297,49275798206,21420
1298,35292697339,142700
1299,30860554806,10400
1300,1424645999,64020
1301,6393757637,61010
1302,73313667282,144320
1303,1635819422,50960
1304,25690367682,27230
1305,35235920,47200
1306,26440090607,204150
1307,10314530955,245940
1308,36032053100,21370
1309,148305854610,29560
1310,2577418570,69700
1311,1413353151,60170
1312,21631552444,26750
1313,33685836978,17420
1314,1806428178,478040
1315,37083274318,28440
1316,42484091798,27700
1317,25275200839,17350
1318,1115306739,35200
1319,238694377,45640
1320,2313591278,33800
1321,3341648879,67050
1322,77431310011,29980
1323,17054817503,229750
1324,18658263160,30460
1325,65776546483,168330
1326,246164863,39260
1327,137417871,46150
1328,47041105128,26910
1329,66980122242,21270
1330,16679862710,26290
1331,19845625125,16240
1332,2634609486,49100
1333,16729232021,24660
1334,75278523506,24070
1335,5207892040,10600
1336,26595548043,18830
1337,56618718920,27680
1338,43757809,46000
1339,14037398643,14500
1340,1363486076,74750
1341,41966739496,14030
1342,34301978873,23230
1343,55293907816,25350
1344,1419522640,51060
1345,1095472545,66590
1346,19771437940,28480
1347,578546494,37740
1348,80264554741,28460
1349,210892546,46890
1350,1080765144,35600
1351,2105853561,70040
1352,62541083876,25570
1353,159793980,46900
1354,66257876289,22270
1355,1586163709,86400
1356,1843103391,50260
1357,100296879552,97370
1358,671797868,36790
1359,1077100663,60220
1360,32610014329,22460
1361,1680360916,72030
1362,130896668335,13910
1363,81252704002,26370
1364,1735696134,70200
1365,827846679,58470
1366,67366587191,132310
1367,146415605,43460
1368,8265317495,32430
1369,45616050575,26400
1370,5044796302,68430
1371,1549716376,37440
1372,89527644853,106770
1373,1184696056,52040
1374,57107389399,27280
1375,58458830799,23260
1376,2786829476,75910
1377,23891581283,31060
1378,8903345832,18180
1379,394927874,38300
1380,981671806,49950
1381,567108774,54800
1382,15957156660,22510
1383,31980352960,19540
1384,23430054225,14950
1385,324490190,39230
1386,40962683772,20600
1387,88608614331,19910
1388,53537785008,15520
1389,9617972623,20540
1390,43685827197,19450
1391,12282619838,32030
1392,53378104941,20040
1393,44063861289,182910
1394,1386990083,83960
1395,4909566148,33050
1396,43865790894,19280
1397,30931706509,26560
1398,20081747151,224660
1399,108856857270,29910
1400,2151990477,66950
1401,2646489676,35910
1402,15824340416,31220
1403,22940211578,13700
1404,23891581283,31060
1405,108534341509,115060
1406,30931706509,26560
1407,1853020167,52150
1408,4093727172,34290
1409,54325580362,11300
1410,46364741189,20750
1411,1731891694,35520
1412,1043270488,76600
1413,42967339330,20970
1414,968103564,62150
1415,5073945079,32540
1416,333538343268,29530
1417,1869577159,44510
1418,35213785935,27800
1419,33786480230,11250
1420,2322716852,53260
1421,9108554624,31740
1422,49467664533,114090
1423,11702591275,20800
1424,876093111,36670
1425,78518605,42990
1426,292294986,40770
1427,906877153,52140
1428,66890473208,172660
1429,41294672559,24540
1430,26713291883,25880
1431,311408651,43340
1432,154145216880,112030
1433,48880466305,24210
1434,121418773943,23710
1435,2048490622,64240
1436,638332189,50560
1437,3222300429,35490
1438,31889305836,19000
1439,3158822792,85800
1440,7257186632,33990
1441,58834641795,20890
1442,417703744,35900
1443,3475875261,34010
1444,12175959216,13600
1445,32329734658,17380
1446,18258613188,10450
1447,329709884,39340
1448,51480690814,19920
1449,1174052995,80520
1450,3564921556,91780
1451,31718287740,20520
1452,1169292245,36180
1453,83272566880,29080
1454,7326877173,32850
1455,84622031903,22130
1456,1481886900,85140
1457,51924449833,18080
1458,1880573369,61820
1459,6825304777,31500
1460,61042638688,15020
1461,41385627040,19220
1462,1625827022,70950
1463,3830059816,94800
1464,1833815698,58900
1465,2857700066,61660
1466,147257744121,31530
1467,1311039891,71100
1468,33935243550,21570
1469,13074164597,16600
1470,2042591642,67600
1471,215237797,45580
1472,82830232717,136290
1473,84557250108,29940
1474,73566179023,113510
1475,4891778240,66580
1476,2015154337,85530
1477,65003998878,98500
1478,78074623714,16220
1479,3430396531,93150
1480,49979174891,106170
1481,5046831504,82290
1482,64110126164,16370
1483,2735730472,52220
1484,517616088,38900
1485,2957305427,59890
1486,1186908578,48110
1487,80413445370,18580
1488,65139576623,17430
1489,2640434214,71550
1490,82011306999,27030
1491,12282619838,32030
1492,62721023855,30210
1493,1187200925,48270
1494,1544493907,87100
1495,37291167699,22080
1496,26178609731,15960
1497,4854570977,31700
1498,34327482638,11420
1499,15256087012,10300
1500,28113089979,19110
1501,33128794370,29190
1502,2837264064,49530
1503,45616050575,26400
1504,17358837590,27480
1505,456084401,42190
1506,33439660761,99700
1507,12660304592,14100
1508,94549938492,142690
1509,36627299455,15640
1510,35681395866,25400
1511,28050110115,209190
1512,52816588168,12860
1513,100287281557,109970
1514,8027386235,31480
1515,25320306351,22860
1516,2060764608,34910
1517,1826187787,94500
1518,82449080208,134820
1519,21509159440,21000
1520,37045766564,25640
1521,1924310801,67420
1522,29092281328,20450
1523,1862640781,51450
1524,1878170342,35870
1525,2329006145,53130
1526,946465514,64320
1527,1226277430,55800
1528,1245807843,81840
1529,2072844053,50060
1530,3187933448,85730
1531,21779733392,16710
1532,1328174283,49760
1533,3931483707,62580
1534,18102980032,14800
1535,4454281956,69100
1536,32830187687,27900
1537,1064289268,61180
1538,3642411507,35640
1539,616787097,74290
1540,1454275898,56890
1541,1151738606,54950
1542,83317374643,96750
1543,7326877173,32850
1544,33854502558,23450
1545,44991425420,110800
1546,13977867678,24400
1547,1501091526,81670
1548,62817858468,27250
1549,74887879477,24950
1550,1168547802,88050
1551,163251837,40260
1552,1555818632,48540
1553,26929532640,16960
1554,1631738995,1000000
1555,80753401438,101710
1556,1531506051,49380
1557,39566793244,95940
1558,1775157069,77640
1559,110679624993,104820
1560,36911250830,20940
1561,17872142543,14300
1562,27040456284,12380
1563,1453916606,85460
1564,48390986282,105260
1565,260318545,43850
1566,13327051013,12800
1567,342042513,66890
1568,36200005581,28240
1569,17541911860,240650
1570,158322992743,98820
1571,1457784904,47560
1572,449962127,42950
1573,8410988706,296000
1574,161069872,43400
1575,17483253829,26420
1576,14219690356,15630
1577,28239210726,26100
1578,91457857828,109340
1579,1115607070,69740
1580,1038777209,64140
1581,44739121196,18240
1582,1746992915,81630
1583,136237660,45940
1584,55851652410,27720
1585,21332525229,18200
1586,182904087,45980
1587,3861863498,36110
1588,525473630,43040
1589,1198898535,36990
1590,2203404480,90250
1591,824946011,53800
1592,136237660,45940
1593,10262011629,272400
1594,10688901513,31100
1595,1345768938,63900
1596,1437212909,64730
1597,50787716016,28220
1598,1075808125,58290
1599,2077234290,66730
1600,1402649290,60360
1601,95179838312,99040
1602,61278958959,28110
1603,5207892040,10600
1604,637003518,56340
1605,5076772438,277730
1606,207230984,39180
1607,2174299884,36260
1608,6536029761,12400
1609,12319637699,261060
1610,15096223682,26090
1611,1579710503,60940
1612,6758280251,33370
1613,1730942078,56090
1614,151403046,42880
1615,2531654380,59810
1616,62611392606,20370
1617,42568519534,26190
1618,21770253570,14160
1619,2052467490,62100
1620,76555873757,21210
1621,1395172573,54640
1622,22851451315,30700
1623,1366734943,68200
1624,19166847708,16480
1625,4801158432,78190
1626,1771178308,34530
1627,802217556,36420
1628,23573752577,20830
1629,1456335692,49980
1630,28839812218,22110
1631,91431856244,16270
1632,38215353071,19240
1633,131493936,40240
1634,938260626,78880
1635,227434353,45180
1636,26381824151,30230
1637,8529683555,260470
1638,3811513343,34930
1639,59651360264,30360
1640,832985005,54370
1641,560550319,35750
1642,19068532632,12940
1643,590154290,36500
1644,56013076995,16820
1645,3618961773,77430
1646,139370139636,111560
1647,8980836246,32990
1648,20753605114,20720
1649,1869571294,84330
1650,55835736306,107440
1651,865025241,64860
1652,61794661422,15550
1653,641033554,35280
1654,540955788,39750
1655,16128464735,16150
1656,163744988,46660
1657,30661738016,19650
1658,484409014,39860
1659,22574448053,28520
1660,49275798206,21420
1661,5393604399,32110
1662,53363661195,179400
1663,44461683118,10240
1664,26448352210,226900
1665,146657492754,12310
1666,1463088335,73360
1667,230526994,46070
1668,2192809826,33420
1669,148060923060,28760
1670,204164666855,29490
1671,1696626854,59210
1672,341242262,44580
1673,31646471750,23350
1674,21343667691,12880
1675,106238789837,124550
1676,582916951,41440
1677,4775106304,33400
1678,121904932327,112800
1679,18157672735,22620
1680,20214540506,24190
1681,1657963657,74860
1682,1863940880,60970
1683,46549464576,14860
1684,1343438423,62210
1685,1386870995,55080
1686,5207892040,10600
1687,39957048884,18650
1688,14488576352,30970
1689,13597838470,21400
1690,4491586655,87950
1691,567108774,54800
1692,284665383,43840
1693,803787580,47960
1694,1811559032,68040
1695,441296639,38190
1696,3011330685,34920
1697,3586151364,38060
1698,119501798788,127480
1699,1158563011,62940
1700,13919829845,230550
1701,26794617770,13400
1702,553654429,39350
1703,1562155096,35290
1704,8540532486,32360
1705,962307346,55520
1706,1305713598,57840
1707,16310027550,25050
1708,1180278952,70370
1709,663833715,79420
1710,6556033842,48760
1711,277871032,45280
1712,49049046607,17120
1713,1681797517,71250
1714,1234061710,55040
1715,1377089934,51900
1716,4775106304,33400
1717,178630630,42330
1718,3570294249,86850
1719,3011330685,34920
1720,43685827197,19450
1721,137712471785,30140
1722,20209723738,17710
1723,1984650853,49540
1724,1261089054,54600
1725,79748411645,28320
1726,6536029761,12400
1727,1202677173,66400
1728,92682527037,125530
1729,1265260946,33680
1730,1806138075,92240
1731,632345504,39600
1732,16425153791,30350
1733,907034587,50680
1734,1753958639,68700
1735,2229925700,55440
1736,6799409598,32210
1737,873411038,58800
1738,1997738558,50750
1739,796762246,70110
1740,11322932870,14040
1741,1935143661,81430
1742,3408060932,82990
1743,72798001655,16130
1744,87303305259,14510
1745,143801727045,30070
1746,142673848,41080
1747,122967196458,131950
1748,17760313786,23320
1749,919500002,37980
1750,214770472605,29720
1751,120753681397,29570
1752,779268274,39150
1753,2707351130,405090
1754,218254140,41040
1755,117500366502,22710
1756,29632216199,25470
1757,735503252,37380
1758,86998436238,99500
1759,131152378,45380
1760,39368373109,23720
1761,152267874,42000
1762,3009634323,35350
1763,917382401,56740
1764,20798791919,15850
1765,89385219386,30510
1766,22429456554,19700
1767,1077070965,59070
1768,20113483905,31210
1769,5130609805,30750
1770,22859046034,23810
1771,328193623,42820
1772,46364741189,20750
1773,174546255,38420
1774,48422643274,26180
1775,1631738995,1000000
1776,482665730,42140
1777,2143746421,67320
1778,34346403621,22250
1779,1003974561,40130
1780,31288720708,155110
1781,39059444512,25850
1782,3448218036,75110
1783,22574448053,28520
1784,74887879477,24950
1785,103496654,45240
1786,464261240,39510
1787,16911672567,26580
1788,42540642533,194360
1789,1533853467,38250
1790,25259689223,24780
1791,2639400344,57990
1792,192825352,43720
1793,72635817688,21020
1794,14490409743,25480
1795,1449605088,33650
1796,2804073465,34880
1797,2654796121,65070
1798,3158112200,71930
1799,5506837978,33000
1800,84844484259,26380
1801,45094008639,140020
1802,1523689451,54560
1803,9664394162,265140
1804,81947908112,18540
1805,65139576623,17430
1806,1940175008,68450
1807,1295198668,64080
1808,78098305070,163170
1809,18741652662,21500
1810,102946622550,125900
1811,1565338415,35450
1812,1107349382,58330
1813,1633878280,64590
1814,97563933307,28350
1815,16471274664,16700
1816,316546887,40660
1817,13705718578,18370
1818,16679862710,26290
1819,30195269319,25280
1820,62661577101,21940
1821,51393903441,19510
1822,71377435820,100220
1823,605910573,54900
1824,2313591278,33800
1825,55065325562,23540
1826,35668694476,15120
1827,236124064,45330
1828,1615365488,69040
1829,2152646533,48320
1830,56317390445,170120
1831,1425500343,38390
1832,1796057139,81400
1833,40310472754,23930
1834,557786206,41410
1835,36485850456,12160
1836,15075237399,20500
1837,711674046,53850
1838,3611673848,74960
1839,58834641795,20890
1840,2481492009,72300
1841,89583277503,154070
1842,32830187687,27900
1843,73918584107,107250
1844,3443698218,80190
1845,159305819013,101320
1846,350974113,44650
1847,1581120741,53020
1848,21256246165,21800
1849,1751392570,91020
1850,38240921045,26550
1851,660495848,59160
1852,107854780949,104110
1853,1631738995,1000000
1854,287272676,42270
1855,38678525659,152480
1856,962307346,55520
1857,254593710,46600
1858,304732152,44640
1859,66335429928,23760
1860,198014651,46650
1861,2998373815,34030
1862,1494288775,58790
1863,19578529441,30450
1864,82035732289,137760
1865,8296866576,21900
1866,19889035527,21700
1867,4670988656,82250
1868,2351342404,49430
1869,139617841389,110250
1870,12741993283,30860
1871,9966939481,21600
1872,300688973,47420
1873,1472510525,82740
1874,118482286804,125750
1875,28089660686,15900
1876,9917822452,32280
1877,11944582782,13150
1878,44499102028,167000
1879,1415510048,60150
1880,1468866210,77120
1881,104040411044,15410
1882,1654533033,54690
1883,384747464,42700
1884,2559762195,52190
1885,2212886495,91410
1886,76526905203,133660
1887,117797378877,107370
1888,106028725,47240
1889,87386274761,109380
1890,13612873729,22850
1891,3446903869,89430
1892,623436439,91560
1893,1793471083,77080
1894,72189263017,15720
1895,450993184,40290
1896,2084742394,84500
1897,154784062177,99900
1898,27285891240,22640
1899,219542893,38910
1900,9666645468,20920
1901,1320520129,38520
1902,93213766,42900
1903,1206555222,51980
1904,142743976255,10560
1905,24388907569,27950
1906,50308283526,136100
1907,18102980032,14800
1908,16253970402,30760
1909,256501072,46260
1910,20927200744,15450
1911,54801139311,30420
1912,324490190,39230
1913,53443551626,23660
1914,19720899101,16660
1915,6551414378,290510
1916,1226277430,55800
1917,68658147408,162790
1918,1795306695,55020
1919,22930910141,20960
1920,254593710,46600
1921,1027484393,49120
1922,3009634323,35350
1923,24942410999,13550
1924,954684584,47900
1925,83985160666,21060
1926,26025000339,26760
1927,37656571114,25030
1928,263361828,39290
1929,91655320301,109460
1930,602975433,76640
1931,60327809007,28650
1932,29880351046,27520
1933,1741720458,51530
1934,15415977530,15000
1935,65891255046,105960
1936,55997509348,28140
1937,33103548418,30030
1938,57844024529,21670
1939,1130576654,36230
1940,938523040,40030
1941,13597838470,21400
1942,91821079897,115080
1943,2264584686,58820
1944,14253139298,23980
1945,1635103902,76480
1946,876093111,36670
1947,1168145265,50870
1948,4043874480,62980
1949,40774808139,140200
1950,5130609805,30750
1951,49381445260,23550
1952,53228220556,22920
1953,398098440,42360
1954,95159958857,12660
1955,15269062707,11500
1956,75470879077,16340
1957,38465057091,32080
1958,21072535899,32290
1959,1549378962,62720
1960,213804296,40060
1961,1752444812,70530
1962,68542529613,22630
1963,68798509268,18440
1964,74972262,44400
1965,164095967719,11460
1966,29278399330,17320
1967,65032247718,96500
1968,159528715388,23580
1969,144432893889,28360
1970,981852683,65370
1971,2418348882,54100
1972,29933131070,24860
1973,332591425,40480
1974,1563706894,55560
1975,1860397770,85350
1976,224188854,43580
1977,2599166610,70920
1978,62541083876,25570
1979,16656548476,17500
1980,417573801,41860
1981,417703744,35900
1982,1259509624,65270
1983,37345174129,19470
1984,1601336481,68250
1985,23035858811,22050
1986,89779729227,27330
1987,77863713959,25660
1988,16856330150,15500
1989,4907674100,67730
1990,45094008639,140020
1991,863237983,59400
1992,2441550991,36170
1993,19015833190,20900
1994,552835291,40450
1995,634159836,38960
1996,1243812753,42030
1997,87410203984,27050
1998,144682939,44040
1999,2066243096,55530
2000,930526162,58340
2001,25220216931,26530
2002,1694119847,66250
2003,141420827156,17010
2004,88419014447,132730
2005,3718582074,32190
2006,1334315954,85050
2007,4789211782,79670
2008,41385627040,19220
2009,224379405209,29390
2010,11214989092,22980
2011,1519867384,79340
2012,192894571,47540
2013,84767214321,29920
2014,38046327726,25130
2015,1906527219,82520
2016,1041207695,34900
2017,1787174977,37070
2018,1062035948,39780
2019,22119190765,105300
2020,81961729608,104180
2021,21588729272,30600
2022,4358424620,62730
2023,80304750348,10850
2024,1731891694,35520
2025,73847159816,21510
2026,73787733197,20530
2027,3115641629,90630
2028,18258613188,10450
2029,951656589,57860
2030,1208372127,49310
2031,70910051151,24180
2032,38199392376,11860
2033,975246955,55210
2034,13597838470,21400
2035,16696015260,30900
2036,2881351931,32500
2037,926886691,53620
2038,64912555569,21090
2039,27936444603,18890
2040,750345998,54270
2041,32497885421,14680
2042,1475944349,83940
2043,42993873724,25540
2044,24362149542,24150
2045,967689915,34700
2046,1434711010,52740
2047,1696076062,56100
2048,369908415,39250
2049,1034063462,76800
2050,2362501811,34960
2051,1178532743,63970
2052,13074074288,19580
2053,278418155,43790
2054,1643117127,67720
2055,2240051451,65260
2056,97920547902,111290
2057,1508173234,73540
2058,53243592681,128450
2059,1135494895,82860
2060,107546534044,135990
2061,879914943,37170
2062,53172929564,22820
2063,2289228749,49470
2064,3675680351,32950
2065,16471274664,16700
2066,4586000438,32570
2067,50007182263,23310
2068,19820949925,25090
2069,52952058521,14640
2070,193536863722,29230
2071,1525754123,70610
2072,9919888708,27740
2073,4074282453,87190
2074,11214989092,22980
2075,226635679,40970
2076,354842260,41130
2077,4954832772,74260
2078,271300194,43030
2079,1276268453,88640
2080,266220337,41470
2081,45727471220,191520
2082,7046656712,55940
2083,2568939933,50950
2084,27417622009,223090
2085,31811918878,206280
2086,1649894817,57320
2087,2681477778,76700
2088,36291091355,20440
2089,32322932677,212200
2090,4787274449,64350
2091,1631738995,1000000
2092,2087601538,85120
2093,951656589,57860
2094,1365307753,60820
2095,1990829204,50520
2096,27417826976,30830
2097,848831306,87130
2098,906584031,58920
2099,78113245075,115760
2100,110998318,40800
2101,23945119864,19740
2102,1002173127,51640
2103,35149095400,22280
2104,44666807001,15580
2105,8967539344,32150
2106,1037414594,36600
2107,1022909091,49300
2108,14575236336,11050
2109,1597101722,49060
2110,15241819764,13200
2111,10753109148,22060
2112,17421661930,21930
2113,2998373815,34030
2114,13380422730,23400
2115,1120085119,37190
2116,5073945079,32540
2117,16656548476,17500
2118,32025620892,24200
2119,83842384078,24040
2120,54801139311,30420
2121,49049299801,145220
2122,121622319344,25810
2123,17317560587,19180
2124,1339911081,87300
2125,68788084373,24940
2126,11740205694,25700
2127,126699706470,115720
2128,58736990766,13330
2129,1333987616,37430
2130,1990401833,76420
2131,59727396766,22140
2132,33134217629,26630
2133,424654004,39850
2134,8746143840,15800
2135,1305006384,49900
2136,41213701,42920
2137,1217708896,38830
2138,1704198586,52580
2139,23959612898,18750
2140,7617966784,301950
2141,68371340997,130580
2142,179081664,41780
2143,48516137369,23060
2144,2587529018,69110
2145,54560372121,21280
2146,1730942078,56090
2147,2040521120,33550
2148,15075237399,20500
2149,1668560771,572160
2150,1833648437,35420
2151,158218983,40420
2152,583181080,38200
2153,17692850331,15940
2154,1232882764,55840
2155,1027484393,49120
2156,7171896670,18400
2157,36134329859,13110
2158,1062519998,70820
2159,3926293939,76850
2160,37809039347,17750
2161,16649303622,20170
2162,2830195362,82720
2163,80432649,40080
2164,4926413031,75370
2165,1065436287,68270
2166,999240298,84180
2167,19621303841,19800
2168,24371933729,22950
2169,597941274,39170
2170,1843103391,50260
2171,268295937,39660
2172,22741097466,12680
2173,21509159440,21000
2174,94583447102,149080
2175,4966059338,14200
2176,30931706509,26560
2177,45276330903,16450
2178,10777764971,11400
2179,100596830161,29700
2180,2155454462,70260
2181,3564967825,32450
2182,254226091528,29580
2183,32881649327,16860
2184,3471029563,90380
2185,109351672944,144260
2186,5921037305,10000
2187,1725879853,49850
2188,4860027636,73430
2189,3628505020,71790
2190,1168145265,50870
2191,737748846,46170
2192,1048774713,61370
2193,2543171256,49750
2194,3561118262,56870
2195,968103564,62150
2196,918065630,57390
2197,18911838573,28280
2198,1021456583,54790
2199,98615414598,97390
2200,39005083666,23120
2201,56191503927,24740
2202,60991101392,13310
2203,719307266,39100
2204,8592713409,16550
2205,9451390383,31690
2206,85785499489,17670
2207,35618083107,15260
2208,155705038,44170
2209,323376822,45850
2210,210259093,41340
2211,881265849,36930
2212,15635220941,25060
2213,73319737601,140610
2214,77580114255,145590
2215,64400332290,132780
2216,8085474109,11000
2217,26597638451,11980
2218,2665232783,85510
2219,189040615,44310
2220,711674046,53850
2221,2001257133,35070
2222,3782730170,34490
2223,4854570977,31700
2224,3597438454,94650
2225,46578377715,30650
2226,37809039347,17750
2227,74240862370,24280
2228,107073859638,16590
2229,27485259660,29160
2230,65390376476,15420
2231,902258069,65300
2232,210852314,42290
2233,1665837218,36020
2234,3524343258,94000
2235,20763867777,19750
2236,45276330903,16450
2237,89888939602,151310
2238,1656789849,72780
2239,86027768469,20380
2240,832985005,54370
2241,39577525050,19780
2242,1787396249,69820
2243,62932571145,10500
2244,1923799216,48090
2245,985071251,52660
2246,45552700653,14080
2247,4852585465,339600
2248,55241510149,29100
2249,46609776660,13720
2250,16671615759,17000
2251,37547961631,16900
2252,2101831373,72520
2253,266131796,44670
2254,64570007221,15810
2255,981297216,53440
2256,13074164597,16600
2257,15716367775,26470
2258,1172851318,93320
2259,83219449699,16740
2260,2140487059,62540
2261,16920717376,22800
2262,33535152814,30330
2263,52637350369,186220
2264,59323822897,96020
2265,55385876270,158250
2266,152300602,39380
2267,1838541727,75980
2268,79245177194,28800
2269,83528814,41820
2270,64524672007,108300
2271,2164373349,73580
2272,5045133994,91490
2273,58434571859,158970
2274,796762246,70110
2275,65800996925,20650
2276,986459807,57160
2277,302270237,41920
2278,422345095,39590
2279,1388744617,80240
2280,2025585873,48210
2281,1528938191,79370
2282,1107259558,69450
2283,223499994,39000
2284,102049838113,20030
2285,28239210726,26100
2286,16856330150,15500
2287,1353997225,92000
2288,1609858635,37620
2289,1489893802,52390
2290,36227790955,19310
2291,2650769718,34950
2292,32696858199,12020
2293,91555941914,27860
2294,32610014329,22460
2295,80892928138,112580
2296,82590527677,16940
2297,1784331003,66430
2298,726757896,50400
2299,129842538046,107390
2300,1584791361,37050
2301,3097598273,34650
2302,5868818970,57530
2303,166222954791,98090
2304,309260537,41100
2305,6546652745,34320
2306,46456245822,26780
2307,5800270557,57510
2308,4142245630,32460
2309,913681874,55630
2310,1075808125,58290
2311,1901074217,597050
2312,121893763925,111590
2313,2040521120,33550
2314,1280673861,93440
2315,22574448053,28520
2316,36118879660,26140
2317,1562155096,35290
2318,1396185575,85580
2319,29092281328,20450
2320,135553040912,113500
2321,1738094346,34440
2322,1100532596,37480
2323,378468355,38080
2324,209063261,46420
2325,48106561534,17680
2326,1631738995,1000000
2327,5325066880,35510
2328,33685836978,17420
2329,4482595422,64530
2330,2130460804,66070
2331,27946580149,18090
2332,15885102275,21750
2333,52838154,46520
2334,11612366711,22590
2335,13327051013,12800
2336,214510322,38400
2337,1036412218,62140
2338,46356008569,18980
2339,25132530789,22360
2340,3969728012,70250
2341,1206240510,41980
2342,6847361817,24080
2343,52029375826,28290
2344,730109728,38320
2345,1137454757,56640
2346,295129914,41400
2347,41294672559,24540
2348,94782662331,26680
2349,15706772192,17250
2350,417703744,35900
2351,39937412905,22960
2352,8737122469,289160
2353,15713574477,24100
2354,2110117764,61970
2355,11846576564,12700
2356,27040456284,12380
2357,51755226246,21920
2358,38025505020,18060
2359,70725378684,19010
2360,5477552405,33610
2361,148681134164,23970
2362,2475786399,71490
2363,45942275295,13950
2364,2989536864,85980
2365,23136038329,13440
2366,28239510390,25450
2367,1511150460,89300
2368,36345144089,13520
2369,14755481980,26440
2370,1048774713,61370
2371,936487306,70420
2372,16587975028,18940
2373,169419730757,107660
2374,55149230283,163900
2375,11559053251,24340
2376,67764958701,16580
2377,2986036708,58640
2378,791065333,51340
2379,70265153487,145360
2380,1479542950,68640
2381,25132530789,22360
2382,973751862,75080
2383,1511961303,48200
2384,110979341,42060
2385,65509051809,19760
2386,2956533340,48300
2387,1047788409,37210
2388,4595508780,36650
2389,16471274664,16700
2390,1432567795,49400
2391,33555873981,12200
2392,17141299216,31300
2393,33555873981,12200
2394,9283190804,33130
2395,7623443849,18500
2396,1329047021,55130
2397,169631376,41300
2398,1303247585,73660
2399,723556486,36580
2400,68426394282,14120
2401,1655272260,35850
2402,22426798037,21050
2403,225970779,47730
2404,1921707513,35080
2405,156050320414,112060
2406,28286652085,17040
2407,54017203707,18450
2408,251591762,45820
2409,373789449,37940
2410,26178609731,15960
2411,12175959216,13600
2412,45964606960,30090
2413,1498263287,55280
2414,45440822326,30180
2415,69208084095,26330
2416,215915717,47170
2417,83050507889,161550
2418,67446787957,11170
2419,10289649799,31040
2420,73847159816,21510
2421,3309516388,54980
2422,42887155566,122040
2423,1187339709,803210
2424,74852945202,22240
2425,8037842913,21950
2426,2557427042,32480
2427,8597498625,15300
2428,87711931496,17780
2429,26434377401,18100
2430,175801884750,99580
2431,455852946,39080
2432,97697249580,23690
2433,16671615759,17000
2434,56530436782,22390
2435,1077070965,59070
2436,946465514,64320
2437,118126435968,126600
2438,243237729313,29970
2439,948927614,37060
2440,1475944349,83940
2441,469674353,41570
2442,8485134341,291880
2443,60331861771,97310
2444,261865260,42460
2445,79849030588,27970
2446,56890745277,19530
2447,33098405336,113140
2448,4854570977,31700
2449,27762926584,25500
2450,1036129032,85900
2451,577366034,39390
2452,689272560,73300
2453,33973621953,20850
2454,16666559748,22200
2455,474762503,46330
2456,2772866169,52990
2457,52254634753,30390
2458,1432319661,52260
2459,26852757475,15650
2460,16666559748,22200
2461,405438678,38750
2462,796762246,70110
2463,15139950852,12000
2464,122553554677,108700
2465,37626867549,31050
2466,1649706190,562760
2467,39149199429,14900
2468,16045577416,16000
2469,1592296421,67850
2470,345934961,41190
2471,422393734,47520
2472,13380422730,23400
2473,2605636462,49940
2474,19115025399,31130
2475,44802303961,17970
2476,1934517738,69810
2477,1441943169,65140
2478,105913783045,131690
2479,310929357,37250
2480,8085474109,11000
2481,786879774,37690
2482,95997735031,28310
2483,20043163240,13800
2484,55488647090,17260
2485,14913710173,32310
2486,31634145708,23080
2487,18781364593,22500
2488,28299948879,30890
2489,3291429272,84460
2490,3042952161,94220
2491,1147770854,68330
2492,26178609731,15960
2493,5497574956,31420
2494,10545485697,32040
2495,1602365715,35770
2496,330837736,42520
2497,2323428132,51020
2498,1102595755,49140
2499,14488576352,30970
2500,1464000125,38570
2501,1705741659,467280
2502,26614884467,16800
2503,29689911268,206050
2504,106009260,46700
2505,1423263231,469420
2506,168027193882,100010
2507,2192809826,33420
2508,100275085420,28490
2509,48422643274,26180
2510,633324334,40680
2511,1197626263,60480
2512,120912846039,109180
2513,811298469,35980
2514,17284911426,22990
2515,739327261,74950
2516,1328646718,74380
2517,5393604399,32110
2518,42486529686,26920
2519,899253829,76790
2520,2794338947,71480
2521,36489171794,25010
2522,1489893802,52390
2523,328483496378,14610
2524,3445143039,34100
2525,2560600017,87050
2526,58301785691,21140
2527,432858644,37750
2528,1080765144,35600
2529,55814701855,98270
2530,31107276306,26860
2531,1208762652,61120
2532,49031173362,27310
2533,1485664932,78970
2534,17500395948,24800
2535,40172087827,145980
2536,3564967825,32450
2537,156076662525,29070
2538,97431212785,21610
2539,1869282388,38620
2540,2731734984,363660
2541,152756057,46300
2542,2136543206,453120
2543,239227393,43550
2544,61563420094,101500
2545,457440846,40110
2546,33555873981,12200
2547,7779063300,38130
2548,147600350283,105520
2549,162862396807,29690
2550,1356208616,55610
2551,61932678891,169930
2552,22633287384,31190
2553,69055332351,166830
2554,40827474293,157800
2555,3559776721,48830
2556,13378711542,12600
2557,126922650107,19710
2558,67354936590,21530
2559,57050127055,16050
2560,304963033,45310
2561,130896668335,13910
2562,147720762402,29150
2563,82219008898,25140
2564,1831242028,52060
2565,1667406478,81220
2566,138963756,39500
2567,260318545,43850
2568,4094840129,85990
2569,1093004842,35480
2570,24362149542,24150
2571,2314735849,58230
2572,8592713409,16550
2573,14687326283,31540
2574,15750815092,18660
2575,65800996925,20650
2576,13749746627,18260
2577,118546641724,23830
2578,3445143039,34100
2579,1818227392,33820
2580,37464328803,10880
2581,7995334803,266310
2582,1621558385,67900
2583,24628664082,17600
2584,464261240,39510
2585,57538257616,25230
2586,905649754,66050
2587,79866921323,16780
2588,1967702740,71180
2589,13378711542,12600
2590,1631738995,1000000
2591,3973697135,67940
2592,4778150240,72280
2593,689272560,73300
2594,1286121304,52240
2595,3391174760,35220
2596,23846915917,231990
2597,1495785017,49580
2598,14575236336,11050
2599,8980836246,32990
2600,40838574989,28040
2601,16471274664,16700
2602,2111677405,52030
2603,1109346495,51350
2604,330507919,43820
2605,254155153,47360
2606,2617938791,35180
2607,5623162099,62860
2608,2054049516,85420
2609,636228959,45550
2610,881919199,57040
2611,73584995345,15340
2612,24622745401,31920
2613,2654886503,57560
2614,28303784697,16720
2615,55488647090,17260
2616,1206555222,51980
2617,2060127445,34670
2618,1631738995,1000000
2619,4267105294,65780
2620,108542501864,109470
2621,39957048884,18650
2622,41762742490,21620
2623,1147781431,54720
2624,152267874,42000
2625,1370448113,62850
2626,70792753726,148670
2627,21621514595,21450
2628,119857806,43640
2629,46221251118,31120
2630,94194144581,14340
2631,816577081,77500
2632,26595548043,18830
2633,978648171,36310
2634,30152653742,14940
2635,6633188074,32510
2636,1093004842,35480
2637,38722239880,25800
2638,23035858811,22050
2639,230291343,41490
2640,18805865169,231580
2641,16621932651,17300
2642,346671016,42160
2643,3889949387,66680
2644,1025832586,51430
2645,15269062707,11500
2646,48233420339,25240
2647,407722534,40120
2648,1271956468,59550
2649,2681825384,79350
2650,1210094349,38980
2651,155890501452,110260
2652,2211331819,87360
2653,68916216496,19630
2654,1386947012,92860
2655,2181904904,79560
2656,49375053451,24600
2657,374557932,41540
2658,47056029082,20580
2659,2518827562,65060
2660,71885048,43750
2661,24864741471,197720
2662,2560933314,51660
2663,2166082387,57720
2664,71204208010,30410
2665,2075307902,83710
2666,2162008504,92320
2667,227726680,39710
2668,1665572164,79240
2669,37477224156,17090
2670,4832008528,32960
2671,19765776310,24060
2672,148522245,45860
2673,2488979068,65170
2674,76021944834,99660
2675,2591728116,56830
2676,71416975581,22780
2677,58834641795,20890
2678,9464623711,32390
2679,82925456600,24560
2680,18045084374,30440
2681,120753681397,29570
2682,36291091355,20440
2683,2174299884,36260
2684,28028044957,15980
2685,33854502558,23450
2686,1917372941,41710
2687,17699354512,15050
2688,1115607070,69740
2689,61011096116,106530
2690,2810375642,62750
2691,2231101534,76460
2692,23530631499,26320
2693,30859014812,23560
2694,82935841544,115370
2695,3391174760,35220
2696,14073065206,23250
2697,70127497696,106050
2698,1344904168,50100
2699,153467040,41180
2700,13916182040,247160
2701,68389065,42650
2702,2554714068,34270
2703,1072709312,33100
2704,1702580728,81280
2705,419210962,42490
2706,261344160,46980
2707,41353196028,12140
2708,768322602,37090
2709,47590817538,15700
2710,1169033083,37870
2711,20927200744,15450
2712,103388181430,13570
2713,2779059179,35700
2714,299431873,44770
2715,1635594095,72990
2716,361781947,45260
2717,613705540,39700
2718,888738418,59480
2719,83243143,45190
2720,1093607619,61640
2721,37824081128,27060
2722,5019872558,94340
2723,1159991754,36900
2724,334552513,37790
2725,45159626041,17050
2726,17692850331,15940
2727,2191721763,48310
2728,8005651455,31150
2729,75278523506,24070
2730,1593758003,35630
2731,56934598928,20020
2732,46221251118,31120
2733,90928911624,105920
2734,817050770,47880
2735,64153904362,20220
2736,32974521076,10950
2737,14854935840,26000
2738,1062388240,77880
2739,22429456554,19700
2740,2837788265,389450
2741,75174067534,104360
2742,29278399330,17320
2743,1315134039,50310
2744,33273745027,28690
2745,179942021,37600
2746,173641575386,99670
2747,2584147920,59360
2748,332591425,40480
2749,2051865364,49520
2750,41310928181,12990
2751,2210625021,51130
2752,3258288381,61280
2753,954122070,71000
2754,187397207463,29370
2755,1234554645,73870
2756,331373844263,29590
2757,1712315811,82040
2758,143604743239,29540
2759,37768543418,27850
2760,4713110983,87090
2761,128101617929,113810
2762,11171899613,24450
2763,513236362,37300
2764,367477754,43770
2765,59593844653,24620
2766,792155054,57700
2767,93960332121,21110
2768,15978951658,28580
2769,258788012,42240
2770,91055752770,101240
2771,18781364593,22500
2772,271472030,47680
2773,32370922918,26280
2774,75614522111,131300
2775,1204922452,50650
2776,53300729576,23590
2777,1620287138,73560
2778,1581208047,51480
2779,18646345859,20000
2780,810145112,67080
2781,8265317495,32430
2782,17913562656,22840
2783,757845961,41220
2784,992037637,80690
2785,282204831,40910
2786,45276330903,16450
2787,15716367775,26470
2788,21343667691,12880
2789,33442445352,211100
2790,367477754,43770
2791,117812406374,115860
2792,1425402861,40930
2793,26983698392,30790
2794,25260575034,24170
2795,432346859,40250
2796,63247325082,25950
2797,63975877,45460
2798,1499579667,48860
2799,24280202958,17950
2800,13813563496,32060
2801,55474904428,12850
2802,19533110212,19500
2803,78950420165,26940
2804,46324177338,152860
2805,20334120816,19250
2806,132797188,42250
2807,455173169,40920
2808,354842260,41130
2809,11659229337,30730
2810,13597838470,21400
2811,74069564978,31270
2812,116036772,44830
2813,17317254802,14850
2814,121936391424,95760
2815,1582953761,50580
2816,57999526525,144880
2817,208808126,45020
2818,8005651455,31150
2819,1433115079,48790
2820,1631738995,1000000
2821,5701908238,67140
2822,1204335177,68740
2823,953393809,35120
2824,3262702814,34420
2825,50805719022,13180
2826,597162106,46910
2827,1235335355,83150
2828,35668694476,15120
2829,41966739496,14030
2830,84917555809,137540
2831,19533110212,19500
2832,98110753607,139630
2833,997782266,34020
2834,22426798037,21050
2835,552578811,54300
2836,162862396807,29690
2837,1905843915,75800
2838,868116865,55960
2839,31473491054,24700
2840,79747364500,150410
2841,590154290,36500
2842,28694947024,27200
2843,415863156537,29610
2844,2827474790,36740
2845,29505504515,21260
2846,32404396310,179850
2847,2319893286,49170
2848,26441271661,26250
2849,23891581283,31060
2850,31343462603,30850
2851,41196050480,18460
2852,743266878,36760
2853,72275575737,18690
2854,39915727804,10040
2855,171376051,44500
2856,68389065,42650
2857,90818759234,16490
2858,84226452392,23770
2859,52607696761,23040
2860,1315134039,50310
2861,333246718,44490
2862,417703744,35900
2863,18741652662,21500
2864,19452232416,23220
2865,567022855,38500
2866,2881351931,32500
2867,1309916981,71540
2868,762914645,55660
2869,2007983581,92050
2870,52386653634,29120
2871,528805755,43980
2872,1430080786,50250
2873,1140785990,35560
2874,729566850,34400
2875,41851576292,15400
2876,701293897,42640
2877,67286927365,154550
2878,44666807001,15580
2879,4308477092,89290
2880,36291091355,20440
2881,55967057116,14920
2882,1144048438,48250
2883,16250883444,22340
2884,3293598929,84400
2885,64189111235,11490
2886,7163533745,33380
2887,59905225582,23170
2888,461028209,40900
2889,57925406744,15220
2890,1855628191,67020
2891,84259873080,15820
2892,39604028268,18020
2893,4610082264,71940
2894,48326487621,18120
2895,292555488,40700
2896,33808150331,25680
2897,1094648866,36850
2898,74039957188,153690
2899,46151090360,13250
2900,49489469370,16440
2901,51132409411,14540
2902,1065675279,68470
2903,4813000633,48120
2904,1755254181,49350
2905,51797899580,102660
2906,64387235118,22490
2907,2134860152,36360
2908,37291167699,22080
2909,1436697048,58810
2910,54653907275,13480
2911,128886428123,14270
2912,552578811,54300
2913,1167967906,56200
2914,706083408,36840
2915,18010885233,25740
2916,72344901884,122980
2917,973751862,75080
2918,277871032,45280
2919,344440628,41350
2920,265825149,43260
2921,134360779664,29430
2922,22940211578,13700
2923,1753866508,84050
2924,20961781294,26960
2925,5852349885,72450
2926,90068509,47110
2927,1182759027,35840
2928,2300104800,81490
2929,1102595755,49140
2930,516857788,48100
2931,43982463921,20160
2932,53126256596,16640
2933,45632610231,25040
2934,1791691723,79630
2935,5277144588,76860
2936,21201603300,14980
2937,71399643081,16310
2938,135782008713,123650
2939,1814508408,52980
2940,912920580,40090
2941,1503643839,47850
2942,2846210661,78280
2943,456274645,39090
2944,1116156053,35500
2945,1713736983,88070
2946,1943431977,87690
2947,17816376891,31400
2948,2366810727,443740
2949,142667404579,17910
2950,42716089974,30910
2951,21018328003,25940
2952,5325066880,35510
2953,25784050372,22000
2954,3733802267,51090
2955,1631738995,1000000
2956,253211928,38720
2957,815937496,67180
2958,11846576564,12700
2959,82016039828,22220
2960,1598785642,50720
2961,32593402267,22350
2962,91431856244,16270
2963,935579474,58700
2964,903704102,59110
2965,27134392123,27830
2966,300688973,47420
2967,119192290099,12490
2968,20961781294,26960
2969,71275229269,22440
2970,39709193489,18920
2971,7558049595,54840
2972,49218116867,20120
2973,86801961432,16190
2974,1092875447,77920
2975,261610061,42210
2976,1600360913,65160
2977,1831503303,67620
2978,199049820,43560
2979,15096223682,26090
2980,79662063931,156880
2981,136129187977,11240
2982,28809671951,15600
2983,454322706,47720
2984,44415337667,28260
2985,44984558600,12640
2986,208808126,45020
2987,41900658858,12120
2988,2206300998,34070
2989,9950781450,31970
2990,230809744,47350
2991,11540501738,32680
2992,2492420179,34970
2993,51663141348,97500
2994,73042456545,14820
2995,11835720014,31850
2996,125223383683,15510
2997,4481509101,86930
2998,1890360831,66620
2999,48848208179,95640
3000,560550319,35750
3001,70910051151,24180
3002,31541075917,186200
3003,74389072349,161790
3004,2505387615,81580
3005,19533110212,19500
3006,48899227149,28790
3007,31889305836,19000
3008,36200005581,28240
3009,59446441280,17540
3010,879826163,93910
3011,34561022451,16570
3012,27006917803,19260
3013,50197576655,22190
3014,106457964150,21640
3015,956525554,60590
3016,12635210498,23500
3017,36911250830,20940
3018,4596909356,34570
3019,49532693812,13560
3020,30051984842,15460
3021,7336200024,34130
3022,1784714941,79300
3023,54074103915,13640
3024,15172229654,225310
3025,37809039347,17750
3026,25320306351,22860
3027,2344159088,33700
3028,3951431052,32650
3029,1352430588,54070
3030,35681395866,25400
3031,4502148826,82640
3032,31272637609,23520
3033,3262702814,34420
3034,22859046034,23810
3035,1287964189,63270
3036,6455425463,56270
3037,282279424,47410
3038,297227885,42740
3039,1957779477,64760
3040,175181366,47320
3041,1187118243,36550
3042,27253192711,21820
3043,31694191897,25560
3044,2052467490,62100
3045,174802204066,19270
3046,22887395746,19600
3047,4521361319,32660
3048,797573944,51700
3049,18061541782,27710
3050,83106196086,17770
3051,32530626896,30620
3052,2380857566,37110
3053,406556693,47460
3054,4600682694,33970
3055,73036218284,129120
3056,28280242518,22970
3057,15473409066,30810
3058,21708388858,19430
3059,4732222352,34050
3060,151423260417,101450
3061,19048350386,32000
3062,3877468480,54290
3063,1184696056,52040
3064,161080205,43430
3065,653518636,56580
3066,68660692992,26230
3067,1533774330,89940
3068,27391134488,28200
3069,48880466305,24210
3070,1892249347,55340
3071,2011782025,68650
3072,18646345859,20000
3073,1079913582,80460
3074,62517854534,20150
3075,1293903312,55910
3076,31265914644,11600
3077,14406325076,28100
3078,108616862921,104670
3079,54729884543,19170
3080,31991224480,27270
3081,34346403621,22250
3082,827846679,58470
3083,36879273869,17140
3084,7720832534,17790
3085,2386574498,35360
3086,44986743773,28570
3087,2214717196,656800
3088,35922754479,20350
3089,141839080,46310
3090,585470461,56990
3091,2554714068,34270
3092,4007142903,79710
3093,2325980543,87930
3094,2105572640,57850
3095,13313163470,31950
3096,18478125009,31790
3097,49843543,43250
3098,115329302,46240
3099,138109706,44780
3100,72579920813,153760
3101,47056029082,20580
3102,25601318259,26490
3103,1598351374,57800
3104,158218983,40420
3105,2431872851,36490
3106,178177001042,101960
3107,101545693,44940
3108,83192940617,106780
3109,304525348,42850
3110,3801909302,83920
3111,17837658980,30980
3112,1522560278,48720
3113,4077505210,31450
3114,24846613522,18800
3115,3132237278,34370
3116,16621932651,17300
3117,959434548,52970
3118,8535140037,33160
3119,31980352960,19540
3120,43982463921,20160
3121,14853559028,18560
3122,51891981291,133590
3123,25601318259,26490
3124,27776778220,22750
3125,23521342765,20400
3126,18258613188,10450
3127,163916469,43490
3128,1640081574,51230
3129,2394651193,84150
3130,45108795749,17310
3131,45616050575,26400
3132,10379975085,30400
3133,1272801157,54430
3134,19733236061,17650
3135,56049460131,151880
3136,1080879465,79810
3137,9733144033,262710
3138,1443697767,78390
3139,2665111018,33500
3140,1633066182,53430
3141,41972943163,28170
3142,70659656393,115750
3143,9617972623,20540
3144,162718760952,106950
3145,12741993283,30860
3146,83955547676,28750
3147,1631738995,1000000
3148,1363980494,65320
3149,22429456554,19700
3150,93213766,42900
3151,33786480230,11250
3152,3206955808,91280
3153,169100694623,111040
3154,3401509684,87780
3155,204164666855,29490
3156,2508842665,70890
3157,175952284,43800
3158,156076662525,29070
3159,83426881032,103100
3160,28520159386,19300
3161,3883149422,71050
3162,11702591275,20800
3163,28239516012,25200
3164,16671615759,17000
3165,15075237399,20500
3166,2127130954,92250
3167,1132873968,50490
3168,517097296,38920
3169,5447022944,33760
3170,22199368675,26540
3171,77358320092,25870
3172,2765291932,77840
3173,38465057091,32080
3174,1002553055,55010
3175,188335218,46870
3176,61739919244,10540
3177,300222469,44720
3178,629996214,68750
3179,718375719,39360
3180,4804702948,33250
3181,37824081128,27060
3182,2218914274,81290
3183,1966323101,34710
3184,42589667193,20610
3185,4459748203,82910
3186,37455535968,17760
3187,1036374932,75030
3188,55353179998,18530
3189,14782752626,20560
3190,964965276,61020
3191,3877699765,78730
3192,153030029,45360
3193,874300007,37570
3194,23551713681,13880
3195,29092281328,20450
3196,79766442212,23530
3197,68603546715,101870
3198,1514124327,50730
3199,70044455421,141280
3200,15075237399,20500
3201,708402499,60600
3202,1092875447,77920
3203,26285418960,31200
3204,33973621953,20850
3205,27253192711,21820
3206,30116808204,14720
3207,32830187687,27900
3208,847563162,49020
3209,3717965658,32920
3210,2432682638,83700
3211,51349319228,27490
3212,12660304592,14100
3213,1270092849,76180
3214,15680717211,23050
3215,154653827300,99420
3216,2178783042,65800
3217,2120065700,73060
3218,3431400822,56560
3219,1461214518,61680
3220,28028044957,15980
3221,55474904428,12850
3222,14854935840,26000
3223,107253745660,25690
3224,149140870,43190
3225,473021194,38170
3226,33439660761,99700
3227,1871465222,83610
3228,4267434496,82700
3229,3716777517,91540
3230,2091594545,49510
3231,37378231467,25270
3232,16284815140,223120
3233,69085430114,23410
3234,16911672567,26580
3235,64262334195,15880
3236,1464000125,38570
3237,11942868994,33520
3238,95182893336,109840
3239,64898290512,29050
3240,919500002,37980
3241,152300602,39380
3242,6249921575,287540
3243,135230778624,100180
3244,48948792939,22680
3245,24711842653,22890
3246,14406325076,28100
3247,45864012895,142000
3248,11702591275,20800
3249,15332473314,26460
3250,114188857654,108050
3251,3675680351,32950
3252,220104244,43350
3253,87077584374,28630
3254,38782961621,15440
3255,15878150283,15950
3256,16810611257,21690
3257,3845048089,51990
3258,36297534223,16840
3259,33808150331,25680
3260,16679862710,26290
3261,1497152389,81990
3262,2422597203,34170
3263,1164263840,56060
3264,21288505553,14520
3265,3578464701,32160
3266,55241510149,29100
3267,298707558,40180
3268,997782266,34020
3269,34202441186,22400
3270,2319379118,79780
3271,17872142543,14300
3272,586991972,36980
3273,1002859373,58860
3274,317128054,39990
3275,59047479801,17330
3276,4493818379,89890
3277,3594460874,71760
3278,45624891976,11540
3279,28299948879,30890
3280,1722290109,51170
3281,74356023612,30000
3282,1286121304,52240
3283,20312580565,31710
3284,7235591285,33690
3285,47145317344,16890
3286,505595437,39430
3287,11835720014,31850
3288,191639277,45220
3289,1014435883,54580
3290,43567488403,110030
3291,135439121417,21190
3292,1378201334,52900
3293,1563185951,93880
3294,52254634753,30390
3295,1511402967,67700
3296,19015833190,20900
3297,144294738,44980
3298,56191503927,24740
3299,23211945639,26450
3300,33935243550,21570
3301,19412100843,243350
3302,113100706629,18310
3303,153763734186,10660
3304,2893918961,73200
3305,166276322,46990
3306,31086951478,28130
3307,20173588938,25150
3308,19845625125,16240
3309,113826262608,22480
3310,16310027550,25050
3311,32025620892,24200
3312,820227571,70020
3313,332591425,40480
3314,59143909418,26360
3315,2735730472,52220
3316,52006394875,29620
3317,3379356103,36060
3318,10021897467,23200
3319,67596607591,166260
3320,2178052381,71200
3321,111307845602,125120
3322,822260496,39970
3323,187305399,43120
3324,9677268621,31640
3325,736161705,88300
3326,43333005421,22210
3327,27253192711,21820
3328,145679629,43500
3329,79352376886,117790
3330,1794301437,64000
3331,127027820859,16730
3332,87173751133,143960
3333,53885864775,17730
3334,11740205694,25700
3335,1327764075,80540
3336,18307813892,26600
3337,1107349382,58330
3338,1537480779,80560
3339,47570883871,22530
3340,1328646718,74380
3341,14037398643,14500
3342,28361974087,11700
3343,817050770,47880
3344,23801859917,22540
3345,162009079,46280
3346,27485259660,29160
3347,106332430,41700
3348,20802461295,226910
3349,56890745277,19530
3350,1161709800,56630
3351,22830933389,24890
3352,34075787416,13460
3353,616787097,74290
3354,28879409499,31330
3355,63490581437,102740
3356,2291201257,48660
3357,917382401,56740
3358,90490163,41020
3359,52254634753,30390
3360,749372823,69880
3361,44796593463,170540
3362,73079687,45290
3363,6402918625,319210
3364,41501229438,23000
3365,18102980032,14800
3366,48600534478,22090
3367,5035675005,34890
3368,54473733116,179030
3369,2650769718,34950
3370,11713902729,33210
3371,1517132762,34250
3372,2020230996,52750
3373,4914360248,86870
3374,90097196,45610
3375,26713291883,25880
3376,101083304,44010
3377,6113327451,33120
3378,14216936880,18600
3379,72765563960,13210
3380,90490163,41020
3381,22274522030,18300
3382,1727907311,78400
3383,1283691323,92130
3384,106606170765,29930
3385,38379128084,14740
3386,77358320092,25870
3387,37477224156,17090
3388,1593758003,35630
3389,138250028846,14870
3390,45624891976,11540
3391,1631738995,1000000
3392,1606286875,61600
3393,19533110212,19500
3394,261663814049,10910
3395,31990133058,129140
3396,31760018623,13100
3397,3265137148,91600
3398,1615873407,53420
3399,311863168159,13470
3400,2983604386,35660
3401,4039724530,91830
3402,563347692,38380
3403,3677979128,33900
3404,4147004782,72470
3405,52833925761,166270
3406,598331337,37500
3407,1429035186,72960
3408,217479809229,29830
3409,30719654234,22320
3410,1534447047,78860
3411,38782961621,15440
3412,100677958948,30050
3413,4439041601,66870
3414,37806502832,19140
3415,7222355788,33980
3416,1998360164,78630
3417,72765563960,13210
3418,3979921137,91030
3419,524484664,57500
3420,65800996925,20650
3421,22119190765,105300
3422,22426798037,21050
3423,110365433554,19810
3424,2234661037,76050
3425,70659656393,115750
3426,357850812,58600
3427,5562889157,71330
3428,83106196086,17770
3429,24457461251,19950
3430,6446853625,31620
3431,513236362,37300
3432,23959612898,18750
3433,81584870803,26810
3434,163916469,43490
3435,138793747386,99880
3436,37326142645,25360
3437,51618539927,27760
3438,268458850,41210
3439,6829650358,50110
3440,69724221576,110650
3441,21201603300,14980
3442,1767527202,68960
3443,19533110212,19500
3444,847563162,49020
3445,23551713681,13880
3446,24889431040,16260
3447,1226986637,65190
3448,2957528730,33560
3449,38946778013,25920
3450,908925691,40580
3451,132797188,42250
3452,91076597,44150
3453,396869926287,29310
3454,35149095400,22280
3455,903720987,57750
3456,223499994,39000
3457,82011306999,27030
3458,2395974107,35960
3459,4947040486,85480
3460,874300007,37570
3461,52065406763,22020
3462,1256802558,71650
3463,226757883,44570
3464,1786038874,84610
3465,760233125,38220
3466,24371933729,22950
3467,5140041932,64050
3468,25703828160,31760
3469,61794661422,15550
3470,910309314,38330
3471,28303784697,16720
3472,1163741143,52600
3473,46258540985,195130
3474,31265914644,11600
3475,20927200744,15450
3476,1288271432,678420
3477,106457964150,21640
3478,77857367363,111980
3479,738761839,81500
3480,1390284122,49730
3481,695331164,55120
3482,100929380,45250
3483,48390986282,105260
3484,1106560539,48710
3485,4732222352,34050
3486,4396297976,88100
3487,39992523669,14670
3488,1649894817,57320
3489,2439204853,88740
3490,121656051649,126000
3491,178372926490,99150
3492,66895542852,98950
3493,1631794849,77050
3494,948927614,37060
3495,730109728,38320
3496,87077584374,28630
3497,22710457019,23010
3498,10773661046,273630
3499,2474584561,432350
3500,3650153705,36590
3501,33950951213,23140
3502,605350479,37670
3503,1089890313,60050
3504,65969680700,172450
3505,50805719022,13180
3506,4504775868,34640
3507,5219442219,33090
3508,671646324,62700
3509,32145998011,111830
3510,6404613422,33640
3511,23735100865,25780
3512,89524892842,11760
3513,230423677553,10830
3514,49396298672,20490
3515,148136219554,101180
3516,2242434842,92610
3517,52062183040,162500
3518,44265390677,25620
3519,60954790344,110220
3520,1761245488,53210
3521,6968645360,13500
3522,21271550925,31650
3523,8597498625,15300
3524,865025241,64860
3525,1272824081,61250
3526,1801825905,62350
3527,18307813892,26600
3528,11322932870,14040
3529,104191410505,122920
3530,87077584374,28630
3531,147100752265,27890
3532,1264575721,72680
3533,26676025512,14700
3534,100917737265,11390
3535,36957900638,26660
3536,50007182263,23310
3537,1553880175,35150
3538,1631738995,1000000
3539,49519001917,175900
3540,37929209689,19590
3541,18393286804,11360
3542,1473595716,541240
3543,585470461,56990
3544,64125362778,28720
3545,4277712761,55790
3546,94341795614,16530
3547,1276226649,66200
3548,49342341513,20050
3549,1184696056,52040
3550,90818759234,16490
3551,68186973,41320
3552,2476668061,48340
3553,5314593776,52130
3554,107323519,43080
3555,88383783194,96520
3556,73001452579,12260
3557,18307813892,26600
3558,148068222890,30080
3559,13851673776,19200
3560,18635719324,15100
3561,581538988,68310
3562,336104978,45680
3563,62790876487,25670
3564,37326142645,25360
3565,83579052,43000
3566,31965056762,16400
3567,19765776310,24060
3568,41966739496,14030
3569,3153782276,57810
3570,17141299216,31300
3571,8746143840,15800
3572,189187624,40750
3573,1036129032,85900
3574,1637512572,61940
3575,129564554471,105670
3576,85501421829,136750
3577,38443478585,13630
3578,6740202111,31940
3579,244115247,44810
3580,28452409701,11650
3581,210259093,41340
3582,238295547,44380
3583,1226277430,55800
3584,40014509671,11890
3585,55117435225,120100
3586,3309840149,77810
3587,145528524959,113800
3588,6618928776,31350
3589,163251837,40260
3590,82219008898,25140
3591,1508168578,92010
3592,34069048433,14620
3593,672067418,53240
3594,3957893916,95320
3595,11563633982,32220
3596,22991081487,104340
3597,1012483522,34000
3598,35364601454,14090
3599,1285460878,92970
3600,16250883444,22340
3601,29137251043,21170
3602,7694107713,24900
3603,12066502163,33020
3604,2040521120,33550
3605,77726524145,14180
3606,1850599298,59050
3607,77418419883,18210
3608,63975877,45460
3609,1277127650,37540
3610,83892829452,11150
3611,150764185261,29500
3612,4150811939,47870
3613,18741652662,21500
3614,33273745027,28690
3615,49094782091,25730
3616,342042513,66890
3617,48564900494,121260
3618,19913212122,14400
3619,179942021,37600
3620,759461395,55100
3621,962307346,55520
3622,120558737,44320
3623,188795789576,11430
3624,1247807567,49590
3625,68235685387,117700
3626,58929175523,17630
3627,72257839175,29350
3628,1228262849,56920
3629,49031173362,27310
3630,310929357,37250
3631,4445162182,93890
3632,45016106005,22740
3633,55835736306,107440
3634,173130108594,29850
3635,2852754594,65550
3636,559817451,41590
3637,18102980032,14800
3638,81608179491,20080
3639,36092934622,25070
3640,28361974087,11700
3641,70786987860,128810
3642,33273745027,28690
3643,402845661,37260
3644,1325397370,70790
3645,64153904362,20220
3646,23239345271,12650
3647,3014877568,72430
3648,54729884543,19170
3649,218123823,44820
3650,4791502072,77950
3651,141420827156,17010
3652,51994472676,20860
3653,4832008528,32960
3654,2044883336,95050
3655,93777362303,100340
3656,2352111325,62780
3657,754423723,59320
3658,86027768469,20380
3659,978105902,85400
3660,26434377401,18100
3661,1935143661,81430
3662,81998829822,15070
3663,57663475325,106400
3664,29721041732,19340
3665,913681874,55630
3666,3578281662,32400
3667,64433705350,11280
3668,768994749,40040
3669,21631552444,26750
3670,23338015042,16100
3671,196280735775,30170
3672,11578482888,23890
3673,2108277664,442400
3674,20798791919,15850
3675,54653907275,13480
3676,52295047194,24020
3677,265825149,43260
3678,27908387048,222420
3679,32277474896,18680
3680,1820263706,52650
3681,48899227149,28790
3682,66953439280,23470
3683,9131255530,17200
3684,70910051151,24180
3685,1239987960,76100
3686,57728586200,98250
3687,2607188054,62180
3688,81968479692,14320
3689,25690367682,27230
3690,1958040229,68300
3691,21817176627,19120
3692,2177639978,80580
3693,1068344487,85270
3694,37929209689,19590
3695,142126143376,28920
3696,1422802798,57760
3697,96155377,41110
3698,29933131070,24860
3699,18973023210,21200
3700,1411680455,49890
3701,101051897868,131340
3702,1754677641,36960
3703,616787097,74290
3704,33454510396,26210
3705,64898290512,29050
3706,3782730170,34490
3707,55293907816,25350
3708,59446441280,17540
3709,42818496987,22700
3710,8967539344,32150
3711,94118417262,13690
3712,90734262649,100700
3713,116256958139,29270
3714,542702668,57180
3715,54256815776,110190
3716,14334125019,241640
3717,15580325925,32870
3718,36372739840,19960
3719,417147839,38580
3720,83334316,45780
3721,2627922325,34690
3722,1067829889,48750
3723,23959612898,18750
3724,2412057753,79950
3725,346737566,39400
3726,1445526417,36860
3727,9966939481,21600
3728,4345301195,93790
3729,2009898974,90350
3730,73072512307,19060
3731,107813967,41800
3732,25922689803,25100
3733,87077584374,28630
3734,19781196089,23640
3735,1245265934,93390
3736,35344470911,16750
3737,30561579825,25520
3738,69189115013,27500
3739,919500002,37980
3740,5758061208,32010
3741,59329830220,14050
3742,13618910578,19900
3743,147947861,41630
3744,49342341513,20050
3745,570338543,46390
3746,2018644075,48010
3747,11025691108,31410
3748,1335487984,86190
3749,35861990654,10180
3750,96940398102,30270
3751,65800996925,20650
3752,1814498708,55200
3753,22077591852,19150
3754,2515180298,53390
3755,451108847,37630
3756,2636795735,65350
3757,51924449833,18080
3758,1261089054,54600
3759,1474365801,63330
3760,13108767294,31280
3761,40705136194,126640
3762,5712553530,32070
3763,114411596213,117560
3764,1643130211,35460
3765,117210791201,24970
3766,6885470160,53050
3767,40640402580,25770
3768,802275519,53160
3769,109960523546,114250
3770,84157611527,151410
3771,977510170,60200
3772,1918594531,566900
3773,16856330150,15500
3774,5318466255,67190
3775,18577413391,26650
3776,1458460719,56730
3777,80525855599,160970
3778,644773534,68100
3779,903110811,50120
3780,1028528304,86460
3781,18298812721,27600
3782,2684612870,72050
3783,14854935840,26000
3784,12282619838,32030
3785,2805592669,81740
3786,1325397370,70790
3787,2014089021,76760
3788,81608179491,20080
3789,981231282,53840
3790,52607696761,23040
3791,959434548,52970
3792,2144799919,62360
3793,528564721,57620
3794,83447582569,141050
3795,26704245525,18880
3796,1573546018,47750
3797,2216688072,442460
3798,1581208047,51480
3799,359829197,40520
3800,1676183383,68260
3801,1062308118,47190
3802,250867977,37200
3803,2051865364,49520
3804,14203848435,13040
3805,40640402580,25770
3806,699075445,35620
3807,5868266984,69780
3808,14734250670,235640
3809,981852683,65370
3810,8581767922,32550
3811,128704968,42570
3812,22228222233,24010
3813,9966939481,21600
3814,80547999181,21390
3815,394041357514,11630
3816,597608919,61620
3817,27453873209,26690
3818,1272051310,50460
3819,144294738,44980
3820,1047788409,37210
3821,100176358627,29380
3822,195756165,41940
3823,1031361441,62060
3824,10556791132,20780
3825,3326394597,34360
3826,568458504,40550
3827,13327051013,12800
3828,32881649327,16860
3829,24252413441,20200
3830,100134490931,135400
3831,81196639816,26030
3832,22940211578,13700
3833,46756497319,22930
3834,26381824151,30230
3835,2422086007,76240
3836,1067829889,48750
3837,2309214963,79260
3838,530866962,59800
3839,295791880,47260
3840,4115349573,74090
3841,15139950852,12000
3842,41132067628,27300
3843,16656548476,17500
3844,1724199914,52540
3845,81416968,42540
3846,41964290253,113460
3847,956485407,37720
3848,22228222233,24010
3849,37298728034,27550
3850,1078975842,50010
3851,3318237723,78370
3852,2082921036,58040
3853,31089882361,108760
3854,63987693214,24750
3855,89159843171,134950
3856,1847266009,59190
3857,3879605989,86080
3858,5392852585,34060
3859,45629561310,20340
3860,1760720453,95340
3861,79898627011,16390
3862,2436577921,73940
3863,33273745027,28690
3864,21343667691,12880
3865,78508744,42300
3866,64814012329,173870
3867,1752616200,48940
3868,9880973131,31720
3869,154821658190,28420
3870,13519111647,21740
3871,72787882081,24130
3872,159102163,38880
3873,1390696218,52020
3874,1553880175,35150
3875,45949497479,30740
3876,27681409375,27000
3877,42029013416,26880
3878,24263189038,13000
3879,359829197,40520
3880,19845625125,16240
3881,26178609731,15960
3882,31646471750,23350
3883,152272502097,108530
3884,1853552638,51470
3885,598151154,63040
3886,15706772192,17250
3887,70758428673,11920
3888,26597638451,11980
3889,23654036646,130220
3890,802217556,36420
3891,142322696895,99060
3892,2487592745,60770
3893,1709111110,968700
3894,49207048783,21960
3895,22741097466,12680
3896,12199064894,32610
3897,641033554,35280
3898,15209110968,25300
3899,44309838449,104760
3900,1133945051,93370
3901,16446882670,27340
3902,171376051,44500
3903,608064957,94890
3904,90097196,45610
3905,215915717,47170
3906,155705038,44170
3907,2067336964,49630
3908,179035308,42420
3909,51797899580,102660
3910,26098380920,190990
3911,49494167578,159940
3912,177803911,46320
3913,244115247,44810
3914,151131582508,11330
3915,21924780750,21010
3916,1615016895,50630
3917,19516679946,24000
3918,3244327025,35610
3919,1407219077,59290
3920,1927889645,482410
3921,4250146741,33600
3922,49207048783,21960
3923,59895263177,145690
3924,1954292587,53860
3925,71813943845,14460
3926,15484020783,13300
3927,671646324,62700
3928,386703694,36200
3929,55851652410,27720
3930,34888386853,30660
3931,598331337,37500
3932,8296866576,21900
3933,802217556,36420
3934,1591215956,81640
3935,400065297,37780
3936,34721363845,26020
3937,111453534346,132570
3938,67738246934,15270
3939,2539115191,63890
3940,3149219595,67210
3941,9666645468,20920
3942,1551456472,63510
3943,218254140,41040
3944,1215034794,55990
3945,1290273194,57370
3946,80695974209,15060
3947,19533110212,19500
3948,1125582828,70990
3949,1802884820,64970
3950,15075237399,20500
3951,48390986282,105260
3952,28286652085,17040
3953,12755555429,17470
3954,43988405080,18250
3955,1280193045,48680
3956,54017203707,18450
3957,1163741143,52600
3958,1438430202,79790
3959,196034455,41290
3960,1697843459,50190
3961,54561378707,25910
3962,8746143840,15800
3963,37824081128,27060
3964,8085474109,11000
3965,132211609,46940
3966,8933766969,10120
3967,1381904147,66150
3968,122503654433,16210
3969,21977773248,20280
3970,250858413,47650
3971,33322034218,31590
3972,55007371409,27560
3973,6740202111,31940
3974,128708911877,128240
3975,58091400410,14280
3976,14755481980,26440
3977,36178077994,22180
3978,3782730170,34490
3979,114923292884,12910
3980,1862459709,49570
3981,4902875315,60620
3982,257406345,39330
3983,19876439793,30100
3984,27825526306,17900
3985,173130108594,29850
3986,54349301320,24460
3987,24836711839,21650
3988,55010430037,26160
3989,1851092381,58380
3990,68515280690,20930
3991,644773534,68100
3992,952542409,61740
3993,1080765144,35600
3994,4261726116,79360
3995,1627125829,48920
3996,15348844245,17480
3997,140955089313,19830
3998,89773116943,28080
3999,78929501822,20330
4000,100596830161,29700
4001,1043748304,53300
4002,7441883239,266370
4003,149380656484,121900
4004,82535701404,16120
4005,894291895,37370
4006,42029013416,26880
4007,1421268512,35380
4008,282279424,47410
4009,10021897467,23200
4010,69208084095,26330
4011,17577069175,13760
4012,512139464,39280
4013,38025505020,18060
4014,38946778013,25920
4015,2422597203,34170
4016,49235057290,20100
4017,66396234262,148110
4018,24889431040,16260
4019,16388634473,251160
4020,8522526669,30800
4021,2474520114,49550
4022,768322602,37090
4023,560550319,35750
4024,70476813938,13020
4025,25275200839,17350
4026,24889431040,16260
4027,1002553055,55010
4028,51755226246,21920
4029,1578430142,34190
4030,176942509,45560
4031,220657629,45370
4032,4885360466,68140
4033,6794665272,33360
4034,590154290,36500
4035,1090532987,52370
4036,188605301717,97550
4037,638332189,50560
4038,41385627040,19220
4039,1002319617,60550
4040,12157445989,17800
4041,278801205,45160
4042,1120362800,38860
4043,58389930325,178990
4044,30152653742,14940
4045,30284885466,27360
4046,11702591275,20800
4047,3717965658,32920
4048,1552587141,56260
4049,3025399872,89540
4050,628128601,71950
4051,3105983542,94620
4052,61739919244,10540
4053,658310822,58360
4054,27285891240,22640
4055,253229141,40210
4056,11846576564,12700
4057,1393220268,81770
4058,2689842230,62420
4059,49427172601,30040
4060,1631738995,1000000
4061,1396458249,85550
4062,12738484404,20430
4063,2358989538,60440
4064,1377089934,51900
4065,28535155489,17700
4066,11094753535,31000
4067,2229925700,55440
4068,382059066,42660
4069,342042513,66890
4070,105995622,44680
4071,28229514027,18550
4072,62567339635,22450
4073,1767527202,68960
4074,21790335268,30340
4075,754423723,59320
4076,2486089504,58960
4077,14953140135,32930
4078,36144847948,26840
4079,1272801157,54430
4080,18741652662,21500
4081,244115247,44810
4082,1471837414,52070
4083,1014046146,79000
4084,15328257395,26340
4085,47721839131,13650
4086,1611957411,75360
4087,121966366,40100
4088,1557682722,49290
4089,1631738995,1000000
4090,54695173606,131460
4091,18187169458,25340
4092,2321699483,35710
4093,2296085998,36410
4094,18973023210,21200
4095,304326832,43290
4096,41132067628,27300
4097,162010360478,96010
4098,89679668651,154400
4099,27681409375,27000
4100,325550878,41690
4101,48363238717,16250
4102,39709193489,18920
4103,1022909091,49300
4104,1631363849,50640
4105,961125105,36380
4106,2147611686,89510
4107,142126143376,28920
4108,88500753266,13420
4109,43731534449,10980
4110,1809368779,36150
4111,349099405,47220
4112,1432319661,52260
4113,201487594,46750
4114,36912513109,97120
4115,6035310102,31380
4116,75972118547,119320
4117,1992008370,35320
4118,1403075923,703690
4119,31120345513,27610
4120,40827474293,157800
4121,55022858458,18380
4122,72829992292,30190
4123,167120787424,98450
4124,65432619178,116380
4125,738761839,81500
4126,96940398102,30270
4127,2903158341,51390
4128,108462475999,141310
4129,97161135608,29450
4130,3534080537,76750
4131,21256246165,21800
4132,33689322989,24610
4133,91113442,40220
4134,4899395516,88220
4135,173130108594,29850
4136,1215034794,55990
4137,1724136578,65600
4138,6377380700,22300
4139,6536029761,12400
4140,688768061,43230
4141,290690343,38350
4142,5488637938,31660
4143,116963890152,125610
4144,12755555429,17470
4145,41960725561,27150
4146,85469438992,29060
4147,14216936880,18600
4148,3653311458,95120
4149,1848522896,37320
4150,1163741143,52600
4151,10460628957,25000
4152,2534725839,34430
4153,29296433783,30470
4154,46848216759,15760
4155,1177348060,88500
4156,1506196148,65040
4157,14406325076,28100
4158,594193791,37100
4159,1280669659,36720
4160,168179807,43760
4161,28303784697,16720
4162,1941532398,85630
4163,68186973,41320
4164,1729653495,51420
4165,13519111647,21740
4166,492256542,42150
4167,41501229438,23000
4168,1167644278,63150
4169,21924780750,21010
4170,1505703723,57900
4171,1275919064,54520
4172,3816808249,51570
4173,28532854762,20320
4174,34785681833,20740
4175,1507885768,57430
4176,28452409701,11650
4177,5307496132,66520
4178,25729367717,24830
4179,629996214,68750
4180,1033722074,65390
4181,17816376891,31400
4182,48347533,44860
4183,910309314,38330
4184,22274522030,18300
4185,161387943432,114210
4186,2703098999,64690
4187,951241236,75500
4188,16845581696,11410
4189,1549716376,37440
4190,2610749738,34800
4191,23735100865,25780
4192,1738094346,34440
4193,1704470963,65470
4194,4732222352,34050
4195,178917078,41240
4196,33244985015,134660
4197,567108774,54800
4198,28089660686,15900
4199,979693334,64750
4200,2896992793,50270
4201,1331698110,56220
4202,1603738547,83460
4203,58339597241,27220
4204,13167973529,24640
4205,20311628600,31070
4206,53537785008,15520
4207,84705126584,23880
4208,218123823,44820
4209,526448295,38640
4210,72643908819,12920
4211,1167967906,56200
4212,65557366870,14890
4213,70348835290,25930
4214,3924311153,89550
4215,1751392570,91020
4216,17596863824,27450
4217,853388529,53740
4218,13618910578,19900
4219,1277424386,54610
4220,2585179797,91180
4221,87981133023,119450
4222,2166082387,57720
4223,5758061208,32010
4224,32530626896,30620
4225,6825304777,31500
4226,3761016911,34680
4227,58039092056,15860
4228,40418768993,21070
4229,43134529375,19850
4230,144449174675,119870
4231,1460268245,492560
4232,1390284122,49730
4233,4633513937,68350
4234,1125596516,53200
4235,12117734393,20290
4236,789846078,38410
4237,185471910668,97880
4238,43194945133,12780
4239,35961503749,32440
4240,67738246934,15270
4241,1236080881,71740
4242,1419522640,51060
4243,1031451474,61430
4244,33689322989,24610
4245,5130609805,30750
4246,23211945639,26450
4247,75468881950,23570
4248,3172887491,35580
4249,1593758003,35630
4250,39992523669,14670
4251,1389577443,63170
4252,1683558095,65670
4253,50892730586,26520
4254,162100198337,15470
4255,28520159386,19300
4256,2081315105,63550
4257,5173542214,34540
4258,84557250108,29940
4259,115306295340,25020
4260,1631738995,1000000
4261,103956192075,13230
4262,68542529613,22630
4263,20798791919,15850
4264,11103474308,31960
4265,2665111018,33500
4266,59952461054,25490
4267,743266878,36760
4268,45964606960,30090
4269,357850812,58600
4270,42745862125,164450
4271,36498411058,31440
4272,345818912,47390
4273,1295743187,86100
4274,8933766969,10120
4275,1920489781,32600
4276,7855782492,277010
4277,68652275790,11770
4278,1650756823,37270
4279,18791756845,32320
4280,3236275601,32580
4281,100176358627,29380
4282,1080879465,79810
4283,52006394875,29620
4284,1168742252,50800
4285,721629565,39190
4286,496555472,36050
4287,3825472299,73420
4288,11428586638,26080
4289,1678590102,84170
4290,1372717623,60750
4291,82016039828,22220
4292,2232980940,93830
4293,5207892040,10600
4294,1758869434,92020
4295,227726680,39710
4296,1014087521,37360
4297,5207892040,10600
4298,5447022944,33760
4299,1588951347,88200
4300,1290874953,34820
4301,38137425611,30680
4302,83181928375,14480
4303,27825526306,17900
4304,11171899613,24450
4305,55241510149,29100
4306,42497628779,10360
4307,96809165356,15610
4308,23168095921,212790
4309,27586585426,33220
4310,957792398,39530
4311,72964523408,23840
4312,16243443982,31230
4313,297387242,46080
4314,15680717211,23050
4315,86634682,46820
4316,23136038329,13440
4317,21018328003,25940
4318,19533110212,19500
4319,978648171,36310
4320,1080501026,59830
4321,133273569,47290
4322,46847440574,28300
4323,1245807843,81840
4324,36337466435,23490
4325,43757809,46000
4326,55474904428,12850
4327,39368373109,23720
4328,80989913562,129590
4329,1562155096,35290
4330,3267299589,59960
4331,51755226246,21920
4332,900524591,68400
4333,572754060,73880
4334,28879409499,31330
4335,16656548476,17500
4336,469106738258,29110
4337,47114185728,27210
4338,1251239695,51300
4339,161069872,43400
4340,406883978,36800
4341,4681212134,55370
4342,517097296,38920
4343,75470879077,16340
4344,1590260608,82440
4345,153490949,42200
4346,100596830161,29700
4347,1125709515,61230
4348,53467110784,19410
4349,1073453760,51400
4350,8581767922,32550
4351,91903229637,16080
4352,256513486,47340
4353,187571086,43700
4354,86027768469,20380
4355,79432166244,21770
4356,13549969722,17840
4357,1903166029,52010
4358,114923292884,12910
4359,27006917803,19260
4360,43897044541,23160
4361,9677268621,31640
4362,17284174655,17940
4363,145178794085,120450
4364,176763280218,96690
4365,2272237651,63260
4366,8746143840,15800
4367,2080364940,48490
4368,28239210726,26100
4369,1235846993,79120
4370,161080205,43430
4371,197607675,41830
4372,762762186,53960
4373,17483253829,26420
4374,1092214102,38610
4375,20311628600,31070
4376,15952412483,14020
4377,474211120,45830
4378,1549378962,62720
4379,46221251118,31120
4380,1006713557,57270
4381,455173169,40920
4382,14406325076,28100
4383,20728975020,28620
4384,127305913424,26270
4385,47041105128,26910
4386,213804296,40060
4387,24652206273,17190
4388,19015833190,20900
4389,95159958857,12660
4390,5207892040,10600
4391,2423162791,49920
4392,24371933729,22950
4393,64061855658,123560
4394,359829197,40520
4395,142818732,46050
4396,28361974087,11700
4397,590154290,36500
4398,3806510125,73390
4399,1157094998,88340
4400,333538343268,29530
4401,1502193693,48150
4402,2896992793,50270
4403,1730203396,53490
4404,251591762,45820
4405,1235843086,79920
4406,119100849015,28940
4407,8296866576,21900
4408,21509159440,21000
4409,45775561671,16180
4410,35213785935,27800
4411,287272676,42270
4412,110619096490,24430
4413,6497365784,10750
4414,13612873729,22850
4415,47185950699,105850
4416,21977773248,20280
4417,444859759,39980
4418,13549969722,17840
4419,21343667691,12880
4420,1783881701,809520
4421,1226986637,65190
4422,63795945201,119250
4423,1137454757,56640
4424,82333143928,13870
4425,2605778510,50970
4426,18032677363,18350
4427,19533110212,19500
4428,197152104,40300
4429,1332675446,76080
4430,1390284122,49730
4431,100347566,47570
4432,13074164597,16600
4433,5236154585,83300
4434,614402784,37490
4435,44265390677,25620
4436,107324565998,117400
4437,19816244666,30990
4438,810145112,67080
4439,27485259660,29160
4440,43757809,46000
4441,802217556,36420
4442,167306967246,29480
4443,24371933729,22950
4444,25369830504,134300
4445,55695576069,177200
4446,119716421710,119700
4447,1115258344,68110
4448,39149199429,14900
4449,5620235479,67890
4450,42813184049,113840
4451,43964464699,16280
4452,9677268621,31640
4453,1174052995,80520
4454,25565025425,20190
4455,3172887491,35580
4456,55241510149,29100
4457,163525977508,100370
4458,1548226673,52340
4459,11169498489,31800
4460,103073416038,13430
4461,142799541,42100
4462,31991224480,27270
4463,2686002699,94300
4464,151092871204,29600
4465,5921037305,10000
4466,47213622589,19040
4467,34069048433,14620
4468,555654719,91250
4469,90224647924,121140
4470,18646345859,20000
4471,4652918502,86580
4472,71204208010,30410
4473,1903166029,52010
4474,49999730466,114780
4475,35846434103,12550
4476,17483253829,26420
4477,197866973,42680
4478,603592919,56420
4479,2080723707,63730
4480,119569756,46360
4481,2266198740,51490
4482,2154281118,83570
4483,2395974107,35960
4484,1511402967,67700
4485,46066230550,129910
4486,1447036868,63140
4487,614898278,90950
4488,1769560645,74220
4489,55166456681,111500
4490,54530638179,100360
4491,1565338415,35450
4492,258788012,42240
4493,253504880,42910
4494,40731906665,23960
4495,192825352,43720
4496,1631738995,1000000
4497,47406727323,134440
4498,311383613,45880
4499,8980836246,32990
4500,906584031,58920
4501,6466075967,32690
4502,3475875261,34010
4503,331019354533,29550
4504,351836472,45660
4505,1393716515,68940
4506,33819969840,97520
4507,52022327352,15380
4508,28809671951,15600
4509,2817098446,86030
4510,105995622,44680
4511,18298812721,27600
4512,6870340498,288340
4513,19049030128,13960
4514,393415785,38630
4515,28413415369,25190
4516,1941091566,89100
4517,2064856018,75590
4518,32942908226,16300
4519,22738853349,10080
4520,3446548229,36510
4521,83884108589,25210
4522,1446692871,74100
4523,482665730,42140
4524,2788686487,72910
4525,1305713598,57840
4526,17596863824,27450
4527,21631552444,26750
4528,1206567733,52630
4529,68426394282,14120
4530,26583099214,26300
4531,100677958948,30050
4532,1584791361,37050
4533,31965056762,16400
4534,3855399929,89810
4535,15101702599,12500
4536,49757579097,12560
4537,39915727804,10040
4538,15836834070,22160
4539,53537785008,15520
4540,46676930728,99620
4541,40715249564,21780
4542,1144440856,75780
4543,1316558223,81920
4544,674813434,37730
4545,159102163,38880
4546,126326257898,121590
4547,43265608639,30840
4548,816577081,77500
4549,1019271003,58990
4550,40830200652,15490
4551,1206558770,66980
4552,36811050346,18850
4553,1631738995,1000000
4554,12506893704,18270
4555,16843158054,21410
4556,31760018623,13100
4557,2001829084,54680
4558,917382401,56740
4559,13308638382,31750
4560,1169292245,36180
4561,1172993327,52810
4562,165840374748,102310
4563,2566192819,76690
4564,36337466435,23490
4565,34935271309,25590
4566,59446441280,17540
4567,94208633800,142570
4568,2906666452,49180
4569,55851652410,27720
4570,1832651952,37590
4571,1934517738,69810
4572,1422802798,57760
4573,6124132822,36190
4574,3004442617,91300
4575,2352620525,70930
4576,8980836246,32990
4577,88617288649,28930
4578,100929380,45250
4579,254524967,45350
4580,76419625352,29640
4581,429448171,39560
4582,5694394203,59940
4583,48989402292,27190
4584,2962124386,69970
4585,922409550,37460
4586,56934598928,20020
4587,28809671951,15600
4588,1952634336,910610
4589,5392852585,34060
4590,1631738995,1000000
4591,865025241,64860
4592,22426798037,21050
4593,5921037305,10000
4594,73142345184,144960
4595,26011446033,28380
4596,66953439280,23470
4597,1059681414,45200
4598,62409364740,18840
4599,425454493,44460
4600,921347718,85680
4601,26595548043,18830
4602,222382913,38600
4603,75312824819,30160
4604,1095472545,66590
4605,2957528730,33560
4606,58819867748,16420
4607,42072761828,24030
4608,13882870228,26070
4609,63357620363,22330
4610,72798001655,16130
4611,9464623711,32390
4612,56934598928,20020
4613,2790339360,72710
4614,33128794370,29190
4615,1720090768,64290
4616,2334509286,53450
4617,19221989618,21850
4618,504465393,36340
4619,1019271003,58990
4620,150151706793,107320
4621,68652275790,11770
4622,1030325107,59420
4623,7336200024,34130
4624,1082159705,69750
4625,88332516016,108940
4626,5172943195,81420
4627,3839610041,52720
4628,3244327025,35610
4629,79898627011,16390
4630,3196093679,33850
4631,2290831354,54340
4632,121017774,47660
4633,77479861947,111440
4634,20751108190,23100
4635,1631738995,1000000
4636,28520159386,19300
4637,11428586638,26080
4638,363929049,36660
4639,31965056762,16400
4640,538524587,80600
4641,72798001655,16130
4642,17872142543,14300
4643,2048371778,49440
4644,268726467,44520
4645,377899170,46850
4646,1514128945,55650
4647,422393734,47520
4648,2583971177,80350
4649,33950951213,23140
4650,18010885233,25740
4651,56618718920,27680
4652,135314644544,108340
4653,17089269526,26120
4654,40715249564,21780
4655,5447022944,33760
4656,1631738995,1000000
4657,52029375826,28290
4658,128862330622,15180
4659,1522413067,51890
4660,12529736670,25180
4661,540955788,39750
4662,142404850417,100500
4663,25553867219,28340
4664,1819332909,85520
4665,1204922452,50650
4666,46416427689,22600
4667,110176673593,21980
4668,635774859,56600
4669,97752786928,28060
4670,12804134435,31610
4671,3521470176,378870
4672,52952058521,14640
4673,41972943163,28170
4674,68443709094,10280
4675,58039092056,15860
4676,121966366,40100
4677,2699762200,80880
4678,3071430764,374720
4679,24388907569,27950
4680,3325451057,390630
4681,1429035186,72960
4682,2496117671,74910
4683,1224811946,56380
4684,496576679,46760
4685,137396957,41140
4686,478526148,41530
4687,43964464699,16280
4688,20328737308,27660
4689,857386299,38710
4690,21677571436,27160
4691,2125656074,50000
4692,11559347838,24300
4693,2003700688,78120
4694,28137966581,12960
4695,52309800498,24870
4696,384404229,41610
4697,3249087989,91710
4698,613915523,40190
4699,21256246165,21800
4700,875954773,67540
4701,16729232021,24660
4702,1570559963,90610
4703,1950416706,34120
4704,24665681208,17100
4705,778170920,71840
4706,609632980,37150
4707,67250095591,16020
4708,20164471771,17150
4709,65381773729,27080
4710,21977773248,20280
4711,1430033040,48590
4712,11025691108,31410
4713,2303251752,76890
4714,79866921323,16780
4715,52212028291,24490
4716,1520328596,73180
4717,76555873757,21210
4718,1416581140,73050
4719,4700274572,326560
4720,77391638808,159660
4721,1643361048,75460
4722,1207611541,54140
4723,36627299455,15640
4724,760233125,38220
4725,76659105760,10480
4726,3487698478,51150
4727,34346403621,22250
4728,11540501738,32680
4729,5008977630,296910
4730,107120145,47380
4731,13977867678,24400
4732,33854502558,23450
4733,24252413441,20200
4734,151403046,42880
4735,173562836325,107820
4736,13612873729,22850
4737,16371576203,26900
4738,713115969,38460
4739,8085474109,11000
4740,98409070782,105480
4741,2277924864,85240
4742,1430609790,58010
4743,148744813712,11720
4744,8522526669,30800
4745,1192712548,65790
4746,1272051310,50460
4747,2639709232,81130
4748,1571596295,35970
4749,32497885421,14680
4750,2812056356,61440
4751,47615883511,27100
4752,56663813217,20660
4753,1862640781,51450
4754,86772968,46620
4755,57107389399,27280
4756,84545719814,17690
4757,26530295654,11950
4758,253229141,40210
4759,423815992,46740
4760,1609581565,456400
4761,26785007357,24570
4762,33786480230,11250
4763,49616268759,15790
4764,1655272260,35850
4765,75178766258,13340
4766,28303784697,16720
4767,429448171,39560
4768,27021423680,23390
4769,36554885532,25900
4770,594193791,37100
4771,37477224156,17090
4772,2431315239,86860
4773,49375053451,24600
4774,2742390603,32900
4775,29704304941,183610
4776,59096534,43140
4777,3339688532,35240
4778,28700930732,30570
4779,26411647433,18320
4780,52728599236,17410
4781,1206567733,52630
4782,23898484486,229250
4783,723556486,36580
4784,578587727,45770
4785,50559388087,14490
4786,1320520129,38520
4787,632345504,39600
4788,668040133,52120
4789,6704027691,33630
4790,1555818632,48540
4791,2168652353,63990
4792,19888988268,12450
4793,11094753535,31000
4794,3951431052,32650
4795,2881351931,32500
4796,147031568783,109150
4797,18781364593,22500
4798,22887395746,19600
4799,759461395,55100
4800,31874609463,209560
4801,61070687456,22150
4802,3109143947,32240
4803,26583099214,26300
4804,211991544,43390
4805,1749197112,53080
4806,31181304332,130240
4807,144682939,44040
4808,4804702948,33250
4809,8471584346,31240
4810,5062767369,89130
4811,1769420066,76280
4812,89432759781,29140
4813,711674046,53850
4814,91076597,44150
4815,4117416656,90010
4816,1818227392,33820
4817,534415944,38230
4818,5040861821,79500
4819,44519216976,148390
4820,1007587212,47820
4821,360673622,45340
4822,530866962,59800
4823,133273569,47290
4824,3080295852,49460
4825,649714857,52800
4826,1985760279,62440
4827,152300602,39380
4828,793302769,52510
4829,17317254802,14850
4830,1714133943,34040
4831,8646000336,265030
4832,750345998,54270
4833,2245069063,80060
4834,1363980494,65320
4835,1135494895,82860
4836,7694107713,24900
4837,3589915101,90230
4838,9677268621,31640
4839,27453873209,26690
4840,42086966196,21550
4841,817111941,51050
4842,32939692439,24350
4843,6062647024,32050
4844,208808126,45020
4845,1125074183,63200
4846,32025620892,24200
4847,5921037305,10000
4848,27382133872,24980
4849,1033771264,62530
4850,2249133312,62820
4851,54074103915,13640
4852,93181636467,28880
4853,93090494388,14760
4854,739585399,60500
4855,78155017496,20680
4856,21271550925,31650
4857,53409349832,10100
4858,152609468922,14130
4859,18305845572,17240
4860,2311207911,75970
4861,77267421097,10520
4862,62611869151,20470
4863,66390408205,19770
4864,311383613,45880
4865,82535701404,16120
4866,12168233137,249420
4867,21538411805,22870
4868,44519216976,148390
4869,13597838470,21400
4870,30195269319,25280
4871,25320306351,22860
4872,28089660686,15900
4873,1425909149,58410
4874,1116875487,77350
4875,1780463422,38470
4876,36291091355,20440
4877,52816588168,12860
4878,93728465219,28250
4879,394927874,38300
4880,1094648866,36850
4881,25275200839,17350
4882,2872735153,60840
4883,1227744012,54040
4884,1782012750,53650
4885,2361162435,366860
4886,38782961621,15440
4887,98140781662,14550
4888,78093115477,23790
4889,174546255,38420
4890,1856735312,34660
4891,1202469276,42130
4892,99905516331,12590
4893,1662301289,34810
4894,14260621217,23650
4895,2742390603,32900
4896,39937412905,22960
4897,20047359759,28400
4898,2444947017,84620
4899,33181671837,27110
4900,4992345558,332910
4901,23945119864,19740
4902,609632980,37150
4903,18628129908,24380
4904,27382133872,24980
4905,34424666716,27910
4906,42967339330,20970
4907,50441674790,163750
4908,28592621127,21220
4909,581538988,68310
4910,34540471920,26480
4911,4909566148,33050
4912,21271550925,31650
4913,55701451700,10380
4914,3109132994,33330
4915,957778084,35650
4916,71592778209,166930
4917,4596099389,63560
4918,62301899119,19940
4919,18187169458,25340
4920,21631552444,26750
4921,93181636467,28880
4922,87711931496,17780
4923,2319893286,49170
4924,141741979089,121240
4925,342902864,45510
4926,2227642435,75170
4927,48385818617,17560
4928,280436357,38560
4929,2765111949,48230
4930,1280383657,53320
4931,31760018623,13100
4932,5921037305,10000
4933,28239516012,25200
4934,1140785990,35560
4935,723556486,36580
4936,1290874953,34820
4937,19816244666,30990
4938,91603993888,12220
4939,39368373109,23720
4940,6446853625,31620
4941,1796140037,72140
4942,3099165901,63800
4943,256934409,43730
4944,1952179910,33670
4945,121312134312,24760
4946,42393855705,18050
4947,44758361049,25170
4948,13813563496,32060
4949,1250901453,37240
4950,1169995751,36250
4951,1675679609,82000
4952,42716089974,30910
4953,689272560,73300
4954,3475875261,34010
4955,382100978,39670
4956,1126374415,39640
4957,86819309311,114810
4958,2951715479,336680
4959,551646088,45110
4960,9966939481,21600
4961,1517608188,57600
4962,2742390603,32900
4963,62234736374,15990
4964,174984123,46780
4965,3378018962,36910
4966,121017774,47660
4967,565552098,41770
4968,33518149284,12080
4969,958549335,50990
4970,47188230093,14750
4971,4360479811,79750
4972,702386713,37990
4973,973365626,69000
4974,127784426368,108230
4975,86492831504,137840
4976,24981432612,23780
4977,31107276306,26860
4978,26813193660,13970
4979,1343438423,62210
4980,41353196028,12140
4981,96749548081,25840
4982,932765774,65740
4983,71204208010,30410
4984,90359165,44280
4985,62504361229,29400
4986,79893757633,28830
4987,2097954495,34160
4988,1631738995,1000000
4989,27825526306,17900
4990,79893757633,28830
4991,1094648866,36850
4992,20798791919,15850
4993,926886691,53620
4994,22228222233,24010
4995,21894588801,23600
4996,208686901,44760
4997,287272676,42270
4998,1743125570,79390
4999,97236810,44950
5000,79124746859,116340
5001,4477860533,35390
5002,80547999181,21390
5003,83218267813,27400
5004,973751862,75080
5005,1079913582,80460
5006,57850164142,105250
5007,150764185261,29500
5008,13077299177,15620
5009,382417194,39300
5010,35393760318,13190
5011,17345764042,32490
5012,5549620249,33730
5013,15473409066,30810
5014,6735664401,32260
5015,1897542226,87550
5016,57968587629,14350
5017,167915080593,107800
5018,1529682767,52840
5019,19106552719,31320
5020,114052432718,29460
5021,73847159816,21510
5022,8085474109,11000
5023,1022144024,79690
5024,11322932870,14040
5025,1959422397,48080
5026,668040133,52120
5027,283791912,41170
5028,89325242403,12430
5029,212303552895,29800
5030,4258190465,299720
5031,2452532696,76580
5032,635774859,56600
5033,59651360264,30360
5034,117786612684,120810
5035,94469667091,153940
5036,28727425069,29030
5037,18298812721,27600
5038,62721023855,30210
5039,145172773229,29170
5040,2682289955,76620
5041,788953203,36000
5042,2480515355,414080
5043,11094753535,31000
5044,910377011,60300
5045,17089269526,26120
5046,19483650662,30820
5047,30051984842,15460
5048,70498292717,24650
5049,293126043,41430
5050,71062243226,12520
5051,1257746418,74650
5052,302660278,37960
5053,255605025,47030
5054,1488943050,35930
5055,55997509348,28140
5056,23735100865,25780
5057,21797622356,11800
5058,1782412820,82480
5059,496555472,36050
5060,342328213,42180
5061,52952058521,14640
5062,2175991433,49480
5063,65378861284,15710
5064,29880351046,27520
5065,16911672567,26580
5066,1247224417,94400
5067,26766140139,17590
5068,212303552895,29800
5069,1043270488,76600
5070,6335832335,59950
5071,5393604399,32110
5072,39814103731,30630
5073,585470461,56990
5074,81479096,40820
5075,33518149284,12080
5076,57107389399,27280
5077,432346859,40250
5078,44902378450,18010
5079,3926904557,84920
5080,49275798206,21420
5081,17290270887,11750
5082,1737115303,94420
5083,1038777209,64140
5084,21654796659,21380
5085,1388690664,54630
5086,2644353153,53610
5087,1320520129,38520
5088,954770377,49070
5089,47066111055,17880
5090,11169498489,31800
5091,179497191286,96330
5092,6035310102,31380
5093,864853774,78940
5094,1631738995,1000000
5095,9073676657,24880
5096,32635120117,11200
5097,576424133,39450
5098,817111941,51050
5099,1305006384,49900
5100,41213701,42920
5101,184195569242,29900
5102,3447376792,53360
5103,2107442319,57580
5104,1568415235,55410
5105,65406865703,17280
5106,13262870369,30950
5107,257565834,47010
5108,864353070,55510
5109,33854502558,23450
5110,302270237,41920
5111,17290270887,11750
5112,691354610,35550
5113,19984788313,204180
5114,1853990603,64110
5115,978648171,36310
5116,15370197263,17860
5117,37626867549,31050
5118,13074164597,16600
5119,921500073,55400
5120,298141086127,14210
5121,30115678114,18480
5122,55010430037,26160
5123,4250146741,33600
5124,1020154320,56000
5125,101854650162,119650
5126,1072709312,33100
5127,674617499,64330
5128,4427158292,319270
5129,2060764608,34910
5130,140922750669,116320
5131,65381773729,27080
5132,2943729185,67270
5133,59498389388,143590
5134,21245108197,22380
5135,95767978476,111730
5136,950152031,60100
5137,15209110968,25300
5138,1873038560,35760
5139,82566953902,25430
5140,227434353,45180
5141,1428556344,83500
5142,44910394541,184550
5143,864547034,73790
5144,55456818348,19970
5145,173574493781,25390
5146,53409349832,10100
5147,72312480830,159120
5148,8809635874,33450
5149,87690576665,140100
5150,1680516862,62810
5151,26411647433,18320
5152,2031088808,887250
5153,52295047194,24020
5154,28817645643,24850
5155,4213865364,86430
5156,53172929564,22820
5157,52816588168,12860
5158,48477139296,12460
5159,142667404579,17910
5160,15700282152,31510
5161,2138675727,52090
5162,1720198094,78520
5163,19913212122,14400
5164,71669866242,11880
5165,1631738995,1000000
5166,14406325076,28100
5167,103013322273,121380
5168,1326265173,494820
5169,31624462478,27350
5170,11169498489,31800
5171,42696556036,31870
5172,41960725561,27150
5173,36879273869,17140
5174,13696731951,20480
5175,78494002899,158320
5176,2557427042,32480
5177,2126830698,395030
5178,126499091281,11520
5179,1640081574,51230
5180,47041105128,26910
5181,88514095016,98030
5182,100553487,42580
5183,1140245137,67380
5184,93055523133,117220
5185,2779059179,35700
5186,41851576292,15400
5187,1062519998,70820
5188,120558737,44320
5189,13597838470,21400
5190,37326142645,25360
5191,1036129032,85900
5192,49207048783,21960
5193,203720378,47610
5194,3318669034,82830
5195,22317738016,21350
5196,1280669659,36720
5197,208686901,44760
5198,15968964813,19560
5199,1751423990,36320
5200,24846613522,18800
5201,13886955570,213050
5202,75473015219,124360
5203,43115760993,24410
5204,1631738995,1000000
5205,316546887,40660
5206,1204335177,68740
5207,113786074923,13620
5208,3255118394,69910
5209,158378771042,109890
5210,25703828160,31760
5211,2300222009,82510
5212,271843632,44290
5213,87408291606,13050
5214,282204831,40910
5215,844668835,60350
5216,131333318,46010
5217,1167967906,56200
5218,1631738995,1000000
5219,63492136698,123720
5220,253211928,38720
5221,78256468095,11450
5222,19049030128,13960
5223,16471274664,16700
5224,1014087521,37360
5225,851099420,44710
5226,10460628957,25000
5227,27402271562,23800
5228,45159626041,17050
5229,72533899636,114730
5230,2231843912,76740
5231,25553867219,28340
5232,6794665272,33360
5233,24362149542,24150
5234,88815143689,104620
5235,76499235718,21430
5236,36227790955,19310
5237,35206708159,209850
5238,62050792018,17220
5239,50010969395,13840
5240,1582953761,50580
5241,2395491457,53890
5242,46356008569,18980
5243,2187276473,61040
5244,65155562880,18910
5245,525710008,38360
5246,124212322538,15730
5247,16621932651,17300
5248,1113102121,64280
5249,9919888708,27740
5250,2316242628,86360
5251,33808150331,25680
5252,21332525229,18200
5253,58852466552,14380
5254,6017605656,53930
5255,2179682818,87350
5256,168179807,43760
5257,34051118165,16520
5258,97288561091,99340
5259,187571086,43700
5260,109888375014,27820
5261,28817645643,24850
5262,26441271661,26250
5263,13108767294,31280
5264,2720684416,55590
5265,56013076995,16820
5266,254524967,45350
5267,1370448113,62850
5268,1416184182,74190
5269,1956031661,58840
5270,26713291883,25880
5271,12370260581,17440
5272,1241856236,90580
5273,568458367,45970
5274,519809320,46090
5275,96918142909,138700
5276,2810375642,62750
5277,679457153,72420
5278,28137966581,12960
5279,153386643,43420
5280,1678301001,67970
5281,19915537953,19690
5282,139442691246,123180
5283,38470708918,13380
5284,1674948704,74510
5285,39149199429,14900
5286,45552700653,14080
5287,6618928776,31350
5288,601281229,37760
5289,177309916,40720
5290,15415977530,15000
5291,1094495902,60040
5292,50504292062,175430
5293,58192362683,29520
5294,3531870169,92500
5295,4600455861,77240
5296,59763139801,30580
5297,1751423990,36320
5298,1065675279,68470
5299,2456661260,388160
5300,17317254802,14850
5301,8134293297,32780
5302,62504361229,29400
5303,26224264781,12300
5304,1683689068,68540
5305,811298469,35980
5306,4916266919,83870
5307,4732222352,34050
5308,2321699483,35710
5309,4063773417,89790
5310,1143451295,72020
5311,38046327726,25130
5312,35427407247,12100
5313,11544330483,18820
5314,3985070804,33300
5315,62790876487,25670
5316,28239516012,25200
5317,619356231,64410
5318,137396957,41140
5319,18577413391,26650
5320,1167039050,91520
5321,2432582723,86160
5322,1839375263,60140
5323,317875425,43510
5324,1116156053,35500
5325,1466303822,66700
5326,119527811269,134650
5327,72729121021,30590
5328,13597838470,21400
5329,1765653200,49780
5330,598331337,37500
5331,2157427914,66570
5332,1778838258,65710
5333,98361755870,28680
5334,17500395948,24800
5335,10021897467,23200
5336,1251532470,60010
5337,23551713681,13880
5338,189040615,44310
5339,22825466302,31880
5340,1817493532,71670
5341,19733236061,17650
5342,1057631781,95360
5343,78785341694,27090
5344,2203545175,36130
5345,6799409598,32210
5346,47974690022,20670
5347,15212996425,14000
5348,257406345,39330
5349,14037398643,14500
5350,3391174760,35220
5351,132539028920,10810
5352,3787267823,89390
5353,245443850,42470
5354,1002173127,51640
5355,24665681208,17100
5356,91000137,47770
5357,382417194,39300
5358,15415977530,15000
5359,9966939481,21600
5360,160415459,39720
5361,19106552719,31320
5362,65390376476,15420
5363,4711585919,35300
5364,34174865717,27510
5365,418831927,42770
5366,384191379,44250
5367,2355770031,57690
5368,91684274573,105090
5369,865124480,40460
5370,103929252308,121850
5371,32593402267,22350
5372,141839080,46310
5373,22077591852,19150
5374,47262781,47000
5375,668040133,52120
5376,3406584300,34520
5377,15269062707,11500
5378,2721549077,81650
5379,229520041119,29510
5380,116720651,42800
5381,47005371111,18420
5382,186604772684,14370
5383,1241306162,77200
5384,73929846927,18070
5385,179035308,42420
5386,79471465033,11660
5387,68725560166,19420
5388,43865790894,19280
5389,18478125009,31790
5390,61805000561,27240
5391,123726657123,12420
5392,1130576654,36230
5393,50346887929,20820
5394,8346863649,32710
5395,248841417,45130
5396,36912513109,97120
5397,39814103731,30630
5398,2422597203,34170
5399,179815424,42830
5400,1380363952,58190
5401,42166437606,159850
5402,19068532632,12940
5403,1078010751,71910
5404,4864762711,32980
5405,1990808044,56780
5406,38978792540,21590
5407,16671615759,17000
5408,2916646070,398000
5409,84545719814,17690
5410,837503861,78700
5411,27681409375,27000
5412,107851337200,127320
5413,97074831095,20990
5414,4101172829,58520
5415,110279791980,29340
5416,3158880564,68880
5417,114073515878,115330
5418,43501996949,24530
5419,24981432612,23780
5420,179081664,41780
5421,41501229438,23000
5422,56362882366,99600
5423,1631738995,1000000
5424,1432671255,71470
5425,409974773,41200
5426,821490764,46410
5427,329709884,39340
5428,13313163470,31950
5429,476704625,47230
5430,31265914644,11600
5431,22830933389,24890
5432,13378711542,12600
5433,68725560166,19420
5434,132270532291,109780
5435,167860383371,103340
5436,37423098053,20980
5437,1625827022,70950
5438,81355524747,17400
5439,19533110212,19500
5440,25260575034,24170
5441,83768721654,134320
5442,1873038560,35760
5443,32942908226,16300
5444,1188872627,37830
5445,1903496534,74180
5446,5497574956,31420
5447,1598785642,50720
5448,1374398176,53690
5449,87082410631,18870
5450,17699354512,15050
5451,1415510048,60150
5452,5023084202,33960
5453,50346887929,20820
5454,1445526417,36860
5455,7929079781,293200
5456,80851257311,135000
5457,922696172,84730
5458,10460628957,25000
5459,210852314,42290
5460,109690803987,16850
5461,43638851183,25970
5462,34540471920,26480
5463,3013356019,50430
5464,2534784064,33840
5465,45440822326,30180
5466,17040484266,23950
5467,98231198,46630
5468,23735100865,25780
5469,1631738995,1000000
5470,17352688335,13240
5471,292294986,40770
5472,170481357541,13790
5473,78929501822,20330
5474,1002173127,51640
5475,25882649399,214640
5476,1869362366,54910
5477,39059444512,25850
5478,28831914222,15780
5479,2368906458,34220
5480,52607696761,23040
5481,4711585919,35300
5482,114607454828,17740
5483,516857788,48100
5484,19106552719,31320
5485,1959422397,48080
5486,1923799216,48090
5487,906169889,50810
5488,56191503927,24740
5489,81768151701,157020
5490,175181366,47320
5491,49218116867,20120
5492,24981432612,23780
5493,24665681208,17100
5494,77017899036,18230
5495,253753259106,24260
5496,1631738995,1000000
5497,57968587629,14350
5498,995830868,64440
5499,112266243,42940
5500,107813967,41800
5501,1681797517,71250
5502,30809472740,20620
5503,80409751380,30320
5504,44601256535,110370
5505,133840229,45520
5506,149527371046,29300
5507,30809472740,20620
5508,2655350803,67960
5509,4864762711,32980
5510,19816244666,30990
5511,28113089979,19110
5512,706544623,53950
5513,1738546616,727530
5514,428047614,44270
5515,36144847948,26840
5516,36531313013,21100
5517,1021456583,54790
5518,1488214508,87240
5519,56730751704,22520
5520,2813222283,33950
5521,72729121021,30590
5522,1732207667,48190
5523,124556837623,118930
5524,4298401306,79850
5525,4925300912,81900
5526,28089660686,15900
5527,2287450376,75680
5528,52755534935,138060
5529,3608868588,71030
5530,32593402267,22350
5531,58138179192,26930
5532,49496830942,19070
5533,32664879670,23620
5534,2665111018,33500
5535,62541083876,25570
5536,1565338415,35450
5537,58185294563,26050
5538,478526148,41530
5539,1916241176,94600
5540,1410148687,65180
5541,922757198,67500
5542,90993455123,149420
5543,582446178,38180
5544,30116808204,14720
5545,4580173938,91530
5546,674811634,40070
5547,686805446,36240
5548,2675776618,49210
5549,23735100865,25780
5550,3220123677,80400
5551,991790636,48520
5552,6734528253,54210
5553,50937494675,113130
5554,265027913,43130
5555,62142363351,24390
5556,18703693541,225800
5557,740218215,55430
5558,15700282152,31510
5559,12529736670,25180
5560,54613073448,155860
5561,20763867777,19750
5562,1425909149,58410
5563,271300194,43030
5564,200653988882,12570
5565,81098926703,11140
5566,97982225121,105180
5567,1484111911,51580
5568,8785000936,35050
5569,4003083115,35040
5570,36578768468,207760
5571,1033610101,67650
5572,46646968672,107430
5573,27021423680,23390
5574,141904917580,11120
5575,43685827197,19450
5576,432199265,40360
5577,733940752,52950
5578,146499479450,114840
5579,1631738995,1000000
5580,55022858458,18380
5581,3733726683,68890
5582,30860554806,10400
5583,1669868212,66160
5584,27946580149,18090
5585,65155562880,18910
5586,97713621929,150220
5587,1871668393,48800
5588,21588729272,30600
5589,1550593991,33590
5590,59933849294,16110
5591,72926475548,24420
5592,1705178955,49880
5593,354842260,41130
5594,47810622709,28510
5595,85382056901,17850
5596,14854935840,26000
5597,49999730466,114780
5598,31646471750,23350
5599,1438430202,79790
5600,1694093869,36440
5601,11740205694,25700
5602,1631738995,1000000
5603,61042638688,15020
5604,1839375263,60140
5605,627524386,60310
5606,37929209689,19590
5607,79288974117,122130
5608,36308356891,114580
5609,5212274845,32640
5610,2754959309,61140
5611,128920380328,130400
5612,56764627249,175770
5613,733940752,52950
5614,2912381797,66260
5615,187397207463,29370
5616,182480206890,100730
5617,61070687456,22150
5618,820041598,66100
5619,2313591278,33800
5620,23338015042,16100
5621,1837042852,67840
5622,107813967,41800
5623,24836711839,21650
5624,134439735,43930
5625,58037634093,13120
5626,139182060279,106410
5627,5921037305,10000
5628,1218740062,42230
5629,30709358619,17510
5630,674882483,37450
5631,22738853349,10080
5632,15824340416,31220
5633,9919888708,27740
5634,1151738606,54950
5635,9492969702,254560
5636,883575286,47950
5637,52006394875,29620
5638,2397017330,78260
5639,81372994085,10440
5640,1432567795,49400
5641,9124344200,35190
5642,1760616848,33080
5643,64387235118,22490
5644,55241510149,29100
5645,641033554,35280
5646,116036772,44830
5647,47005371111,18420
5648,55065325562,23540
5649,1299357734,89710
5650,16920717376,22800
5651,33808150331,25680
5652,13380422730,23400
5653,1531506051,49380
5654,47495969857,25320
5655,79602228552,153810
5656,65378861284,15710
5657,851428503,62190
5658,52838154,46520
5659,33104231917,10680
5660,21677571436,27160
5661,64524672007,108300
5662,265825149,43260
5663,36489171794,25010
5664,1291075738,89520
5665,37464328803,10880
5666,100596830161,29700
5667,2060764608,34910
5668,15332473314,26460
5669,30155432199,16290
5670,89773116943,28080
5671,43134529375,19850
5672,17872142543,14300
5673,270203828,43240
5674,28303784697,16720
5675,71183625519,128850
5676,2012854466,81850
5677,66066370,42550
5678,2184578281,453660
5679,151288173974,29090
5680,598151154,63040
5681,1705143848,32200
5682,1631738995,1000000
5683,1317287808,77160
5684,153079393304,110200
5685,30195269319,25280
5686,530805181,64920
5687,509896069,46770
5688,2916597756,33340
5689,2916597756,33340
5690,304525348,42850
5691,1587580952,35260
5692,91556315041,24770
5693,4493535626,315120
5694,12635210498,23500
5695,78026959772,13740
5696,184200659,39370
5697,2092435391,34200
5698,37423098053,20980
5699,515012649,37710
5700,267738788,39030
5701,591649146,87500
5702,14522310942,14060
5703,304525348,42850
5704,968830042,48420
5705,49567566189,23910
5706,226635679,40970
5707,55378221550,27380
5708,15878150283,15950
5709,19765776310,24060
5710,1754677641,36960
5711,5281845718,34790
5712,65589543783,11550
5713,1532805375,48870
5714,6735664401,32260
5715,101461948457,149380
5716,3757077274,55850
5717,3809116739,85130
5718,25922689803,25100
5719,325414035,43210
5720,75470879077,16340
5721,24826996500,31020
5722,2492420179,34970
5723,50197576655,22190
5724,8101115241,20840
5725,1190801289,58080
5726,16656548476,17500
5727,2051865364,49520
5728,3467591384,295560
5729,92000552569,26820
5730,564183957,38700
5731,374104493,43870
5732,15139950852,12000
5733,297227885,42740
5734,106292296383,137470
5735,817111941,51050
5736,6545391708,55480
5737,64125362778,28720
5738,863237983,59400
5739,8101115241,20840
5740,2810020946,66330
5741,34826781636,18040
5742,1164730164,34180
5743,19221989618,21850
5744,41334335293,25600
5745,237003670,43450
5746,59083013007,13140
5747,103023107680,118240
5748,266220337,41470
5749,2381061643,70270
5750,1550535619,76260
5751,56269074847,13660
5752,3633743290,84970
5753,1084602473,85440
5754,10021897467,23200
5755,57806500123,24550
5756,198531248,42560
5757,54530638179,100360
5758,1338480339,81380
5759,10588033325,23680
5760,1563706894,55560
5761,8085474109,11000
5762,3092393275,87010
5763,68798509268,18440
5764,8296866576,21900
5765,332591425,40480
5766,19781196089,23640
5767,127327248996,18490
5768,334552513,37790
5769,53537785008,15520
5770,179121645548,105100
5771,66182785335,11560
5772,1135785241,36630
5773,726757896,50400
5774,1197910455,58070
5775,49235057290,20100
5776,1549716376,37440
5777,1691634481,57890
5778,1836457706,53560
5779,2211868700,69400
5780,2011479233,55090
5781,3430458143,35400
5782,11544330483,18820
5783,73847159816,21510
5784,1631738995,1000000
5785,1172851318,93320
5786,996735443,61510
5787,1395172573,54640
5788,985071251,52660
5789,1599087121,94250
5790,26785007357,24570
5791,36224244366,24440
5792,103938971955,124960
5793,2302764090,51850
5794,1520470110,68580
5795,14854935840,26000
5796,292272884,41520
5797,770721784,51750
5798,113004047,45490
5799,24280202958,17950
5800,101157610722,119340
5801,2204315345,69460
5802,3648273793,53510
5803,1169995751,36250
5804,1486421612,67860
5805,37656571114,25030
5806,115113146575,113970
5807,37968163883,142260
5808,1430945583,55770
5809,702043340,50080
5810,2510192161,433260
5811,1558267474,77090
5812,47145317344,16890
5813,19533110212,19500
5814,1787285992,53680
5815,292398717197,13770
5816,121966366,40100
5817,966607496,36100
5818,33689322989,24610
5819,1550535619,76260
5820,49235057290,20100
5821,50346887929,20820
5822,99448674370,120400
5823,1338280096,71730
5824,34934558483,182240
5825,70120083483,15230
5826,61741944852,139940
5827,2362501811,34960
5828,6740202111,31940
5829,317128054,39990
5830,39864628972,96950
5831,1172609876,51880
5832,9525655105,48620
5833,65771870643,132620
5834,47095388432,21080
5835,60217269,43920
5836,369665979,42260
5837,15256087012,10300
5838,94569933662,112870
5839,144682939,44040
5840,2362906105,87830
5841,42568519534,26190
5842,1677171162,88030
5843,159616958,39490
5844,35393760318,13190
5845,455852946,39080
5846,80695974209,15060
5847,701293897,42640
5848,850217919,61980
5849,1404498551,50420
5850,68389065,42650
5851,11051108822,32940
5852,13549969722,17840
5853,119740757265,27460
5854,2640952630,65280
5855,74887879477,24950
5856,87930334985,11160
5857,2814530785,48640
5858,3246287795,34740
5859,121081483130,105550
5860,2485556152,65870
5861,1990401833,76420
5862,824946011,53800
5863,2946242711,384800
5864,386209859,41990
5865,15075237399,20500
5866,24287704285,18740
5867,119314940980,20270
5868,482665730,42140
5869,594193791,37100
5870,1705763397,89240
5871,28532854762,20320
5872,20312580565,31710
5873,1494049925,54060
5874,74165287901,30130
5875,2395491457,53890
5876,76708673953,15930
5877,265648552,44880
5878,11835160642,32860
5879,62504361229,29400
5880,20214540506,24190
5881,157444647426,103620
5882,590154290,36500
5883,35235920,47200
5884,30860554806,10400
5885,197866973,42680
5886,964901906,72230
5887,123390292525,117660
5888,6446853625,31620
5889,74240862370,24280
5890,32942908226,16300
5891,217335387,39800
5892,27762926584,25500
5893,30226971708,27790
5894,20164471771,17150
5895,37083274318,28440
5896,283791912,41170
5897,8101115241,20840
5898,708402499,60600
5899,2641373586,48900
5900,13937887246,31160
5901,542047140,41910
5902,38294574307,24220
5903,48924219597,31030
5904,2178070367,33230
5905,451108847,37630
5906,40248886135,16540
5907,1594590186,52920
5908,3306194592,49680
5909,18973023210,21200
5910,44160343987,11900
5911,4810477508,78990
5912,28535155489,17700
5913,18569873872,23300
5914,1716440625,80790
5915,81355524747,17400
5916,679457153,72420
5917,98011207192,123810
5918,104246320,42370
5919,19068532632,12940
5920,14037398643,14500
5921,2321699483,35710
5922,149140870,43190
5923,437840531,42380
5924,1169292245,36180
5925,394927874,38300
5926,30084375971,25250
5927,1152596396,60370
5928,28831914222,15780
5929,1563046872,54670
5930,165129231,46530
5931,2084098603,37970
5932,114177850,44350
5933,17040484266,23950
5934,97365801574,128270
5935,2285030061,390510
5936,12117734393,20290
5937,508607459,38340
5938,3984091009,63390
5939,572206676,40600
5940,1316543277,63640
5941,2794851884,65750
5942,2613185389,65120
5943,1388650375,70010
5944,93617829680,154040
5945,18569873872,23300
5946,19824565788,232360
5947,78221692149,13850
5948,217562611,45390
5949,40962683772,20600
5950,406883978,36800
5951,64912555569,21090
5952,4125523889,34300
5953,26954502836,21890
5954,996119850,54080
5955,34051118165,16520
5956,778170920,71840
5957,40418768993,21070
5958,46732446976,12340
5959,1753958639,68700
5960,99176619406,139980
5961,151092871204,29600
5962,3713962145,75530
5963,26011446033,28380
5964,4864762711,32980
5965,237384393,40230
5966,16090103748,31340
5967,60256838359,12760
5968,30860554806,10400
5969,2719025468,64210
5970,62611869151,20470
5971,52006394875,29620
5972,171376051,44500
5973,932765774,65740
5974,28543263715,17460
5975,12066502163,33020
5976,2705652764,368630
5977,39937412905,22960
5978,2339187829,73750
5979,99567606040,14220
5980,59446441280,17540
5981,1564217845,68530
5982,36403960863,18520
5983,11740205694,25700
5984,530805181,64920
5985,23328308469,28670
5986,11659229337,30730
5987,42484091798,27700
5988,1631738995,1000000
5989,261610061,42210
5990,5921037305,10000
5991,24953211633,28020
5992,137302209061,109350
5993,26092012768,216860
5994,2095861127,34850
5995,52309800498,24870
5996,97656246,43180
5997,43134529375,19850
5998,2551621263,48130
5999,75972118547,119320
6000,152120820116,106140
6001,1187200925,48270
6002,2067146988,76470
6003,1005483587,70330
6004,87687507498,17370
6005,43333005421,22210
6006,691147981,36540
6007,26290561592,28600
6008,179942021,37600
6009,24665681208,17100
6010,49777359859,24580
6011,1303620778,74840
6012,67764958701,16580
6013,2628802891,77420
6014,60650416742,16360
6015,110166808877,28970
6016,1655272260,35850
6017,829358399,59040
6018,1436697048,58810
6019,25259689223,24780
6020,30867560925,31390
6021,1555818632,48540
6022,24362149542,24150
6023,126698850927,30020
6024,157414016085,113660
6025,1804019797,85070
6026,49105597402,23860
6027,46848216759,15760
6028,1522800587,67240
6029,3418615930,60470
6030,134724691712,110850
6031,1126931297,74530
6032,214509163012,29710
6033,671797868,36790
6034,472545976,42430
6035,33661785903,26790
6036,1869282388,38620
6037,113635569591,28780
6038,19720899101,16660
6039,25784050372,22000
6040,17089269526,26120
6041,4752017388,323490
6042,865025241,64860
6043,41196050480,18460
6044,100176358627,29380
6045,80378931577,142210
6046,77859726070,12130
6047,12738484404,20430
6048,3196093679,33850
6049,176942509,45560
6050,830423616,59780
6051,1973489107,70340
6052,2454264678,54500
6053,768212974,54700
6054,25922689803,25100
6055,303951886,40940
6056,33839203965,26500
6057,1060415951,38740
6058,68915649196,25650
6059,2650769718,34950
6060,2143624630,67570
6061,319366051382,12210
6062,32220742424,200820
6063,20164471771,17150
6064,84875575194,16870
6065,57516114629,11080
6066,62239593535,151130
6067,65317430779,125840
6068,13749746627,18260
6069,405438678,38750
6070,68817880676,13980
6071,597941274,39170
6072,18635719324,15100
6073,11214989092,22980
6074,12564986713,25760
6075,70592210844,103570
6076,8134293297,32780
6077,5252297299,65680
6078,1683707154,53190
6079,40715249564,21780
6080,2143587767,93620
6081,20271072387,19680
6082,19048350386,32000
6083,68443709094,10280
6084,1897542226,87550
6085,47788817752,18570
6086,27762926584,25500
6087,41111666437,20870
6088,987729963,38100
6089,51755226246,21920
6090,12175959216,13600
6091,55474904428,12850
6092,797146018,59670
6093,1385013389,35670
6094,75569493452,24720
6095,42484091798,27700
6096,2475786399,71490
6097,34197580549,15200
6098,512139464,39280
6099,856073182,53580
6100,3557197602,78790
6101,109393922402,110160
6102,2445792587,48170
6103,145679629,43500
6104,58138179192,26930
6105,116013024,42110
6106,25259689223,24780
6107,71676708523,26390
6108,14913710173,32310
6109,8597498625,15300
6110,1714133943,34040
6111,278624276,41060
6112,14401704407,16500
6113,2130460804,66070
6114,27453873209,26690
6115,65589543783,11550
6116,3339688532,35240
6117,66953439280,23470
6118,1469215441,89010
6119,6470640495,58390
6120,90256966638,29660
6121,964965276,61020
6122,2665111018,33500
6123,4854570977,31700
6124,1432319661,52260
6125,304963033,45310
6126,66289101676,29950
6127,25182861324,26220
6128,8085474109,11000
6129,33839203965,26500
6130,48528795678,14650
6131,3718582074,32190
6132,74064645473,157900
6133,31229562343,30500
6134,21631552444,26750
6135,81059730594,13810
6136,1822757007,51100
6137,92845360326,142200
6138,1631738995,1000000
6139,73086990904,18190
6140,19578529441,30450
6141,271472030,47680
6142,7694107713,24900
6143,629996214,68750
6144,96497170884,21910
6145,1594590186,52920
6146,1327954837,56430
6147,41294672559,24540
6148,4521361319,32660
6149,5570433316,67770
6150,25312099205,15110
6151,280345467,39760
6152,22750135145,21320
6153,70498292717,24650
6154,40715249564,21780
6155,3011330685,34920
6156,3901383404,83090
6157,438600315840,12870
6158,143839095801,22070
6159,23384686339,21680
6160,81098926703,11140
6161,1614167084,61090
6162,18635719324,15100
6163,34229453564,21040
6164,62157265372,14150
6165,146657492754,12310
6166,21924780750,21010
6167,672272035,60000
6168,5548606451,84390
6169,18658263160,30460
6170,23384686339,21680
6171,56013076995,16820
6172,1187200925,48270
6173,171376051,44500
6174,1481784264,60790
6175,1810255270,61870
6176,89779729227,27330
6177,20047359759,28400
6178,116013024,42110
6179,81252704002,26370
6180,59446441280,17540
6181,15713574477,24100
6182,699075445,35620
6183,1436032479,72150
6184,4139972881,33920
6185,49567566189,23910
6186,515012649,37710
6187,347066566,39550
6188,2019268588,77820
6189,44573769257,31090
6190,46825282639,174380
6191,21287332433,31890
6192,24846613522,18800
6193,71676708523,26390
6194,641033554,35280
6195,15415977530,15000
6196,647389033,54110
6197,55701451700,10380
6198,21817176627,19120
6199,2628802891,77420
6200,250867977,37200
6201,4057579033,90070
6202,26583099214,26300
6203,797573944,51700
6204,62451478749,123900
6205,15096223682,26090
6206,7061062789,294370
6207,1663733353,60060
6208,47420037135,21790
6209,1251420456,636240
6210,50776346732,12710
6211,13882870228,26070
6212,24665681208,17100
6213,33973621953,20850
6214,2278313526,624590
6215,83219449699,16740
6216,5281738365,62030
6217,8101115241,20840
6218,15016173997,20700
6219,106113849,45910
6220,16696015260,30900
6221,106412706450,114140
6222,75229826332,148980
6223,2060797254,48770
6224,147074571454,29880
6225,16045577416,16000
6226,34935271309,25590
6227,5751597917,34980
6228,768322602,37090
6229,4459591754,55030
6230,14401704407,16500
6231,15484020783,13300
6232,109477212,46920
6233,1811698590,49790
6234,820041598,66100
6235,52476067609,108510
6236,6825304777,31500
6237,69229312042,30290
6238,1631738995,1000000
6239,866197758,39630
6240,1080501026,59830
6241,1315435349,867110
6242,1413016180,815210
6243,72257839175,29350
6244,432858644,37750
6245,220104244,43350
6246,62504361229,29400
6247,102347723766,26730
6248,461028209,40900
6249,15241819764,13200
6250,17290270887,11750
6251,41334335293,25600
6252,31265914644,11600
6253,3717965658,32920
6254,2512341725,72530
6255,1206555222,51980
6256,97020392152,15530
6257,16250883444,22340
6258,1157687241,59130
6259,8018007742,33440
6260,711613273,61590
6261,40919572290,11940
6262,268458850,41210
6263,3512174465,85290
6264,1134814293,63500
6265,50787716016,28220
6266,39566793244,95940
6267,16425153791,30350
6268,3576022235,34620
6269,50137442943,25460
6270,906584031,58920
6271,495010458,43170
6272,9917822452,32280
6273,64890665743,26240
6274,1131650149,38140
6275,47590817538,15700
6276,1241306162,77200
6277,30860554806,10400
6278,786879774,37690
6279,222645114,41250
6280,867797600,81180
6281,25922689803,25100
6282,67652384114,10700
6283,62142363351,24390
6284,824382934,59410
6285,77358320092,25870
6286,53819069043,152740
6287,14953140135,32930
6288,1199974299,35890
6289,17872142543,14300
6290,11835160642,32860
6291,11169498489,31800
6292,44301316936,26060
6293,12529736670,25180
6294,1068679149,58200
6295,222645114,41250
6296,292272884,41520
6297,2195846521,649150
6298,25259689223,24780
6299,27402271562,23800
6300,864353070,55510
6301,43115760993,24410
6302,1014087521,37360
6303,26799977040,21720
6304,43194945133,12780
6305,1522560278,48720
6306,3406584300,34520
6307,1163621673,49860
6308,3679766449,69620
6309,2650769718,34950
6310,1796140037,72140
6311,49427172601,30040
6312,51671452648,28540
6313,14490409743,25480
6314,1726357977,67760
6315,58909798910,22370
6316,29092281328,20450
6317,2064487787,59760
6318,2080723707,63730
6319,26078725712,31810
6320,40581309322,21180
6321,293436722118,29960
6322,5497574956,31420
6323,85469438992,29060
6324,57925406744,15220
6325,387763191,43270
6326,18911838573,28280
6327,1499579667,48860
6328,1426305222,59880
6329,10777764971,11400
6330,44359162413,109810
6331,31473491054,24700
6332,15836834070,22160
6333,46991134952,16770
6334,27530071116,17550
6335,5887892452,70160
6336,130964437213,16830
6337,28028044957,15980
6338,159508445855,19890
6339,3445143039,34100
6340,34540471920,26480
6341,60834298902,16470
6342,24665681208,17100
6343,1224554872,50360
6344,2126421954,64640
6345,5418969406,55860
6346,41851576292,15400
6347,1062388240,77880
6348,12755555429,17470
6349,146991506949,113420
6350,323376822,45850
6351,49536586855,25830
6352,1308374485,53770
6353,128522310772,29200
6354,31229562343,30500
6355,83245436084,141430
6356,1094385091,71630
6357,65122339370,155430
6358,76485500662,102910
6359,686805446,36240
6360,46549464576,14860
6361,2286376117,37660
6362,116256958139,29270
6363,198014651,46650
6364,736161705,88300
6365,40594907107,26590
6366,293126043,41430
6367,50010969395,13840
6368,30960317809,18900
6369,654116258,43660
6370,824646705,70700
6371,98468339684,27650
6372,5921037305,10000
6373,947955481,38730
6374,16666559748,22200
6375,3267299589,59960
6376,113635569591,28780
6377,1979769037,52280
6378,1180308577,54920
6379,19765776310,24060
6380,72257839175,29350
6381,61805000561,27240
6382,1720037207,54420
6383,55987971004,15160
6384,4524989404,70670
6385,1577414887,88780
6386,62790876487,25670
6387,78999070290,27980
6388,92960474293,104780
6389,164056353844,11040
6390,538524587,80600
6391,33244985015,134660
6392,41972943163,28170
6393,58138179192,26930
6394,45624891976,11540
6395,169496546,42860
6396,15635220941,25060
6397,10992144526,35430
6398,1094648866,36850
6399,160415459,39720
6400,821797924,59490
6401,3512474596,69630
6402,2722690371,83630
6403,941343937,62660
6404,2051865364,49520
6405,35508041271,96350
6406,737748846,46170
6407,155134835458,106110
6408,43115760993,24410
6409,14112508657,31980
6410,48924219597,31030
6411,2508648992,69300
6412,24942410999,13550
6413,576424133,39450
6414,3446548229,36510
6415,19533110212,19500
6416,25601318259,26490
6417,91160790694,109920
6418,230526994,46070
6419,2560933314,51660
6420,37547961631,16900
6421,16496210356,23850
6422,159616958,39490
6423,207929605,46590
6424,123469909,44480
6425,1191269410,57120
6426,1769549346,79220
6427,42448808126,17490
6428,9073676657,24880
6429,1159485311,50740
6430,1043748304,53300
6431,25553867219,28340
6432,9905822592,49870
6433,30412907126,18640
6434,1022909091,49300
6435,1686808256,83830
6436,44802303961,17970
6437,4779993103,75000
6438,166276322,46990
6439,1757133769,90750
6440,16843158054,21410
6441,269739029,44870
6442,39864628972,96950
6443,66507087085,165180
6444,8967539344,32150
6445,23211945639,26450
6446,1044951095,529380
6447,1560294603,61860
6448,34424666716,27910
6449,610562329,42410
6450,982700275,63280
6451,108897026763,24110
6452,51755226246,21920
6453,15706772192,17250
6454,52037401887,22120
6455,287749650,45710
6456,271843632,44290
6457,1660888457,48070
6458,68515280690,20930
6459,52006394875,29620
6460,24711842653,22890
6461,47570883871,22530
6462,26704245525,18880
6463,126698850927,30020
6464,21354192685,188110
6465,22859046034,23810
6466,68827732899,25160
6467,19106552719,31320
6468,1159991754,36900
6469,15415977530,15000
6470,64387235118,22490
6471,27186899100,222290
6472,16656548476,17500
6473,471868313,41810
6474,6902951593,33830
6475,32593402267,22350
6476,586244091,39010
6477,1630410371,80940
6478,292765098092,29770
6479,81059730594,13810
6480,32329734658,17380
6481,60140852560,20880
6482,174546255,38420
6483,72997457471,162190
6484,31473491054,24700
6485,906169889,50810
6486,101819074353,29870
6487,1660888457,48070
6488,2247580566,57670
6489,150978538,40170
6490,103496654,45240
6491,1959147690,51920
6492,1089130858,65840
6493,3943654938,90820
6494,44447030406,19130
6495,30537873867,111780
6496,3886933167,74490
6497,788645052,46030
6498,197992481403,27690
6499,786067742,50340
6500,699075445,35620
6501,12579447919,19550
6502,71529262800,98340
6503,253425413,38450
6504,1291075738,89520
6505,2088812922,57210
6506,87140852847,156000
6507,26983698392,30790
6508,1417473910,80800
6509,479224048,40960
6510,40143322519,25720
6511,1662301289,34810
6512,21817176627,19120
6513,127028793812,96540
6514,2111982147,84950
6515,26794617770,13400
6516,49787965274,185380
6517,1451011643,40650
6518,65381773729,27080
6519,34721363845,26020
6520,1895911929,78250
6521,17919348647,24840
6522,72024658162,19840
6523,1400640808,36820
6524,76122229016,15310
6525,21509159440,21000
6526,27451256944,26740
6527,1281882406,48980
6528,104340156286,27420
6529,1710233052,79620
6530,31980352960,19540
6531,293146843,43710
6532,148384647748,117060
6533,29805533500,110900
6534,302588764,43150
6535,2708515956,57000
6536,78508744,42300
6537,1180278952,70370
6538,3282914330,59250
6539,986348817,34390
6540,559817451,41590
6541,21287332433,31890
6542,6902951593,33830
6543,17128374143,32910
6544,69748186106,11220
6545,1414529015,70720
6546,1105515882,40370
6547,36957900638,26660
6548,123396054,45890
6549,16496210356,23850
6550,31980352960,19540
6551,5843708474,63790
6552,97656246,43180
6553,832849063,82600
6554,104340156286,27420
6555,19015833190,20900
6556,31086951478,28130
6557,134760349004,120000
6558,29278399330,17320
6559,1631738995,1000000
6560,24665681208,17100
6561,46416427689,22600
6562,174988421922,96830
6563,119270427227,28890
6564,9108554624,31740
6565,1310461754,64520
6566,5063872239,86050
6567,96155377,41110
6568,30870185810,16790
6569,5921037305,10000
6570,179942021,37600
6571,52792210900,15660
6572,25495518647,19860
6573,83842384078,24040
6574,20214540506,24190
6575,109688146453,18170
6576,29083726643,17520
6577,179942021,37600
6578,148060923060,28760
6579,2845561577,54230
6580,47495969857,25320
6581,1631738995,1000000
6582,1812759430,711180
6583,25369830504,134300
6584,253211928,38720
6585,207998780,38890
6586,42448808126,17490
6587,131152378,45380
6588,148225139921,98640
6589,111575305185,24670
6590,1900516085,536260
6591,53126256596,16640
6592,2060127445,34670
6593,108373653972,24360
6594,267738788,39030
6595,65449354194,98370
6596,28280242518,22970
6597,1163621673,49860
6598,8592713409,16550
6599,77280774631,19730
6600,1542502573,50050
6601,385210910,42610
6602,2362501811,34960
6603,22051198415,10780
6604,786879774,37690
6605,700124582,58950
6606,43757809,46000
6607,21256246165,21800
6608,35344470911,16750
6609,8933766969,10120
6610,1820721564,54150
6611,70433567960,97450
6612,1938098193,53340
6613,43757809,46000
6614,156076662525,29070
6615,597941274,39170
6616,2222247275,35310
6617,64827560,43890
6618,999521144,37820
6619,775257020,42170
6620,71791496825,112330
6621,2025585873,48210
6622,1040576527,62630
6623,1662898514,56880
6624,21631552444,26750
6625,26011446033,28380
6626,42484091798,27700
6627,25182861324,26220
6628,698549102,39440
6629,290407115,46540
6630,1628240813,61490
6631,967689915,34700
6632,414307714,36570
6633,146607640324,119430
6634,649714857,52800
6635,51618539927,27760
6636,85323155985,24690
6637,15075237399,20500
6638,938523040,40030
6639,1735835728,79570
6640,1892327141,35210
6641,649714857,52800
6642,34197580549,15200
6643,27451256944,26740
6644,78999070290,27980
6645,34735369733,110150
6646,38025505020,18060
6647,84705126584,23880
6648,88617288649,28930
6649,1322357295,89450
6650,93814257728,23870
6651,62301899119,19940
6652,1146116298,69260
6653,1289989027,57060
6654,24826996500,31020
6655,1400640808,36820
6656,80529525095,124740
6657,1747924223,74420
6658,61070687456,22150
6659,1363486076,74750
6660,1206558770,66980
6661,295791880,47260
6662,13293694114,31520
6663,5549620249,33730
6664,256934409,43730
6665,127610593098,16230
6666,28727425069,29030
6667,586991972,36980
6668,219542893,38910
6669,1082208274,72110
6670,69187120465,18470
6671,991790636,48520
6672,2441550991,36170
6673,71204208010,30410
6674,134745205189,18140
6675,1786727304,66760
6676,5207892040,10600
6677,14253139298,23980
6678,4131406173,89200
6679,2060127445,34670
6680,47495969857,25320
6681,26492773281,27410
6682,97161135608,29450
6683,352619721,41790
6684,1631738995,1000000
6685,292765098092,29770
6686,82590527677,16940
6687,4223837084,80090
6688,53126256596,16640
6689,393415785,38630
6690,1590260608,82440
6691,311433974,44910
6692,51349319228,27490
6693,2036753785,57260
6694,1168742252,50800
6695,2548093075,81980
6696,9495082714,263990
6697,21343667691,12880
6698,363929049,36660
6699,319011366,47740
6700,12506893704,18270
6701,1069762860,48500
6702,19876439793,30100
6703,225970779,47730
6704,62330081712,178260
6705,16250883444,22340
6706,1389476515,51960
6707,10688901513,31100
6708,576424133,39450
6709,93909398929,13090
6710,65032247718,96500
6711,136056503065,22690
6712,1650163375,57780
6713,143676739014,104080
6714,2170013490,53760
6715,379670148,44370
6716,6091203950,53880
6717,283791912,41170
6718,7204006671,261780
6719,40855257342,21360
6720,424654004,39850
6721,44265390677,25620
6722,6245579100,34380
6723,597192409,38260
6724,260318545,43850
6725,66918821,44060
6726,56467476451,23330
6727,83219449699,16740
6728,1046261340,48700
6729,8005651455,31150
6730,2394651193,84150
6731,35809846307,25120
6732,3087384882,377650
6733,2345525975,78500
6734,132612338,39070
6735,691354610,35550
6736,329709884,39340
6737,292555488,40700
6738,2534784064,33840
6739,1063372437,56960
6740,3761016911,34680
6741,30688222926,18130
6742,83884108589,25210
6743,830423616,59780
6744,58185294563,26050
6745,10379975085,30400
6746,25782815157,19980
6747,5921037305,10000
6748,1159485311,50740
6749,145172773229,29170
6750,2573671825,77000
6751,4689412440,31900
6752,1299219562,66180
6753,15256087012,10300
6754,49235057290,20100
6755,540955788,39750
6756,5979332901,53230
6757,90296463754,103940
6758,1863952322,74940
6759,8809635874,33450
6760,1120347656,38680
6761,72477355135,123260
6762,28520159386,19300
6763,58458830799,23260
6764,2131456998,62410
6765,49396298672,20490
6766,86678228771,153800
6767,1856735312,34660
6768,139275380790,103750
6769,1149037679,49250
6770,13851673776,19200
6771,87086642236,151160
6772,83649251155,154380
6773,65321368387,28550
6774,11740205694,25700
6775,12021004839,31310
6776,76725780534,119600
6777,2037812320,64570
6778,621836003,89800
6779,17872142543,14300
6780,35154212207,19100
6781,11214989092,22980
6782,184200659,39370
6783,17500395948,24800
6784,61598617140,25790
6785,1935742425,52890
6786,268458850,41210
6787,42818496987,22700
6788,64433705350,11280
6789,163010279825,29650
6790,1627125829,48920
6791,2380857566,37110
6792,297852860,37400
6793,727324879,64300
6794,2357209512,66290
6795,2713049608,84940
6796,123486502908,125780
6797,130334865464,18990
6798,16496210356,23850
6799,53537785008,15520
6800,1593710664,73850
6801,24287704285,18740
6802,89675087783,102320
6803,6587199896,55270
6804,76993929,44700
6805,1213177422,38940
6806,96627719734,112200
6807,36092934622,25070
6808,283774035,41880
6809,1388366517,74480
6810,22940211578,13700
6811,847452917,87980
6812,91443744912,28990
6813,269975335,44730
6814,59478656525,30200
6815,1235846993,79120
6816,1343738326,61130
6817,53537785008,15520
6818,36500486978,17110
6819,65983781497,26570
6820,39244436334,19620
6821,54583536254,22030
6822,118518335213,15690
6823,36118879660,26140
6824,298707558,40180
6825,597192409,38260
6826,31265914644,11600
6827,9451390383,31690
6828,705780122,38660
6829,32025620892,24200
6830,1441920835,52770
6831,16656548476,17500
6832,6740202111,31940
6833,29519184146,29040
6834,99291744251,17830
6835,2325402888,88880
6836,45964606960,30090
6837,4391016082,76360
6838,152267874,42000
6839,56013076995,16820
6840,1720198094,78520
6841,26583099214,26300
6842,810145112,67080
6843,1358286438,77580
6844,2957528730,33560
6845,633324334,40680
6846,43223920572,27840
6847,2107614226,81300
6848,6710646339,33880
6849,102584885748,126700
6850,2912425612,48890
6851,1860804225,64840
6852,26416815952,21300
6853,1371585985,84230
6854,5921037305,10000
6855,1558298056,458080
6856,1935266178,61890
6857,1790160218,65920
6858,2934182661,70590
6859,96358611214,136510
6860,1535920744,421920
6861,38044361040,198880
6862,38240921045,26550
6863,47615883511,27100
6864,2237062854,60630
6865,36126099993,28700
6866,25312099205,15110
6867,449962127,42950
6868,1479592041,78100
6869,123396054,45890
6870,34888386853,30660
6871,1165750545,35250
6872,64912555569,21090
6873,15713574477,24100
6874,31718287740,20520
6875,62813450997,97090
6876,26085220253,12060
6877,23573752577,20830
6878,3007490747,54190
6879,100502811457,29000
6880,1463336641,58730
6881,1714799591,78740
6882,1579710503,60940
6883,30210009885,213480
6884,16471274664,16700
6885,1052699654,53590
6886,13019544924,31490
6887,1858777499,75480
6888,15139950852,12000
6889,163744988,46660
6890,788953203,36000
6891,76867896822,96700
6892,64366923441,23460
6893,775257020,42170
6894,126499091281,11520
6895,325414035,43210
6896,38978792540,21590
6897,17825749906,26170
6898,1856735312,34660
6899,31980352960,19540
6900,29092281328,20450
6901,1738094346,34440
6902,72798001655,16130
6903,1498877018,77670
6904,333716227,47590
6905,1631738995,1000000
6906,163010279825,29650
6907,133219095,43310
6908,66942545526,15740
6909,7257186632,33990
6910,135989993804,19640
6911,57343371692,23420
6912,113072793146,121360
6913,50200379051,18670
6914,39341073855,22100
6915,223499994,39000
6916,207230984,39180
6917,55374624092,12040
6918,159616958,39490
6919,78074623714,16220
6920,42486529686,26920
6921,1776277520,37910
6922,1631738995,1000000
6923,268726467,44520
6924,55007371409,27560
6925,1075808125,58290
6926,56934598928,20020
6927,56269074847,13660
6928,603853053,61240
6929,51154213914,14660
6930,23035858811,22050
6931,69662124026,142980
6932,41111666437,20870
6933,16679862710,26290
6934,100677958948,30050
6935,572457435,37700
6936,11846576564,12700
6937,7322127830,48990
6938,43134529375,19850
6939,102877080096,125980
6940,1952179910,33670
6941,217335387,39800
6942,8746143840,15800
6943,60327809007,28650
6944,5337767496,63410
6945,105040513065,110380
6946,845600984,66500
6947,1587680425,55830
6948,11094753535,31000
6949,13851673776,19200
6950,21654796659,21380
6951,54801139311,30420
6952,3045171531,89900
6953,1790581445,74820
6954,16843158054,21410
6955,33535152814,30330
6956,70527590440,143240
6957,12182337215,250640
6958,2821605578,82550
6959,3556470469,353100
6960,2591459633,35060
6961,17324529314,116970
6962,18187169458,25340
6963,4204037570,63840
6964,838533750,38440
6965,184125576,44970
6966,2091307684,73240
6967,20164471771,17150
6968,627524386,60310
6969,833669750,80700
6970,50734035423,15480
6971,1737115303,94420
6972,57308021554,28980
6973,513236362,37300
6974,83106196086,17770
6975,13778644135,17070
6976,32329734658,17380
6977,377417179,40740
6978,47700451690,180230
6979,16984526495,16610
6980,103081115554,96370
6981,103925281668,141520
6982,119559130,43360
6983,90396508691,12540
6984,1025405426,62250
6985,42029013416,26880
6986,3770611690,34550
6987,59332713416,116890
6988,99304321,42390
6989,8171654278,218920
6990,926465885,65990
6991,25253714483,23240
6992,56498784100,28810
6993,45964606960,30090
6994,1421268512,35380
6995,457485908,41050
6996,5921037305,10000
6997,104919748191,15150
6998,169631376,41300
6999,1089130858,65840
7000,846924114,61800
7001,60256838359,12760
7002,50330202002,186780
7003,1921707513,35080
7004,18032677363,18350
7005,1318413446,79230
7006,55474904428,12850
7007,24263189038,13000
7008,1655272260,35850
7009,247205852,46160
7010,40509875064,19090
7011,57014582361,116620
7012,4992334951,91910
7013,36144847948,26840
7014,1487019132,78560
7015,1151738606,54950
7016,1052699654,53590
7017,1631738995,1000000
7018,711613273,61590
7019,1687962234,51460
7020,23573752577,20830
7021,107210334549,97160
7022,101641940770,95730
7023,27484506856,208860
7024,16621932651,17300
7025,49427172601,30040
7026,190767518,44920
7027,58551573255,159200
7028,56730751704,22520
7029,1631738995,1000000
7030,3432960535,34580
7031,68788084373,24940
7032,132612338,39070
7033,414655614,39460
7034,54729884543,19170
7035,46456245822,26780
7036,36811050346,18850
7037,6714501360,11440
7038,34635049079,33290
7039,30859014812,23560
7040,5782621360,33320
7041,9124344200,35190
7042,104186585931,29730
7043,6240140673,35090
7044,402845661,37260
7045,24252413441,20200
7046,1043748304,53300
7047,326046808,37010
7048,47145317344,16890
7049,1631738995,1000000
7050,175952284,43800
7051,85567111356,142780
7052,73001452579,12260
7053,1960037458,67170
7054,124880012639,28230
7055,54032546352,21250
7056,124132070,43940
7057,19876439793,30100
7058,23493083807,18950
7059,107655851635,13860
7060,49954885546,25710
7061,1584161837,57550
7062,90490163,41020
7063,55183628089,21870
7064,73810339817,130930
7065,148068222890,30080
7066,26794617770,13400
7067,25782815157,19980
7068,432858644,37750
7069,18781364593,22500
7070,1631738995,1000000
7071,79915826011,157000
7072,16680645035,13750
7073,58321181402,12290
7074,2749087947,58830
7075,1435790470,57150
7076,79121136335,21970
7077,10792141638,245400
7078,11094753535,31000
7079,45552700653,14080
7080,41334335293,25600
7081,58301785691,21140
7082,68725560166,19420
7083,64309283593,138030
7084,1262119294,64980
7085,3441063444,88940
7086,109690803987,16850
7087,280664916,45570
7088,251301356508,17390
7089,1803774131,86320
7090,498149660,40810
7091,22119190765,105300
7092,115423471543,11470
7093,41442873078,21580
7094,11740205694,25700
7095,464261240,39510
7096,75312824819,30160
7097,1843760201,37080
7098,18245872058,25530
7099,1190453526,55460
7100,2061424765,69060
7101,910377011,60300
7102,47114185728,27210
7103,17872142543,14300
7104,29571437943,24270
7105,176052203062,23820
7106,1499579667,48860
7107,1295333704,78580
7108,1094385091,71630
7109,94746630219,139730
7110,109688146453,18170
7111,83680402609,20710
7112,2083888809,48360
7113,49989577,44660
7114,4981693721,81790
7115,3660444876,83970
7116,2667226902,33540
7117,44160343987,11900
7118,25950007188,23900
7119,1927027895,36270
7120,706083408,36840
7121,17358837590,27480
7122,1339249386,51780
7123,2436577921,73940
7124,1631738995,1000000
7125,15118294498,27010
7126,39957048884,18650
7127,6404613422,33640
7128,409974773,41200
7129,8903345832,18180
7130,53010244688,151330
7131,37378231467,25270
7132,30115678114,18480
7133,40830200652,15490
7134,46609776660,13720
7135,81416968,42540
7136,49063758173,23020
7137,118564765953,122510
7138,764568562,39140
7139,576424133,39450
7140,299431873,44770
7141,30195269319,25280
7142,40731906665,23960
7143,436528380,41260
7144,64753799997,22420
7145,83861613640,112020
7146,11544330483,18820
7147,35427407247,12100
7148,1290874953,34820
7149,951241236,75500
7150,1834858544,71450
7151,525710008,38360
7152,81454223,43780
7153,78155017496,20680
7154,32610014329,22460
7155,59083013007,13140
7156,62197595803,152930
7157,15267369780,212020
7158,2061805403,78610
7159,3782730170,34490
7160,4789158591,69660
7161,813552314,37930
7162,46900573,45400
7163,952542409,61740
7164,1579710503,60940
7165,295129914,41400
7166,4515712444,33860
7167,6155394380,69480
7168,591837111,52100
7169,18032677363,18350
7170,20961781294,26960
7171,1849805416,33780
7172,1922944845,49610
7173,13074164597,16600
7174,21332525229,18200
7175,3248285666,90840
7176,282279424,47410
7177,1340343187,58720
7178,357944280,43650
7179,1666161934,70710
7180,81405124243,99940
7181,218598569,43280
7182,832849063,82600
7183,62567339635,22450
7184,158218983,40420
7185,48326487621,18120
7186,995275634,60400
7187,21894588801,23600
7188,29278399330,17320
7189,422565642,41650
7190,35344470911,16750
7191,29083726643,17520
7192,1333325010,54310
7193,19015833190,20900
7194,1833648437,35420
7195,83579052,43000
7196,55010430037,26160
7197,813552314,37930
7198,39709193489,18920
7199,2643836675,68730
7200,2205582770,59100
7201,124132070,43940
7202,719307266,39100
7203,18045084374,30440
7204,46848216759,15760
7205,1385013389,35670
7206,9190844094,31630
7207,15716367775,26470
7208,30345439749,109750
7209,802463687,52400
7210,16621932651,17300
7211,1000117552,55620
7212,26983698392,30790
7213,2813222283,33950
7214,1270092849,76180
7215,146474386864,22940
7216,605350479,37670
7217,1522800587,67240
7218,13612873729,22850
7219,32821241123,11350
7220,48903858891,166060
7221,20753605114,20720
7222,43389576198,18220
7223,64890665743,26240
7224,13453048540,26040
7225,3620086991,82850
7226,1159485311,50740
7227,17816376891,31400
7228,41085533680,12280
7229,1621512804,77850
7230,1488656844,72830
7231,99291744251,17830
7232,74356023612,30000
7233,3262702814,34420
7234,12529394805,34560
7235,1237141348,68600
7236,2409182720,69690
7237,240963705,43810
7238,49124583227,22610
7239,260579702,47130
7240,100502811457,29000
7241,33555873981,12200
7242,2138675727,52090
7243,19533110212,19500
7244,50559388087,14490
7245,3585929578,70540
7246,243237729313,29970
7247,517739161,39810
7248,52029375826,28290
7249,3495984207,89910
7250,155381505812,29820
7251,8471584346,31240
7252,34561022451,16570
7253,1239447018,36300
7254,17358837590,27480
7255,43501996949,24530
7256,1631738995,1000000
7257,1002319617,60550
7258,11578482888,23890
7259,328961923,44120
7260,684095423,40630
7261,1496051077,79980
7262,36808459328,28370
7263,2957528730,33560
7264,16128464735,16150
7265,45624891976,11540
7266,670315080,77650
7267,490391879,38670
7268,16250883444,22340
7269,17919348647,24840
7270,51444035286,16380
7271,28239210726,26100
7272,1809690544,48380
7273,2244802283,61270
7274,37495008730,15350
7275,57107389399,27280
7276,767621107,50660
7277,6646232430,32730
7278,1455862312,35680
7279,82724148106,110390
7280,295791880,47260
7281,5481886145,61880
7282,1486421612,67860
7283,124132070,43940
7284,880429558,71140
7285,1042940702,48440
7286,850311287,85770
7287,54729884543,19170
7288,705780122,38660
7289,1914391007,68620
7290,1242770466,56520
7291,922409550,37460
7292,36811050346,18850
7293,16446882670,27340
7294,47729122033,103460
7295,2459975371,48550
7296,32578945166,106280
7297,164922490689,11670
7298,43757809,46000
7299,1633878280,64590
7300,40715249564,21780
7301,4652133190,54410
7302,3768016685,325790
7303,699075445,35620
7304,134927606,44090
7305,132612338,39070
7306,32635120117,11200
7307,7171896670,18400
7308,47721839131,13650
7309,1140785990,35560
7310,190426979,39620
7311,78518605,42990
7312,2621019956,67630
7313,26015099191,16630
7314,1250102507,56660
7315,27963580724,16690
7316,16696015260,30900
7317,61834824965,166010
7318,62409364740,18840
7319,545728003,39120
7320,54194807280,15240
7321,51364967295,162890
7322,37824081128,27060
7323,20798791919,15850
7324,524484664,57500
7325,36297534223,16840
7326,1853151073,88330
7327,217562611,45390
7328,27487034998,215910
7329,102475692965,28530
7330,152609468922,14130
7331,1771740210,91640
7332,43731534449,10980
7333,1273841448,54930
7334,74165287901,30130
7335,3028799895,94970
7336,4667427316,324240
7337,2662672727,442230
7338,9677268621,31640
7339,64532778744,28590
7340,28452409701,11650
7341,154238727806,28910
7342,4154997611,58710
7343,3644222876,82300
7344,1517132762,34250
7345,3007490747,54190
7346,1140785990,35560
7347,106332430,41700
7348,19844523867,19020
7349,59119266873,27120
7350,955770223,63750
7351,1460930708,55360
7352,48538423419,22040
7353,50339972120,173350
7354,4167242063,95100
7355,62517854534,20150
7356,1859526782,33480
7357,225846202,44450
7358,197607675,41830
7359,58898481965,23360
7360,1302970112,49360
7361,167306967246,29480
7362,2786829476,75910
7363,35344470911,16750
7364,69562819063,31290
7365,1563440665,82050
7366,63836211348,171050
7367,1109346495,51350
7368,47066111055,17880
7369,78007317755,13360
7370,35213785935,27800
7371,381891196,45420
7372,764568562,39140
7373,94194144581,14340
7374,2199078024,37230
7375,223208169,44110
7376,29632216199,25470
7377,62080968171,11850
7378,52059997494,30640
7379,1291075738,89520
7380,40107433283,15040
7381,142149086000,116090
7382,34681628225,27040
7383,431000365,45500
7384,2112239697,463680
7385,616787097,74290
7386,1359895322,77340
7387,45173635137,23430
7388,92239702551,29220
7389,902258069,65300
7390,40715249564,21780
7391,20528263794,218720
7392,3391174760,35220
7393,62817858468,27250
7394,15877656541,24250
7395,5370666784,32760
7396,173244596,46840
7397,16544868120,31140
7398,47129168202,165250
7399,255955687,46950
7400,925980872,39110
7401,241480383,40000
7402,33273745027,28690
7403,134439735,43930
7404,3982468569,90110
7405,18781364593,22500
7406,1550535619,76260
7407,7080067647,277260
7408,8085474109,11000
7409,67195225842,20010
7410,2542760329,65250
7411,7222355788,33980
7412,1514124327,50730
7413,1060225033,51950
7414,36126099993,28700
7415,133034458610,99920
7416,1592087188,67340
7417,17040484266,23950
7418,1747924223,74420
7419,799162500,59380
7420,2469236612,79380
7421,92054192346,26710
7422,45632125775,30920
7423,17040484266,23950
7424,142799541,42100
7425,369908415,39250
7426,4532671369,79590
7427,1497152389,81990
7428,36858712786,14390
7429,1120347656,38680
7430,4586467411,32700
7431,42716089974,30910
7432,133258263877,12830
7433,243541523,40980
7434,49616268759,15790
7435,3680650113,34600
7436,22274522030,18300
7437,4479169311,33910
7438,2273365535,54730
7439,4804702948,33250
7440,1286121304,52240
7441,37809039347,17750
7442,1002553055,55010
7443,526448295,38640
7444,14401704407,16500
7445,120889307031,136300
7446,40855257342,21360
7447,163792207,46350
7448,120179971896,17230
7449,4864762711,32980
7450,65589543783,11550
7451,81196639816,26030
7452,28089660686,15900
7453,24235127208,27020
7454,1207305544,57630
7455,5202998256,94740
7456,1781274255,53350
7457,13851673776,19200
7458,21332525229,18200
7459,53885864775,17730
7460,53840856249,19440
7461,1662305993,52760
7462,342840009,46480
7463,37076423390,25550
7464,105929741,41000
7465,1850599298,59050
7466,47582471930,184800
7467,638638094,38800
7468,1180308577,54920
7469,535692728469,20390
7470,220104244,43350
7471,12370260581,17440
7472,15484020783,13300
7473,240474175,39830
7474,396238468,38760
7475,19720899101,16660
7476,1652644970,38290
7477,20753605114,20720
7478,2351342404,49430
7479,711173892,84290
7480,217335387,39800
7481,114054980022,99680
7482,4381567710,72790
7483,1254673458,38430
7484,1444366678,60320
7485,2092435391,34200
7486,903704102,59110
7487,69189115013,27500
7488,27762926584,25500
7489,151636519,47670
7490,309643652,39900
7491,1270092849,76180
7492,4427607665,340360
7493,297852860,37400
7494,47114185728,27210
7495,45083877970,19610
7496,1865253164,37030
7497,48600534478,22090
7498,35609020232,25110
7499,10270772425,18700
7500,122503654433,16210
7501,1052867311,37160
7502,2192809826,33420
7503,10289649799,31040
7504,28575728644,21860
7505,1683895723,65970
7506,280436357,38560
7507,15580325925,32870
7508,81947908112,18540
7509,5921037305,10000
7510,46838785900,27880
7511,36250807017,21290
7512,3691987791,53140
7513,69085430114,23410
7514,26929532640,16960
7515,1961742952,67000
7516,1541271040,62240
7517,173130108594,29850
7518,124132070,43940
7519,57850164142,105250
7520,1631738995,1000000
7521,49427172601,30040
7522,1227431902,53370
7523,948927614,37060
7524,997782266,34020
7525,48477139296,12460
7526,95286021000,30150
7527,1641490488,36970
7528,57635684120,28120
7529,62611392606,20370
7530,2695058968,57220
7531,1605069365,48140
7532,1731008531,57110
7533,120343718803,12890
7534,76569181476,157010
7535,28520159386,19300
7536,23239345271,12650
7537,4266440215,77490
7538,1355606615,56240
7539,36092934622,25070
7540,36485850456,12160
7541,906316090,67440
7542,153490949,42200
7543,15484020783,13300
7544,33164507023,26260
7545,21790335268,30340
7546,4099798529,90760
7547,56182721499,164290
7548,43134529375,19850
7549,1167681625,37130
7550,317128054,39990
7551,723556486,36580
7552,2061429651,65950
7553,14406325076,28100
7554,33555873981,12200
7555,48948792939,22680
7556,49060135838,97820
7557,1206769635,61050
7558,59083013007,13140
7559,1165750545,35250
7560,920542991,79800
7561,1445683913,52780
7562,142957107193,101750
7563,4826806276,91240
7564,64532778744,28590
7565,20982986249,28850
7566,3093890808,58910
7567,1281882406,48980
7568,1352430588,54070
7569,49031173362,27310
7570,432746269,41360
7571,57806500123,24550
7572,36811050346,18850
7573,66273417944,140990
7574,1245265934,93390
7575,15713574477,24100
7576,57343371692,23420
7577,962022378,37550
7578,1420897545,68970
7579,28299948879,30890
7580,24665681208,17100
7581,28809671951,15600
7582,23551713681,13880
7583,67761898719,28330
7584,1167681625,37130
7585,14906387196,243170
7586,49536586855,25830
7587,97020392152,15530
7588,53119614313,13540
7589,51349319228,27490
7590,107813967,41800
7591,124142258530,109240
7592,27520353423,30520
7593,18577413391,26650
7594,3274460148,76660
7595,1796942189,63070
7596,1030534069,54550
7597,362129993,46640
7598,40838574989,28040
7599,45305963933,17170
7600,49361607235,19480
7601,411328572,77600
7602,25238803212,20460
7603,1290874953,34820
7604,1631738995,1000000
7605,6740202111,31940
7606,37423098053,20980
7607,140976628584,12630
7608,70120083483,15230
7609,4198959378,34210
7610,809260772,52440
7611,16671615759,17000
7612,135214843987,14440
7613,1215049015,54450
7614,227813096866,29990
7615,84226452392,23770
7616,2265727844,83250
7617,17141299216,31300
7618,176385990117,28960
7619,98700173415,139870
7620,2486089504,58960
7621,20043163240,13800
7622,40855257342,21360
7623,19876439793,30100
7624,827490366,39790
7625,33128794370,29190
7626,2025585873,48210
7627,517097296,38920
7628,25958933629,23920
7629,603853053,61240
7630,3990745480,70760
7631,71813943845,14460
7632,121510780839,137510
7633,115258935619,17890
7634,58929175523,17630
7635,47056029082,20580
7636,36821475109,19320
7637,65541575233,20210
7638,1508173234,73540
7639,1962523130,35130
7640,27285891240,22640
7641,673306615,64500
7642,1125709515,61230
7643,307772374,44470
7644,1731071928,55550
7645,25784050372,22000
7646,96940398102,30270
7647,90256966638,29660
7648,183865535,42890
7649,1099500483,63490
7650,527175044,52500
7651,981852683,65370
7652,103497289814,124810
7653,28382266408,21540
7654,49361607235,19480
7655,45228378494,19210
7656,47262781,47000
7657,4003083115,35040
7658,110407415595,125280
7659,141075573972,24240
7660,119740757265,27460
7661,6134891795,311960
7662,1495101382,73150
7663,1001716380,35100
7664,1921707513,35080
7665,1794566137,63250
7666,1391187023,52550
7667,49381445260,23550
7668,85915677227,124530
7669,1490805317,89150
7670,767621107,50660
7671,129828716,46200
7672,36808459328,28370
7673,47056029082,20580
7674,48422643274,26180
7675,1258910853,59080
7676,83099218010,128980
7677,280664916,45570
7678,1522413067,51890
7679,4262621878,329060
7680,89773116943,28080
7681,1090532987,52370
7682,2036067964,80230
7683,1965146457,33460
7684,106655261328,23480
7685,50892730586,26520
7686,356202685,43530
7687,1631738995,1000000
7688,1947130700,73280
7689,104989825349,112430
7690,32470386257,28710
7691,29092281328,20450
7692,4982246133,31680
7693,2188346820,63880
7694,36178077994,22180
7695,20328737308,27660
7696,28239516012,25200
7697,59521091475,17810
7698,191639277,45220
7699,429448171,39560
7700,108982521474,30540
7701,16587975028,18940
7702,1736613897,48930
7703,67129058834,26010
7704,1265260946,33680
7705,217335387,39800
7706,43897044541,23160
7707,943909912,37950
7708,4065763422,89640
7709,89779729227,27330
7710,1144440856,75780
7711,54719621738,122620
7712,346671016,42160
7713,133219095,43310
7714,14037398643,14500
7715,1341423170,609150
7716,2084586980,50040
7717,5438715240,34720
7718,4459129768,89870
7719,12956944537,16200
7720,6799409598,32210
7721,1125709515,61230
7722,1829242803,49260
7723,28239516012,25200
7724,42993873724,25540
7725,539715302,68950
7726,1567052063,655660
7727,7177438621,296500
7728,4279305160,83600
7729,10545485697,32040
7730,15635220941,25060
7731,37866747690,26980
7732,833556389,39160
7733,342328213,42180
7734,2200663268,69200
7735,30809472740,20620
7736,873411038,58800
7737,2433181015,62170
7738,2302764090,51850
7739,36291091355,20440
7740,830793017,41160
7741,36482134180,30530
7742,41911971330,31670
7743,320051644,43570
7744,4595508780,36650
7745,2294182251,56410
7746,858940869,86750
7747,1864697580,63030
7748,4894045331,71310
7749,64864154,44620
7750,29377293516,200780
7751,40855257342,21360
7752,46150388127,15280
7753,52022327352,15380
7754,4586467411,32700
7755,34651931773,156960
7756,26416815952,21300
7757,28133058498,205540
7758,83784153285,28900
7759,2284764826,76510
7760,49049046607,17120
7761,893604177,56650
7762,1117714009,46930
7763,1256195853,70390
7764,871600480,51550
7765,31107276306,26860
7766,48538423419,22040
7767,44301316936,26060
7768,58301785691,21140
7769,28239516012,25200
7770,15635220941,25060
7771,882778274,35160
7772,18291876801,25440
7773,1810255270,61870
7774,2374685557,54390
7775,12635210498,23500
7776,47615883511,27100
7777,1062035948,39780
7778,1631738995,1000000
7779,2436777196,71280
7780,45616050575,26400
7781,64307640,47530
7782,236960803,37410
7783,26794617770,13400
7784,1554529205,51800
7785,22121110597,26200
7786,184195569242,29900
7787,49049046607,17120
7788,96120407367,141670
7789,30051984842,15460
7790,119157909,47630
7791,2381061643,70270
7792,2001391359,38870
7793,41972943163,28170
7794,1100974467,91700
7795,1041207695,34900
7796,1686808256,83830
7797,77418419883,18210
7798,21797622356,11800
7799,517616088,38900
7800,12755555429,17470
7801,533581486,39240
7802,1277424386,54610
7803,2201484405,85540
7804,7164280343,284300
7805,24846613522,18800
7806,11835160642,32860
7807,1529682767,52840
7808,6536029761,12400
7809,1188774954,38970
7810,10753109148,22060
7811,9617972623,20540
7812,26676025512,14700
7813,2095861127,34850
7814,1553880175,35150
7815,600071557,44740
7816,10270772425,18700
7817,51154213914,14660
7818,3854371096,32140
7819,5438715240,34720
7820,54560372121,21280
7821,209063261,46420
7822,12995868583,17580
7823,673306615,64500
7824,160415459,39720
7825,93093456576,129700
7826,4853412074,70230
7827,31965056762,16400
7828,1100532596,37480
7829,76442013601,163700
7830,1888438610,37000
7831,10688901513,31100
7832,711173892,84290
7833,59119266873,27120
7834,106606170765,29930
7835,1602365715,35770
7836,104416044305,19930
7837,36403960863,18520
7838,1291242155,55500
7839,151851617,41500
7840,12117734393,20290
7841,114052432718,29460
7842,295033679,38490
7843,36118879660,26140
7844,925902524,38690
7845,995275634,60400
7846,26704245525,18880
7847,671797868,36790
7848,424654004,39850
7849,80215777848,100600
7850,36372739840,19960
7851,214510322,38400
7852,763813651,47050
7853,23623676402,21560
7854,40962683772,20600
7855,36311586727,178520
7856,35846434103,12550
7857,78093115477,23790
7858,38025505020,18060
7859,1631738995,1000000
7860,1469215441,89010
7861,35427407247,12100
7862,5921037305,10000
7863,1631738995,1000000
7864,61225260345,18720
7865,97259265958,101400
7866,83579052,43000
7867,24485037228,213830
7868,11663075335,10800
7869,1602321798,73480
7870,4586467411,32700
7871,65889157625,24930
7872,8134293297,32780
7873,86772968,46620
7874,26929532640,16960
7875,131333318,46010
7876,2362501811,34960
7877,827846679,58470
7878,1560392158,59610
7879,133281925,45080
7880,921500073,55400
7881,17284911426,22990
7882,32497885421,14680
7883,71670533558,28840
7884,2290831354,54340
7885,695331164,55120
7886,32316300990,144650
7887,49489469370,16440
7888,1012483522,34000
7889,46456245822,26780
7890,8265317495,32430
7891,132612338,39070
7892,36597680008,147530
7893,55022858458,18380
7894,210159210,42590
7895,247672186265,18340
7896,54916054073,23630
7897,112514015947,19290
7898,27759015979,10200
7899,74427604153,28770
7900,18646345859,20000
7901,54287868971,102900
7902,553654429,39350
7903,28452409701,11650
7904,16956918425,12250
7905,114738740929,97690
7906,143318107091,119200
7907,16666559748,22200
7908,8592713409,16550
7909,1123631499,64400
7910,303902126,47080
7911,103402124180,145620
7912,3710119478,83490
7913,2285214183,84740
7914,1116156053,35500
7915,100677958948,30050
7916,20927200744,15450
7917,1817160414,54130
7918,15955037285,35830
7919,82333143928,13870
7920,30931706509,26560
7921,52599772146,27960
7922,2159509016,66030
7923,960806645,37310
7924,53650495143,105510
7925,15713574477,24100
7926,118760148,44750
7927,1192712548,65790
7928,3576022235,34620
7929,17760313786,23320
7930,4721382455,78590
7931,51755226246,21920
7932,9505263951,32590
7933,39957048884,18650
7934,510208512,47580
7935,1776277520,37910
7936,24707988149,13900
7937,36178077994,22180
7938,68443709094,10280
7939,533881375,39200
7940,48105516504,21330
7941,213452483,44080
7942,49989577,44660
7943,8933766969,10120
7944,81304051358,132870
7945,131209534650,114940
7946,151092871204,29600
7947,433963396,45950
7948,2897055071,63760
7949,1021456583,54790
7950,1631738995,1000000
7951,45231475671,16560
7952,70337873139,131540
7953,49396298672,20490
7954,1834089006,35020
7955,49757579097,12560
7956,72735434144,97560
7957,114223554972,29180
7958,1036339873,57090
7959,10021897467,23200
7960,23521342765,20400
7961,1816867377,501380
7962,43982463921,20160
7963,31473491054,24700
7964,38137425611,30680
7965,267098031,46100
7966,97161135608,29450
7967,179081664,41780
7968,1565829360,528510
7969,98468339684,27650
7970,86582502333,99820
7971,2948546493,75830
7972,97161135608,29450
7973,15836834070,22160
7974,34346403621,22250
7975,37717196238,21760
7976,2709373180,65590
7977,1159991754,36900
7978,1523689451,54560
7979,2016228025,89140
7980,16956918425,12250
7981,1631738995,1000000
7982,292213082,45600
7983,25253714483,23240
7984,2368906458,34220
7985,41442873078,21580
7986,62923519,46140
7987,33164507023,26260
7988,33950951213,23140
7989,90068509,47110
7990,2309399575,35000
7991,62653790007,26130
7992,48989402292,27190
7993,5882374764,59980
7994,97548299719,10420
7995,82493985073,139460
7996,25729367717,24830
7997,5317066169,76820
7998,3039676204,68990
7999,1586163709,86400
8000,10545485697,32040
8001,36126099993,28700
8002,319707934,44100
8003,32821241123,11350
8004,431000365,45500
8005,4452872227,69680
8006,69067941716,24120
8007,16587975028,18940
8008,52029375826,28290
8009,762762186,53960
8010,14854935840,26000
8011,422565642,41650
8012,19015833190,20900
8013,7719595736,33270
8014,8522526669,30800
8015,3641459255,34730
8016,40715249564,21780
8017,394927874,38300
8018,107253745660,25690
8019,55851652410,27720
8020,28137966581,12960
8021,1260568693,69010
8022,1287044753,89440
8023,18291876801,25440
8024,162009079,46280
8025,97697249580,23690
8026,84473349739,152110
8027,3006194408,61000
8028,47590817538,15700
8029,804019452,40620
8030,8903345832,18180
8031,2124325339,64070
8032,829358399,59040
8033,59021098754,21990
8034,527175044,52500
8035,127305913424,26270
8036,1218740062,42230
8037,23136038329,13440
8038,195756165,41940
8039,66806253421,20240
8040,44245555474,125850
8041,1676572207,640240
8042,41294672559,24540
8043,40962683772,20600
8044,1541271040,62240
8045,23945119864,19740
8046,1564260300,52450
8047,2111912918,56540
8048,14983675041,32330
8049,102901814939,107810
8050,43389576198,18220
8051,1910738244,82750
8052,3044317346,64890
8053,19720899101,16660
8054,295791880,47260
8055,74427604153,28770
8056,26530295654,11950
8057,1869282388,38620
8058,1836771751,50570
8059,310929357,37250
8060,22426798037,21050
8061,100502811457,29000
8062,29487419306,143500
8063,3262702814,34420
8064,164648642005,96630
8065,18569873872,23300
8066,1492778463,77700
8067,150514104842,118310
8068,1597101722,49060
8069,295614536,42500
8070,59384253847,104840
8071,186604772684,14370
8072,151636519,47670
8073,226410524,46690
8074,1425909149,58410
8075,270577793,40150
8076,57281640009,19190
8077,14037398643,14500
8078,52981205796,11590
8079,197227947681,30110
8080,53948802030,112380
8081,28286652085,17040
8082,42818496987,22700
8083,1341461886,60960
8084,2825195103,60860
8085,20043163240,13800
8086,613915523,40190
8087,727324879,64300
8088,423769892,40510
8089,1458460719,56730
8090,530866962,59800
8091,98977519401,17290
8092,303902126,47080
8093,863855022,50280
8094,37768543418,27850
8095,74240862370,24280
8096,43638851183,25970
8097,14490409743,25480
8098,1771178308,34530
8099,20113483905,31210
8100,967689915,34700
8101,248371193,41750
8102,100603468572,138020
8103,29967860642,16650
8104,719781309,54000
8105,1952179910,33670
8106,789846078,38410
8107,2004491699,53940
8108,5439127087,71300
8109,1720809394,37420
8110,57545934402,24790
8111,6618928776,31350
8112,15370197263,17860
8113,142126143376,28920
8114,342840009,46480
8115,2222247275,35310
8116,875954773,67540
8117,4515373596,60020
8118,1188828765,85100
8119,79432166244,21770
8120,160871419505,104120
8121,882778274,35160
8122,94945672856,13670
8123,35071733965,30250
8124,2554714068,34270
8125,24848887610,27920
8126,107335174215,29130
8127,116590210976,113560
8128,26813193660,13970
8129,45775561671,16180
8130,4793218803,64180
8131,273763257255,29360
8132,977011201,56300
8133,1043270488,76600
8134,2308946759,71510
8135,4853656456,85750
8136,1962572045,61400
8137,1062388240,77880
8138,13612873729,22850
8139,1792533582,56710
8140,456206539,40010
8141,20334120816,19250
8142,536173429,38050
8143,40447463599,188030
8144,43440528468,19050
8145,81505193061,27730
8146,6837950701,31860
8147,6500462081,54850
8148,1131650149,38140
8149,925980872,39110
8150,1441195531,90450
8151,156230957,44690
8152,43891319466,21470
8153,1046783688,34830
8154,1827200532,74140
8155,1306399170,86700
8156,3871794780,78640
8157,1102126295,76190
8158,638332189,50560
8159,75312824819,30160
8160,76021944834,99660
8161,3148839669,49150
8162,35570176780,155580
8163,455852946,39080
8164,17040484266,23950
8165,321407856,45010
8166,32530626896,30620
8167,572457435,37700
8168,45248625895,13280
8169,10777764971,11400
8170,111886820,47690
8171,12021004839,31310
8172,4521361319,32660
8173,45780043775,140900
8174,524484664,57500
8175,1631738995,1000000
8176,33104231917,10680
8177,55869935956,12330
8178,8296866576,21900
8179,28817645643,24850
8180,178630630,42330
8181,564183957,38700
8182,1631738995,1000000
8183,302588764,43150
8184,107335174215,29130
8185,632345504,39600
8186,1247830221,49110
8187,1065675279,68470
8188,325550878,41690
8189,100275085420,28490
8190,75366736990,22660
8191,30081491997,17620
8192,33264601265,27320
8193,899253829,76790
8194,28137966581,12960
8195,1386870995,55080
8196,2833050498,91170
8197,1280669659,36720
8198,623436439,91560
8199,35213785935,27800
8200,2121805636,84000
8201,9131255530,17200
8202,15836834070,22160
8203,30966134539,20410
8204,1631738995,1000000
8205,101819074353,29870
8206,406567495,45410
8207,1587580952,35260
8208,76735373493,19870
8209,198014651,46650
8210,57538257616,25230
8211,989365560,61920
8212,2023582988,72490
8213,2255116204,49220
8214,17352688335,13240
8215,328961923,44120
8216,94782662331,26680
8217,1698264549,33770
8218,124212322538,15730
8219,80753401438,101710
8220,34005205205,17920
8221,61794661422,15550
8222,1022144024,79690
8223,33973621953,20850
8224,5582933520,36080
8225,2365619218,50700
8226,14401704407,16500
8227,17141299216,31300
8228,2182513051,454000
8229,2105572640,57850
8230,793302769,52510
8231,444859759,39980
8232,952542409,61740
8233,1020253916,62460
8234,161589217690,97210
8235,15075237399,20500
8236,100502811457,29000
8237,1951678418,585560
8238,48538423419,22040
8239,8143426756,32820
8240,18258613188,10450
8241,506974138,40020
8242,2025692169,70090
8243,1280669659,36720
8244,705780122,38660
8245,13380422730,23400
8246,45083877970,19610
8247,13327051013,12800
8248,1249796966,57920
8249,1277127650,37540
8250,679209690,80820
8251,105929741,41000
8252,1849805416,33780
8253,1135785241,36630
8254,993169686,78780
8255,1046261340,48700
8256,31694191897,25560
8257,21354192685,188110
8258,66257876289,22270
8259,1445683913,52780
8260,540955788,39750
8261,95911992245,97170
8262,1353841300,70000
8263,10708572650,12900
8264,78701450841,106350
8265,158168396832,104240
8266,24280202958,17950
8267,1310398543,65310
8268,1960037458,67170
8269,98231198,46630
8270,14216936880,18600
8271,53467110784,19410
8272,6466075967,32690
8273,1089890313,60050
8274,70498292717,24650
8275,13851673776,19200
8276,15370197263,17860
8277,45964665779,24090
8278,1467749550,67040
8279,36911250830,20940
8280,52816588168,12860
8281,29996142229,28860
8282,190426979,39620
8283,20170337196,25630
8284,19915537953,19690
8285,6847361817,24080
8286,2307892964,89950
8287,146975543729,114050
8288,1846625561,65900
8289,653518636,56580
8290,8592713409,16550
8291,1202677173,66400
8292,30310855411,11640
8293,106390938,46860
8294,422381531,39320
8295,19381245471,32370
8296,75470879077,16340
8297,124150062066,27540
8298,9246399911,33430
8299,10556791132,20780
8300,43906743230,107300
8301,1456537149,61780
8302,290299518,42530
8303,36345144089,13520
8304,57623142833,112000
8305,1826630976,52200
8306,263361828,39290
8307,18157672735,22620
8308,149008709414,115290
8309,49489469370,16440
8310,224379405209,29390
8311,319707934,44100
8312,1631738995,1000000
8313,2696134795,83660
8314,455852946,39080
8315,674882483,37450
8316,53220470873,19370
8317,1769560645,74220
8318,26224264781,12300
8319,40919572290,11940
8320,1824089015,64360
8321,19049030128,13960
8322,478457447,40890
8323,6053283903,290320
8324,119784460936,104680
8325,619306389,58550
8326,17635944923,216750
8327,43134529375,19850
8328,49076876680,190680
8329,110857587084,141290
8330,39005083666,23120
8331,17692850331,15940
8332,16310027550,25050
8333,52792210900,15660
8334,549716388,43410
8335,34202441186,22400
8336,85765772996,102870
8337,14216936880,18600
8338,78007317755,13360
8339,133273569,47290
8340,1512656912,37580
8341,197607675,41830
8342,6377380700,22300
8343,297630474,47470
8344,22750135145,21320
8345,1208762652,61120
8346,2067146988,76470
8347,22741097466,12680
8348,90097196,45610
8349,1130099283,52250
8350,35213785935,27800
8351,38046327726,25130
8352,2837264064,49530
8353,31180941172,20690
8354,158960593201,98200
8355,200720067,42280
8356,764568562,39140
8357,37298728034,27550
8358,1014087521,37360
8359,18245872058,25530
8360,179942021,37600
8361,21271550925,31650
8362,1640295002,52080
8363,39577525050,19780
8364,98974381369,133030
8365,879826163,93910
8366,14575236336,11050
8367,40310472754,23930
8368,2650670546,51180
8369,14623635599,258480
8370,10688901513,31100
8371,968830042,48420
8372,7720832534,17790
8373,56467476451,23330
8374,2005983321,71380
8375,3883634643,58690
8376,1020154320,56000
8377,532854353911,29290
8378,120887347990,14070
8379,140955089313,19830
8380,666316070,38590
8381,169631376,41300
8382,52725996884,97630
8383,9919888708,27740
8384,309643652,39900
8385,43988405080,18250
8386,1090532987,52370
8387,84592707,47400
8388,1853151073,88330
8389,137360539653,100250
8390,598331337,37500
8391,57602674515,97280
8392,1401188657,57930
8393,1987483919,79050
8394,1257746418,74650
8395,17692850331,15940
8396,2242434842,92610
8397,14940101254,226250
8398,357167448,39820
8399,542702668,57180
8400,72570809179,121750
8401,53300729576,23590
8402,2263819750,73290
8403,1382721796,72750
8404,972707849,64830
8405,60958797746,11780
8406,19516679946,24000
8407,19221989618,21850
8408,26224264781,12300
8409,29278399330,17320
8410,2775019564,65230
8411,6497365784,10750
8412,48948792939,22680
8413,792392949,65240
8414,1072061769,37020
8415,3283764119,95290
8416,12635210498,23500
8417,1604530916,54510
8418,49275798206,21420
8419,564183957,38700
8420,33626531473,182670
8421,13851673776,19200
8422,14466649155,34150
8423,492761241,39740
8424,44394028370,14910
8425,4126560036,48730
8426,3494478221,70210
8427,22738853349,10080
8428,60256838359,12760
8429,1947130700,73280
8430,233414286,43910
8431,616787097,74290
8432,1005483587,70330
8433,32974521076,10950
8434,658310822,58360
8435,1199268074,67780
8436,691354610,35550
8437,761417391,63780
8438,50157663560,16760
8439,811298469,35980
8440,58037634093,13120
8441,1031361441,62060
8442,9881112081,49690
8443,357944280,43650
8444,45212985624,96800
8445,98468339684,27650
8446,54873856257,23130
8447,254155153,47360
8448,2557427042,32480
8449,1571596295,35970
8450,62080968171,11850
8451,1342129374,39770
8452,51245873680,20640
8453,52838154,46520
8454,3761016911,34680
8455,2344159088,33700
8456,956485407,37720
8457,516857788,48100
8458,290299518,42530
8459,3130357418,60980
8460,1215049015,54450
8461,76659105760,10480
8462,8933766969,10120
8463,12175959216,13600
8464,610183714,56500
8465,66289101676,29950
8466,91431856244,16270
8467,45616050575,26400
8468,142799541,42100
8469,1993016550,54660
8470,4507955245,79610
8471,20483685045,24680
8472,248416745,44540
8473,619306389,58550
8474,13851673776,19200
8475,6546652745,34320
8476,1425500343,38390
8477,22887395746,19600
8478,994808248,78080
8479,47114185728,27210
8480,10379975085,30400
8481,1358865881,55690
8482,26085220253,12060
8483,30155432199,16290
8484,1567992463,85260
8485,257565834,47010
8486,29967860642,16650
8487,3635764445,82170
8488,61222272028,24050
8489,153219720497,102950
8490,254524967,45350
8491,866302718,40760
8492,33244985015,134660
8493,63136702963,106790
8494,369908415,39250
8495,4215152461,84440
8496,3483894158,89600
8497,15018153817,21660
8498,101545693,44940
8499,15241819764,13200
8500,19049030128,13960
8501,1406213558,74060
8502,1670733819,49240
8503,54119185841,122710
8504,52725996884,97630
8505,1416184182,74190
8506,31108790427,28160
8507,1014046146,79000
8508,135874898,39840
8509,58192362683,29520
8510,81608179491,20080
8511,1112554537,60580
8512,32277474896,18680
8513,354842260,41130
8514,105888030,46450
8515,1577568926,712170
8516,81947908112,18540
8517,33454510396,26210
8518,35809846307,25120
8519,495010458,43170
8520,16956918425,12250
8521,124613522134,23610
8522,1428515793,83840
8523,844668835,60350
8524,127017783765,27140
8525,19106552719,31320
8526,3907290104,70500
8527,72096349515,137310
8528,1808263030,76250
8529,27006917803,19260
8530,96940398102,30270
8531,450993184,40290
8532,252147894,42350
8533,34005205205,17920
8534,18088282615,235520
8535,41501229438,23000
8536,81584870803,26810
8537,35933192823,170950
8538,3561044538,36770
8539,960806645,37310
8540,16200961500,243900
8541,22840661365,211110
8542,31473491054,24700
8543,40855257342,21360
8544,2401173053,66130
8545,1391187023,52550
8546,17352688335,13240
8547,100976770798,15570
8548,1686524853,81100
8549,152300602,39380
8550,49920552831,156240
8551,133704853279,29420
8552,593595130,38550
8553,1062388240,77880
8554,653518636,56580
8555,255955687,46950
8556,187397207463,29370
8557,142251444344,14730
8558,22574448053,28520
8559,1726482552,90850
8560,12175959216,13600
8561,44265390677,25620
8562,54628236901,125000
8563,86210728663,24310
8564,40581309322,21180
8565,29891347869,28270
8566,52524760859,25330
8567,23964761158,15840
8568,1965146457,33460
8569,76708673953,15930
8570,184177270791,97580
8571,11202247979,32380
8572,560550319,35750
8573,51671452648,28540
8574,4250146741,33600
8575,52254634753,30390
8576,398098440,42360
8577,107264063859,124670
8578,22317738016,21350
8579,10753109148,22060
8580,31229562343,30500
8581,169982122,45700
8582,340316873,42780
8583,955770223,63750
8584,129828716,46200
8585,531109532,40840
8586,21319622040,18000
8587,1666407520,73650
8588,24003250153,106980
8589,1524682480,93400
8590,33786480230,11250
8591,207230984,39180
8592,482665730,42140
8593,1749197112,53080
8594,1555818632,48540
8595,23945119864,19740
8596,2309399575,35000
8597,1093004842,35480
8598,478457447,40890
8599,49359018714,15250
8600,1384026729,661750
8601,66895542852,98950
8602,15635220941,25060
8603,13167973529,24640
8604,113100706629,18310
8605,63578466333,18620
8606,2858702498,64040
8607,2319454069,61100
8608,36178077994,22180
8609,521103493,44840
8610,2174299884,36260
8611,36879273869,17140
8612,3077042424,63700
8613,72302397997,26150
8614,16576179451,31080
8615,85469438992,29060
8616,10167752773,258150
8617,45963260830,171460
8618,1920489781,32600
8619,4644911014,85560
8620,1706515363,89360
8621,1260035424,36450
8622,5224459694,58110
8623,352619721,41790
8624,770721784,51750
8625,254593710,46600
8626,12195645155,272640
8627,3801510276,90340
8628,27839817214,10340
8629,18045084374,30440
8630,33786480230,11250
8631,1426110140,505950
8632,1345768938,63900
8633,124132070,43940
8634,5073945079,32540
8635,46325861298,157840
8636,1118884128,73550
8637,5370666784,32760
8638,50007182263,23310
8639,1017552751,37220
8640,1833648437,35420
8641,1954341595,76370
8642,755161576,37340
8643,46364741189,20750
8644,71376309384,150640
8645,217562611,45390
8646,600277418,42840
8647,2150990018,55780
8648,46900573,45400
8649,47423024991,158680
8650,15885102275,21750
8651,96940398102,30270
8652,55105075666,11130
8653,943821303,91750
8654,103011186411,110870
8655,26011446033,28380
8656,22274522030,18300
8657,45116285441,15670
8658,1626584908,74010
8659,29967860642,16650
8660,16810611257,21690
8661,97563933307,28350
8662,107863094166,144110
8663,59566748182,13320
8664,245443850,42470
8665,55022858458,18380
8666,2238311212,48580
8667,74708566,47710
8668,32578945166,106280
8669,47570883871,22530
8670,30870185810,16790
8671,36500486978,17110
8672,1650756823,37270
8673,1715767003,83580
8674,6245579100,34380
8675,36799869133,20760
8676,995801081,68560
8677,69112026655,23070
8678,142818732,46050
8679,385210910,42610
8680,58091400410,14280
8681,36485850456,12160
8682,66017402123,24160
8683,61969654686,145710
8684,78326704384,127270
8685,97880133,45450
8686,118518335213,15690
8687,1631738995,1000000
8688,374557932,41540
8689,10358530455,16510
8690,14216936880,18600
8691,627524386,60310
8692,40509875064,19090
8693,68426394282,14120
8694,73929846927,18070
8695,1131377818,50220
8696,90818759234,16490
8697,16666559748,22200
8698,1264337163,64090
8699,2051865364,49520
8700,55737680909,158950
8701,94782662331,26680
8702,103496654,45240
8703,81252704002,26370
8704,102049838113,20030
8705,84507726573,28500
8706,928772192,72000
8707,104340156286,27420
8708,316546887,40660
8709,137396957,41140
8710,80104964039,29280
8711,2703839543,50600
8712,35799169476,23190
8713,44932950070,16990
8714,3599813611,67100
8715,354842260,41130
8716,25601318259,26490
8717,12694562021,26800
8718,80695974209,15060
8719,64366923441,23460
8720,1631738995,1000000
8721,86882428601,138830
8722,209832905146,29740
8723,217479809229,29830
8724,3718582074,32190
8725,1159991754,36900
8726,3222300429,35490
8727,2287203315,56190
8728,900994410,724120
8729,36144847948,26840
8730,137380805566,101390
8731,135989993804,19640
8732,1078975842,50010
8733,11779874305,248420
8734,42448808126,17490
8735,1603738547,83460
8736,144884203824,113430
8737,1438829217,82710
8738,513236362,37300
8739,89887495268,104650
8740,1760616848,33080
8741,3487948540,358850
8742,68443709094,10280
8743,282204831,40910
8744,418257067985,29440
8745,8101115241,20840
8746,55967057116,14920
8747,52309800498,24870
8748,21924780750,21010
8749,2205582770,59100
8750,22121110597,26200
8751,1910738244,82750
8752,20244260098,31580
8753,441296639,38190
8754,202249106977,14410
8755,1631738995,1000000
8756,2152646533,48320
8757,242753741,45630
8758,35927370258,16140
8759,303951886,40940
8760,820227571,70020
8761,5354987411,33200
8762,55007371409,27560
8763,1442756139,53460
8764,33854502558,23450
8765,2916084824,35780
8766,823961845,59440
8767,125234130128,12110
8768,1254631340,59930
8769,119559130,43360
8770,20751108190,23100
8771,2687670226,67480
8772,26704245525,18880
8773,2344159088,33700
8774,32942908226,16300
8775,2663543013,87840
8776,108885694616,144220
8777,19023259316,123750
8778,4153069017,64130
8779,24263189038,13000
8780,36224244366,24440
8781,91555941914,27860
8782,38647994849,100140
8783,13108767294,31280
8784,18635719324,15100
8785,57820702267,153310
8786,2395236987,51040
8787,4966059338,14200
8788,178917078,41240
8789,530805181,64920
8790,768212974,54700
8791,1234554645,73870
8792,25253714483,23240
8793,40418768993,21070
8794,54017203707,18450
8795,47095388432,21080
8796,1605069365,48140
8797,1156242056,70100
8798,5130609805,30750
8799,11578482888,23890
8800,48528795678,14650
8801,1640295002,52080
8802,3077465761,69030
8803,2623134430,438390
8804,58166889293,101790
8805,78155017496,20680
8806,1339249386,51780
8807,21797622356,11800
8808,14073065206,23250
8809,58929175523,17630
8810,1333505985,59640
8811,1522418408,88350
8812,62157265372,14150
8813,189477431523,99530
8814,53126256596,16640
8815,3598666946,78620
8816,40919572290,11940
8817,169496546,42860
8818,58909798910,22370
8819,2292124661,55220
8820,50787716016,28220
8821,35618083107,15260
8822,153401519548,10740
8823,39539336215,190810
8824,1918516438,73600
8825,132797188,42250
8826,62087726496,27070
8827,1072709312,33100
8828,596472008,39210
8829,91404567767,146020
8830,882778274,35160
8831,829909192,54400
8832,1470172253,72580
8833,2378324830,421260
8834,2974729138,325450
8835,10556791132,20780
8836,2281586252,78910
8837,2642522957,64550
8838,2352111325,62780
8839,2236559233,70300
8840,31314011321,154940
8841,2087144451,50980
8842,159534425657,102580
8843,26044252007,209540
8844,2048084400,57250
8845,654665891,75580
8846,53255920574,113450
8847,37809039347,17750
8848,30661738016,19650
8849,1660765218,57740
8850,22429456554,19700
8851,163916469,43490
8852,16843158054,21410
8853,676105244,39610
8854,711674046,53850
8855,84911531309,116500
8856,133281925,45080
8857,41213701,42920
8858,3258288381,61280
8859,30084375971,25250
8860,71929686473,139640
8861,31089882361,108760
8862,36725422014,191230
8863,2460958984,51730
8864,49954885546,25710
8865,1315134039,50310
8866,13597838470,21400
8867,13013575496,32340
8868,209832905146,29740
8869,45800374257,164200
8870,65509051809,19760
8871,1631738995,1000000
8872,326046808,37010
8873,15415977530,15000
8874,27402271562,23800
8875,4521011669,32840
8876,1796991707,95170
8877,101083304,44010
8878,1084013580,71150
8879,3174400062,58170
8880,29505504515,21260
8881,105929741,41000
8882,1392109844,48780
8883,24003250153,106980
8884,2687670226,67480
8885,1140785990,35560
8886,110349845736,15560
8887,20751108190,23100
8888,1766453796,47800
8889,1068679149,58200
8890,8265317495,32430
8891,52947959020,120140
8892,85785499489,17670
8893,1277424386,54610
8894,52177829725,15080
8895,1547878401,91200
8896,478457447,40890
8897,1080765144,35600
8898,2254603058,58050
8899,100127132301,116310
8900,30155432199,16290
8901,248371193,41750
8902,1208372127,49310
8903,31991224480,27270
8904,492761241,39740
8905,116720651,42800
8906,36485850456,12160
8907,22274522030,18300
8908,29092281328,20450
8909,132054384638,29840
8910,702386713,37990
8911,1349070555,89970
8912,326046808,37010
8913,70825573759,26430
8914,473797048,37350
8915,915439284,38120
8916,71825248297,22560
8917,2254603058,58050
8918,9108554624,31740
8919,3134967564,55820
8920,58746803704,100880
8921,3195948330,49010
8922,500180676,38930
8923,572754060,73880
8924,133307303557,105200
8925,525184698,41450
8926,577366034,39390
8927,1386883776,74560
8928,25668970958,168240
8929,759461395,55100
8930,922150095,722420
8931,4521361319,32660
8932,2048371778,49440
8933,995830868,64440
8934,36126099993,28700
8935,150764185261,29500
8936,2421623379,367490
8937,495586357,51000
8938,2308946759,71510
8939,16128464735,16150
8940,1628413143,66650
8941,22851451315,30700
8942,1565125458,61580
8943,114844361528,100470
8944,54017203707,18450
8945,1948660038,60530
8946,8471584346,31240
8947,421511376,41280
8948,2362501811,34960
8949,897803212,81800
8950,26434377401,18100
8951,12157445989,17800
8952,1410190845,52460
8953,227813096866,29990
8954,59727396766,22140
8955,83181928375,14480
8956,136237660,45940
8957,47788817752,18570
8958,595433583,37520
8959,49049046607,17120
8960,59521091475,17810
8961,55374624092,12040
8962,1444366678,60320
8963,52607696761,23040
8964,9917822452,32280
8965,16920717376,22800
8966,43838047781,150830
8967,18646345859,20000
8968,19166847708,16480
8969,388585460,42620
8970,207998780,38890
8971,1237095266,34780
8972,2365619218,50700
8973,351836472,45660
8974,6769041155,265890
8975,1309006301,36750
8976,196892517987,24510
8977,6062647024,32050
8978,405672651,42750
8979,34681628225,27040
8980,22274522030,18300
8981,62923519,46140
8982,16471274664,16700
8983,48879509064,20260
8984,17872142543,14300
8985,27485259660,29160
8986,15978951658,28580
8987,4752806468,297590
8988,1137413043,66600
8989,4586467411,32700
8990,23357523209,26850
8991,1213177422,38940
8992,1405549389,72930
8993,2652935245,83030
8994,1411680455,49890
8995,125223383683,15510
8996,55748627777,26970
8997,4142245630,32460
8998,2531654380,59810
8999,38046327726,25130
9000,17500395948,24800
9001,39733120972,27440
9002,1631738995,1000000
9003,70725378684,19010
9004,2166082387,57720
9005,2339187829,73750
9006,1523689451,54560
9007,14789513945,19790
9008,1502977888,91960
9009,1163741143,52600
9010,36972142743,15590
9011,19221989618,21850
9012,53360332046,114120
9013,880429558,71140
9014,24836711839,21650
9015,33973621953,20850
9016,1212350998,62560
9017,41125292791,192240
9018,45116285441,15670
9019,268295937,39660
9020,1052699654,53590
9021,56269074847,13660
9022,16045577416,16000
9023,190037387,42050
9024,12175959216,13600
9025,68235685387,117700
9026,1927027895,36270
9027,2152646533,48320
9028,52212028291,24490
9029,4607525132,86600
9030,23801859917,22540
9031,22574448053,28520
9032,15448444682,237050
9033,65983781497,26570
9034,15332473314,26460
9035,2999814395,37860
9036,105888030,46450
9037,1537435620,79760
9038,2735730472,52220
9039,23801859917,22540
9040,239227393,43550
9041,159102163,38880
9042,109287079217,121300
9043,20249118852,23150
9044,437840531,42380
9045,28089660686,15900
9046,47420037135,21790
9047,41851576292,15400
9048,10289649799,31040
9049,2198983036,90060
9050,319486385,44600
9051,139473112852,114570
9052,131437136172,122250
9053,21332525229,18200
9054,81454223,43780
9055,137417871,46150
9056,15899997351,241420
9057,1810511419,76140
9058,11563633982,32220
9059,32942908226,16300
9060,19913212122,14400
9061,10556791132,20780
9062,80207359806,108420
9063,1931971840,86630
9064,119264991984,138550
9065,8265317495,32430
9066,1474079351,85310
9067,12182235393,16920
9068,3406584300,34520
9069,2445792587,48170
9070,16680645035,13750
9071,16425153791,30350
9072,19578529441,30450
9073,37547961631,16900
9074,1631738995,1000000
9075,4669249497,63530
9076,6633188074,32510
9077,1669661966,84060
9078,332591425,40480
9079,199430731,41480
9080,1449605088,33650
9081,588617222,42630
9082,528564721,57620
9083,59119860557,17980
9084,2667226902,33540
9085,1631738995,1000000
9086,8037842913,21950
9087,81998829822,15070
9088,13013575496,32340
9089,3696576114,36140
9090,1655060651,34940
9091,103776822848,118510
9092,26381824151,30230
9093,55378221550,27380
9094,1131650149,38140
9095,93415270154,134240
9096,318939335,44070
9097,4274753450,32720
9098,278624276,41060
9099,179081664,41780
9100,3576022235,34620
9101,75178766258,13340
9102,1233861583,82160
9103,5186898525,65440
9104,4438273303,78210
9105,1631738995,1000000
9106,75455562305,17060
9107,21509159440,21000
9108,24457461251,19950
9109,209063261,46420
9110,54032546352,21250
9111,1631738995,1000000
9112,21490644071,31550
9113,316546887,40660
9114,1389664438,552620
9115,50200379051,18670
9116,1390284122,49730
9117,1920489781,32600
9118,252147894,42350
9119,74972262,44400
9120,1753958639,68700
9121,403748571,46400
9122,50892730586,26520
9123,1453958851,80650
9124,9096597453,23940
9125,1667284222,63190
9126,12660304592,14100
9127,43897044541,23160
9128,42383763407,179200
9129,2662212051,53970
9130,2911464827,37880
9131,5712553530,32070
9132,110979341,42060
9133,37045766564,25640
9134,27681409375,27000
9135,1871668393,48800
9136,267098031,46100
9137,3603182781,69370
9138,1631738995,1000000
9139,2055280452,35440
9140,2790851456,34450
9141,45964606960,30090
9142,961125105,36380
9143,672067418,53240
9144,233220419,45960
9145,303016833,42310
9146,2246759542,59460
9147,15706772192,17250
9148,48948792939,22680
9149,122640276,42080
9150,59143909418,26360
9151,96809165356,15610
9152,20113483905,31210
9153,22710457019,23010
9154,1952179910,33670
9155,1631738995,1000000
9156,810145112,67080
9157,103812137440,139260
9158,1134104289,53550
9159,32635120117,11200
9160,1774455689,65620
9161,42141940792,21520
9162,2064487787,59760
9163,24889431040,16260
9164,20098434892,211570
9165,254170560811,10570
9166,721629565,39190
9167,71589188235,15890
9168,26178609731,15960
9169,25565025425,20190
9170,74852945202,22240
9171,1191076510,64790
9172,4901838872,81000
9173,5281845718,34790
9174,51393903441,19510
9175,2557427042,32480
9176,16137182963,244800
9177,17634130885,241950
9178,39244436334,19620
9179,81252704002,26370
9180,91555941914,27860
9181,8027386235,31480
9182,61629364772,118550
9183,1924708325,35010
9184,1557768168,489350
9185,12660304592,14100
9186,39341073855,22100
9187,49275798206,21420
9188,213452483,44080
9189,370171284,42400
9190,2825355592,48370
9191,289755230,42810
9192,74852945202,22240
9193,49535555271,12750
9194,24457461251,19950
9195,3218283428,50790
9196,63480429815,16670
9197,3638372899,75740
9198,19845625125,16240
9199,5082557683,32470
9200,4796352194,51630
9201,178206750306,101000
9202,90371233650,27990
9203,37673201671,24140
9204,25275200839,17350
9205,51444035286,16380
9206,31343462603,30850
9207,73802628198,27170
9208,48385818617,17560
9209,1488214508,87240
9210,28543263715,17460
9211,64864154,44620
9212,946465514,64320
9213,5455965309,80220
9214,4805267785,69930
9215,89756605511,107170
9216,417573801,41860
9217,37547961631,16900
9218,845017738,58000
9219,303951886,40940
9220,59952461054,25490
9221,19621303841,19800
9222,1037381923,62740
9223,98140781662,14550
9224,39005083666,23120
9225,2949828622,90470
9226,148140845,44800
9227,38240921045,26550
9228,158218983,40420
9229,43134529375,19850
9230,115728703010,135750
9231,162009079,46280
9232,126698850927,30020
9233,915439284,38120
9234,1976465254,53110
9235,81947908112,18540
9236,33854502558,23450
9237,2048578617,56620
9238,1964612953,65510
9239,46756497319,22930
9240,1234554645,73870
9241,88238982608,154440
9242,119100849015,28940
9243,93015524300,25510
9244,48948792939,22680
9245,993295507,56400
9246,115306295340,25020
9247,39915727804,10040
9248,4093727172,34290
9249,51108562928,21130
9250,1339911081,87300
9251,83892829452,11150
9252,39603242522,29780
9253,42212233279,10720
9254,1682361896,76320
9255,52006394875,29620
9256,160377366471,111540
9257,44739121196,18240
9258,16845581696,11410
9259,74427604153,28770
9260,47177858185,14250
9261,28229514027,18550
9262,385210910,42610
9263,2012350411,55900
9264,1218589847,66880
9265,1384821792,89110
9266,32416660137,30770
9267,151288173974,29090
9268,1454275898,56890
9269,2192809826,33420
9270,202243909,46340
9271,33268321666,205940
9272,958250947,40430
9273,6646232430,32730
9274,2204359227,78150
9275,450993184,40290
9276,696359794,87320
9277,4284642806,84370
9278,791065333,51340
9279,42141940792,21520
9280,27453873209,26690
9281,1760616848,33080
9282,1585843325,76780
9283,56934598928,20020
9284,11266344272,270970
9285,991001074,34990
9286,16696015260,30900
9287,9338174242,259280
9288,91369064978,28730
9289,55967580342,14710
9290,1769608237,75720
9291,723556486,36580
9292,47615883511,27100
9293,406883978,36800
9294,72964523408,23840
9295,12635210498,23500
9296,20214540506,24190
9297,345934961,41190
9298,21288505553,14520
9299,114174616,43680
9300,406883978,36800
9301,8143426756,32820
9302,148942706897,29470
9303,8788397572,33470
9304,53840856249,19440
9305,267098031,46100
9306,9816664858,31180
9307,92000552569,26820
9308,308095073,44530
9309,38240921045,26550
9310,27402271562,23800
9311,34434721222,13710
9312,69795919855,130660
9313,1222741054,66140
9314,771354941,37120
9315,2001257133,35070
9316,3467591384,295560
9317,16045577416,16000
9318,60824477132,125270
9319,281412318,45670
9320,1615016895,50630
9321,19781196089,23640
9322,878815721,58460
9323,31646471750,23350
9324,2881351931,32500
9325,52599772146,27960
9326,101479862938,140670
9327,23654036646,130220
9328,295129914,41400
9329,702043340,50080
9330,21245108197,22380
9331,34069048433,14620
9332,1199251193,65660
9333,30081491997,17620
9334,1986305171,72560
9335,28535155489,17700
9336,369908415,39250
9337,128015958453,120230
9338,55658814898,29760
9339,13851673776,19200
9340,10753109148,22060
9341,4003083115,35040
9342,94899980341,24730
9343,49535555271,12750
9344,6837950701,31860
9345,69085430114,23410
9346,24652206273,17190
9347,19558299507,14880
9348,1115607070,69740
9349,21562116980,12320
9350,2002585720,66270
9351,48545904395,111090
9352,2723833591,458140
9353,12145938285,33260
9354,1430080786,50250
9355,32830187687,27900
9356,1918357512,58370
9357,1489166647,81260
9358,55658814898,29760
9359,93181636467,28880
9360,48385818617,17560
9361,27530071116,17550
9362,64930793515,160130
9363,11559347838,24300
9364,43223920572,27840
9365,402845661,37260
9366,3873733615,64650
9367,414655614,39460
9368,887037210,41330
9369,911136707,71390
9370,1080765144,35600
9371,25690367682,27230
9372,578546494,37740
9373,59329830220,14050
9374,926335324,50480
9375,52954844225,27750
9376,64366923441,23460
9377,236960803,37410
9378,105560148894,117050
9379,57602674515,97280
9380,64570007221,15810
9381,8592713409,16550
9382,1033693647,65640
9383,974804499,61700
9384,837503861,78700
9385,5758061208,32010
9386,2591728116,56830
9387,204164666855,29490
9388,1631738995,1000000
9389,66335429928,23760
9390,85376013248,28410
9391,1696076062,56100
9392,859231859,650340
9393,11253340546,31780
9394,2864541139,70400
9395,20047359759,28400
9396,61225260345,18720
9397,115014292,45230
9398,72447970810,108380
9399,21631552444,26750
9400,1631738995,1000000
9401,845017738,58000
9402,1705685294,61550
9403,4804702948,33250
9404,56191503927,24740
9405,3131163107,60760
9406,297227885,42740
9407,47974690022,20670
9408,17284174655,17940
9409,8143426756,32820
9410,15632682407,13450
9411,432858644,37750
9412,60954790344,110220
9413,8425910359,33410
9414,19221989618,21850
9415,1892327141,35210
9416,824382934,59410
9417,1269075816,64150
9418,72056434002,98570
9419,59591093401,25820
9420,2675776618,49210
9421,674813434,37730
9422,1587580952,35260
9423,64125362778,28720
9424,26794617770,13400
9425,2259004604,796980
9426,2001829084,54680
9427,12564986713,25760
9428,3442974840,91120
9429,53948802030,112380
9430,38379128084,14740
9431,536240600,43050
9432,16656548476,17500
9433,49536586855,25830
9434,882415535,83510
9435,95353900279,126280
9436,880387844,76960
9437,12117734393,20290
9438,1303340362,95060
9439,32497885421,14680
9440,577110669,45530
9441,25390870946,21340
9442,1943459116,58940
9443,15370197263,17860
9444,991790636,48520
9445,418907708,39020
9446,5252817881,33740
9447,173531469778,16330
9448,64908345929,30220
9449,57050127055,16050
9450,18157672735,22620
9451,428047614,44270
9452,1109346495,51350
9453,32664879670,23620
9454,37809039347,17750
9455,3359609487,71660
9456,1020154320,56000
9457,32277474896,18680
9458,54583536254,22030
9459,115329302,46240
9460,2160661217,33240
9461,1258910853,59080
9462,30860554806,10400
9463,47056029082,20580
9464,820227571,70020
9465,1357362796,65770
9466,1488656844,72830
9467,4495294017,82590
9468,48948792939,22680
9469,169982122,45700
9470,5173542214,34540
9471,1130576654,36230
9472,64898290512,29050
9473,1222889612,80780
9474,691147981,36540
9475,68916216496,19630
9476,174738334461,100820
9477,41900658858,12120
9478,50408713854,117550
9479,87930334985,11160
9480,1892133731,66010
9481,71589188235,15890
9482,151403046,42880
9483,36126099993,28700
9484,4047428794,83450
9485,4440447342,72330
9486,83985160666,21060
9487,5337139528,59230
9488,84557250108,29940
9489,123469909,44480
9490,1714133943,34040
9491,62301899119,19940
9492,38294574307,24220
9493,47327142953,30120
9494,26676025512,14700
9495,53360332046,114120
9496,34561022451,16570
9497,6035310102,31380
9498,1666117663,60930
9499,4924337268,74370
9500,37291167699,22080
9501,3097598273,34650
9502,280436357,38560
9503,2268927280,60690
9504,2230227527,92450
9505,302588764,43150
9506,79849030588,27970
9507,25182861324,26220
9508,1631738995,1000000
9509,229520041119,29510
9510,3446111612,93770
9511,131493936,40240
9512,36032053100,21370
9513,18781364593,22500
9514,1002859373,58860
9515,57053478749,160420
9516,71751816253,136450
9517,155381505812,29820
9518,25259689223,24780
9519,34785681833,20740
9520,56663813217,20660
9521,60071347121,24710
9522,25528271228,210050
9523,217615589,45760
9524,153386643,43420
9525,83334316,45780
9526,3766257468,81070
9527,1605069365,48140
9528,49342341513,20050
9529,958250947,40430
9530,97020392152,15530
9531,43115760993,24410
9532,47810622709,28510
9533,2092435391,34200
9534,43333005421,22210
9535,28286652085,17040
9536,4054494414,50130
9537,28413415369,25190
9538,1788588637,63080
9539,4804702948,33250
9540,1250102507,56660
9541,1263110742,51360
9542,1648112867,60460
9543,4299448562,50710
9544,26704245525,18880
9545,2115514166,71500
9546,24263189038,13000
9547,3236275601,32580
9548,109477212,46920
9549,36178077994,22180
9550,43440528468,19050
9551,1113508849,48570
9552,11932444456,218000
9553,270161958,45480
9554,50684659701,25410
9555,304732152,44640
9556,1381904147,66150
9557,2451133627,62710
9558,548747932,64600
9559,1791845003,87760
9560,577366034,39390
9561,591649146,87500
9562,12694562021,26800
9563,2495007104,56750
9564,48924219597,31030
9565,34760134536,134990
9566,34785681833,20740
9567,22913369903,22650
9568,996119850,54080
9569,41900658858,12120
9570,33808150331,25680
9571,928505880,59280
9572,3854371096,32140
9573,1176188979,63600
9574,455173169,40920
9575,256934409,43730
9576,492504328,43480
9577,1435790470,57150
9578,431234027940,30490
9579,83556048363,140630
9580,104365666648,118610
9581,183861569328,99000
9582,92954557895,98540
9583,2665111018,33500
9584,1020253916,62460
9585,174546255,38420
9586,134927606,44090
9587,1099500483,63490
9588,6536029761,12400
9589,29891347869,28270
9590,15209110968,25300
9591,1809368779,36150
9592,15269062707,11500
9593,965912216,73500
9594,290299518,42530
9595,151501434,39910
9596,218254140,41040
9597,296078334,44210
9598,1300045689,80710
9599,3109132994,33330
9600,15680717211,23050
9601,1660633855,62050
9602,33104231917,10680
9603,5207892040,10600
9604,10688901513,31100
9605,15739671791,31840
9606,62611869151,20470
9607,928759657,35790
9608,53424805416,173450
9609,233220419,45960
9610,35071733965,30250
9611,15824340416,31220
9612,39244436334,19620
9613,1631738995,1000000
9614,1386870995,55080
9615,338272219,40690
9616,1194376822,56790
9617,19516679946,24000
9618,86634682,46820
9619,36126099993,28700
9620,2360906311,72800
9621,189187624,40750
9622,87219695474,31470
9623,120130755341,11370
9624,320051644,43570
9625,1634380701,93930
9626,887037210,41330
9627,2666194362,77290
9628,6618928776,31350
9629,8005651455,31150
9630,1631738995,1000000
9631,113005204623,18960
9632,48326487621,18120
9633,15101702599,12500
9634,27402271562,23800
9635,28969049305,17360
9636,1631738995,1000000
9637,3915948901,71020
9638,17967957924,18030
9639,43338886118,150000
9640,461028209,40900
9641,45440822326,30180
9642,907034587,50680
9643,3690338842,74670
9644,63247325082,25950
9645,451108847,37630
9646,46364741189,20750
9647,20982986249,28850
9648,48538423419,22040
9649,1662301289,34810
9650,61452153020,147900
9651,5458998769,33310
9652,1071249015,81690
9653,1831503303,67620
9654,417703744,35900
9655,1049140050,50300
9656,14119890972,32750
9657,35071733965,30250
9658,20271072387,19680
9659,19166847708,16480
9660,14253139298,23980
9661,96853149193,104270
9662,35618083107,15260
9663,8101115241,20840
9664,114027966971,111640
9665,2430628606,79740
9666,1241549917,70130
9667,40107433283,15040
9668,55241510149,29100
9669,156230957,44690
9670,42843779600,17660
9671,16956918425,12250
9672,163792207,46350
9673,1562946977,73070
9674,1980189109,78660
9675,1188828765,85100
9676,603592919,56420
9677,2488580602,49200
9678,2309399575,35000
9679,1076951788,66780
9680,15968964813,19560
9681,4764520631,37280
9682,156076662525,29070
9683,989365560,61920
9684,42486529686,26920
9685,233220419,45960
9686,21797622356,11800
9687,13618910578,19900
9688,1414546051,70380
9689,928772192,72000
9690,1992245021,67490
9691,106009260,46700
9692,5549620249,33730
9693,82590527677,16940
9694,3222300429,35490
9695,26381824151,30230
9696,1206555222,51980
9697,6794665272,33360
9698,287077495,39580
9699,13749746627,18260
9700,384191379,44250
9701,2794625181,34110
9702,4093727172,34290
9703,3320066334,60380
9704,78974399498,146930
9705,18102980032,14800
9706,21797622356,11800
9707,2136722025,63980
9708,23239345271,12650
9709,90877732279,101830
9710,114052432718,29460
9711,153490949,42200
9712,48899227149,28790
9713,74708566,47710
9714,1234061710,55040
9715,736161705,88300
9716,40107433283,15040
9717,28694947024,27200
9718,3356420522,35590
9719,1892133731,66010
9720,9966939481,21600
9721,1571687707,92790
9722,1498877018,77670
9723,448357012,44930
9724,538524587,80600
9725,12021004839,31310
9726,477888695,41680
9727,4864762711,32980
9728,12370260581,17440
9729,401120146,43950
9730,45276330903,16450
9731,160706635,42020
9732,2641373586,48900
9733,83219449699,16740
9734,9666645468,20920
9735,15096223682,26090
9736,79336792390,12240
9737,45173635137,23430
9738,1164263840,56060
9739,103610920697,139860
9740,1436697048,58810
9741,2045588469,95450
9742,2899596974,49810
9743,5920367305,33720
9744,1224554872,50360
9745,2181696456,56980
9746,32841394868,25980
9747,1089890313,60050
9748,66953439280,23470
9749,1522560278,48720
9750,310943529135,29240
9751,15700282152,31510
9752,737627132,38020
9753,93783661034,11730
9754,214510322,38400
9755,74647328198,123770
9756,6035310102,31380
9757,15328257395,26340
9758,76122229016,15310
9759,1389311485,70850
9760,4775106304,33400
9761,488441464,43740
9762,15486099417,26720
9763,47420037135,21790
9764,351836472,45660
9765,1758869434,92020
9766,18781364593,22500
9767,14522310942,14060
9768,304525348,42850
9769,1631738995,1000000
9770,152756057,46300
9771,62485842,44300
9772,29880351046,27520
9773,210159210,42590
9774,778170920,71840
9775,4132222233,36610
9776,37213971332,123430
9777,69896395094,146280
9778,8535140037,33160
9779,15706772192,17250
9780,6968645360,13500
9781,15484020783,13300
9782,72926475548,24420
9783,24628664082,17600
9784,12800337729,19080
9785,706544623,53950
9786,25601318259,26490
9787,1369554320,60610
9788,99601413921,140130
9789,15332473314,26460
9790,1312832502,58320
9791,62611869151,20470
9792,134439735,43930
9793,5758061208,32010
9794,2108058912,58760
9795,21133977922,186100
9796,2199235765,74580
9797,24362149542,24150
9798,52599772146,27960
9799,1058807512,55420
9800,16576179451,31080
9801,42818496987,22700
9802,71589188235,15890
9803,91666270237,137160
9804,977011201,56300
9805,3000745256,77460
9806,36485850456,12160
9807,5921037305,10000
9808,298788004,42040
9809,147216743374,115300
9810,196034455,41290
9811,357850812,58600
9812,18720450050,243720
9813,1147781431,54720
9814,22825466302,31880
9815,15018153817,21660
9816,2304074033,69960
9817,49757579097,12560
9818,163010279825,29650
9819,1494433402,58490
9820,713115969,38460
9821,48989402292,27190
9822,42967339330,20970
9823,21319622040,18000
9824,1207611541,54140
9825,25275200839,17350
9826,1187118243,36550
9827,97236810,44950
9828,73838320521,20630
9829,15968964813,19560
9830,174546255,38420
9831,90371233650,27990
9832,137396957,41140
9833,25260575034,24170
9834,17872142543,14300
9835,3924623968,89630
9836,926335324,50480
9837,427991296,40670
9838,2286376117,37660
9839,603592919,56420
9840,14782752626,20560
9841,1169995751,36250
9842,55378221550,27380
9843,76867896822,96700
9844,142251444344,14730
9845,96155377,41110
9846,100677958948,30050
9847,1771178308,34530
9848,591649146,87500
9849,174984123,46780
9850,15282441909,31600
9851,77859726070,12130
9852,31180941172,20690
9853,1704457285,48740
9854,55456818348,19970
9855,126159770,40560
9856,1765653200,49780
9857,25009359999,15920
9858,1147770854,68330
9859,1621512804,77850
9860,37076423390,25550
9861,77863713959,25660
9862,11835160642,32860
9863,89524892842,11760
9864,1371585985,84230
9865,46364741189,20750
9866,68557442308,123930
9867,1034063462,76800
9868,1631738995,1000000
9869,187397207463,29370
9870,1437212909,64730
9871,160257113199,114760
9872,1931367898,67220
9873,28839812218,22110
9874,49591181675,30380
9875,2662245632,57030
9876,215237797,45580
9877,570338543,46390
9878,6404613422,33640
9879,9966939481,21600
9880,43685827197,19450
9881,160415459,39720
9882,19720899101,16660
9883,217562611,45390
9884,54017203707,18450
9885,153763734186,10660
9886,293436722118,29960
9887,62100399730,30960
9888,12995868583,17580
9889,793801377,64200
9890,3009634323,35350
9891,284665383,43840
9892,1012483522,34000
9893,53371998744,117520
9894,32277474896,18680
9895,58192362683,29520
9896,30081491997,17620
9897,2515180298,53390
9898,23801859917,22540
9899,55183628089,21870
9900,2309399575,35000
9901,906169889,50810
9902,130334865464,18990
9903,59727396766,22140
9904,1159273218,57570
9905,14720086762,21150
9906,22875006614,30060
9907,21708388858,19430
9908,868116865,55960
9909,44624241610,178580
9910,14406325076,28100
9911,148681134164,23970
9912,100176639171,102760
9913,357944280,43650
9914,4214682674,317130
9915,3224952470,333760
9916,4575753187,66020
9917,861673698,62310
9918,21817176627,19120
9919,82333143928,13870
9920,540955788,39750
9921,93080239986,120310
9922,863855022,50280
9923,1167644278,63150
9924,107813967,41800
9925,77859726070,12130
9926,8788397572,33470
9927,55482136423,22570
9928,2125656074,50000
9929,116720651,42800
9930,11544330483,18820
9931,52386653634,29120
9932,169496546,42860
9933,1848303758,88480
9934,1748479526,33170
9935,27475232553,20550
9936,1237095266,34780
9937,37809039347,17750
9938,26381824151,30230
9939,975246955,55210
9940,6529626969,52330
9941,713115969,38460
9942,15580325925,32870
9943,53840856249,19440
9944,1633440595,477140
9945,11322932870,14040
9946,22259829553,32180
9947,2406320647,58280
9948,4349691787,74660
9949,736160521,87920
9950,81098926703,11140
9951,19889035527,21700
9952,59096534,43140
9953,517097296,38920
9954,1240499468,51650
9955,854883682,63360
9956,54561378707,25910
9957,2087629394,73380
9958,21770253570,14160
9959,3887362128,89410
9960,1762465936,64030
9961,55319012421,165900
9962,1633132208,80160
9963,13287800402,10460
9964,153620242060,11790
9965,26344579795,219570
9966,16304030882,244210
9967,2357616922,57070
9968,113004047,45490
9969,1274312067,47840
9970,15877656541,24250
9971,7799241001,32970
9972,26085220253,12060
9973,76552850656,14450
9974,5921037305,10000
9975,28239210726,26100
9976,9538700493,285610
9977,6561278637,282570
9978,136637551554,106840
9979,1964050833,59560
9980,32939692439,24350
9981,7326877173,32850
9982,6714501360,11440
9983,750345998,54270
9984,66156272051,150550
9985,151092871204,29600
9986,51994472676,20860
9987,1356162665,50140
9988,68788084373,24940
9989,24263189038,13000
9990,4353840863,66040
9991,469106738258,29110
9992,30719654234,22320
9993,3478860439,81270
9994,1140785990,35560
9995,1038777209,64140
9996,36627299455,15640
9997,586244091,39010
9998,3445143039,34100
9999,11428586638,26080
10000,16696015260,30900
10001,222382913,38600
10002,42843779600,17660
10003,349099405,47220
10004,1631738995,1000000
10005,49381445260,23550
10006,72787882081,24130
10007,23735100865,25780
10008,15391103389,246380
10009,4959344139,85150
10010,53467110784,19410
10011,954122070,71000
10012,250858413,47650
10013,85468721624,11930
10014,44932950070,16990
10015,32329734658,17380
10016,1655060651,34940
10017,9096597453,23940
10018,8522526669,30800
10019,1025832586,51430
10020,456206539,40010
10021,101368997820,98040
10022,15256087012,10300
10023,5493201728,72290
10024,15241819764,13200
10025,1760616848,33080
10026,31086951478,28130
10027,27402271562,23800
10028,25784050372,22000
10029,73787733197,20530
10030,52838154,46520
10031,15836834070,22160
10032,237003670,43450
10033,1102126295,76190
10034,13618910578,19900
10035,176898166819,20070
10036,5563729457,34240
10037,48632573621,28070
10038,18102980032,14800
10039,724963256,48950
10040,48385818617,17560
10041,4272457102,88180
10042,21271550925,31650
10043,3329996268,55320
10044,591837111,52100
10045,5207892040,10600
10046,90818759234,16490
10047,112646678546,133870
10048,1235843086,79920
10049,1509141265,34080
10050,1305006384,49900
10051,12738484404,20430
10052,2078359925,39730
10053,2492528892,64680
10054,43031454682,12840
10055,705780122,38660
10056,57667778662,30710
10057,21894588801,23600
10058,2685223976,35800
10059,2095861127,34850
10060,69254992316,28820
10061,1458280914,53410
10062,55241510149,29100
10063,141030211970,120440
10064,9966939481,21600
10065,151115620726,14790
10066,1623891017,95150
10067,12956944537,16200
10068,74486883609,155750
10069,8980836246,32990
10070,13074074288,19580
10071,623436439,91560
10072,5130609805,30750
10073,1084602473,85440
10074,59096534,43140
10075,24252413441,20200
10076,11740205694,25700
10077,366177253764,10250
10078,1593318118,58260
10079,882778274,35160
10080,50805719022,13180
10081,95169845704,100460
10082,2676670566,33890
10083,89115064498,24290
10084,7171896670,18400
10085,38647994849,100140
10086,4424944880,32620
10087,605910573,54900
10088,150244251711,96640
10089,236960803,37410
10090,192825352,43720
10091,2685223976,35800
10092,1838218188,49320
10093,62790876487,25670
10094,1094094326,62300
10095,45276330903,16450
10096,2566155676,70840
10097,4669517165,34870
10098,74427604153,28770
10099,110279791980,29340
10100,402845661,37260
10101,95309022977,18770
10102,15075237399,20500
10103,2537229912,82210
10104,28382266408,21540
10105,774603366,40590
10106,214770472605,29720
10107,124880012639,28230
10108,2054556986,94560
10109,1950633591,80360
10110,38946778013,25920
10111,35922754479,20350
10112,1265260946,33680
10113,4584263012,33070
10114,1120085119,37190
10115,25784050372,22000
10116,110979341,42060
10117,135439121417,21190
10118,48516137369,23060
10119,3236275601,32580
10120,784033480,64250
10121,1115306739,35200
10122,964965276,61020
10123,184200659,39370
10124,66806253421,20240
10125,2297721294,60740
10126,1217708896,38830
10127,776833593,63740
10128,1962371402,80910
10129,31878758657,211600
10130,2907187920,398620
10131,13813563496,32060
10132,16671615759,17000
10133,29648005691,16060
10134,179942021,37600
10135,37824081128,27060
10136,144701723191,97270
10137,96940398102,30270
10138,8085474109,11000
10139,679457153,72420
10140,506974138,40020
10141,69085430114,23410
10142,1036374932,75030
10143,158218983,40420
10144,81355524747,17400
10145,27134392123,27830
10146,14401704407,16500
10147,5563729457,34240
10148,514580279,38650
10149,912920580,40090
10150,298739204,40200
10151,1145660652,52310
10152,45942275295,13950
10153,57281640009,19190
10154,691147981,36540
10155,999521144,37820
10156,48354772643,187300
10157,29933131070,24860
10158,7351337249,50450
10159,28137966581,12960
10160,1566449225,87870
10161,1779400393,93200
10162,4077505210,31450
10163,55987971004,15160
10164,113786074923,13620
10165,1107994614,64060
10166,32673247777,22670
10167,4632367103,79140
10168,68186973,41320
10169,1466271160,53540
10170,1280669659,36720
10171,1495101382,73150
10172,45184795444,14360
10173,97236810,44950
10174,47570883871,22530
10175,153169842,45100
10176,82535701404,16120
10177,548747932,64600
10178,4876666259,47790
10179,1817493532,71670
10180,168179807,43760
10181,2627253301,63770
10182,951295700,37900
10183,43031454682,12840
10184,70476813938,13020
10185,850311287,85770
10186,34197580549,15200
10187,481329814785,29630
10188,55293907816,25350
10189,93110310394,152170
10190,4770298582,75230
10191,1147781431,54720
10192,5217677125,50290
10193,3081040956,68820
10194,48451609488,177740
10195,41385627040,19220
10196,2778056148,73980
10197,967689915,34700
10198,3444167668,95440
10199,4391431506,277140
10200,383613265518,29810
10201,609632980,37150
10202,41960725561,27150
10203,207496573703,20140
10204,56663813217,20660
10205,83342142687,18630
10206,1113508849,48570
10207,113685898002,125970
10208,290690343,38350
10209,54074103915,13640
10210,881265849,36930
10211,20047359759,28400
10212,49413258698,22810
10213,673564716,64380
10214,36345144089,13520
10215,729566850,34400
10216,37326142645,25360
10217,500320635,46470
10218,588564934,40390
10219,250858413,47650
10220,2319003825,53570
10221,305098364,44610
10222,1180278952,70370
10223,48632573621,28070
10224,46161303148,177930
10225,1097790830,76830
10226,1938168039,74780
10227,49275798206,21420
10228,82713205076,101700
10229,68817880676,13980
10230,225143170,42440
10231,1078010751,71910
10232,3737324483,62160
10233,29083726643,17520
10234,53220470873,19370
10235,59763139801,30580
10236,56845599086,12790
10237,1116875487,77350
10238,1029271305,88360
10239,81024868,44180
10240,2217307148,73090
10241,15877656541,24250
10242,2665111018,33500
10243,2441550991,36170
10244,31965056762,16400
10245,11103474308,31960
10246,40143322519,25720
10247,12282619838,32030
10248,3009634323,35350
10249,107813967,41800
10250,306086293788,29320
10251,89261862724,18510
10252,212415083,47070
10253,153169842,45100
10254,1392109844,48780
10255,21018328003,25940
10256,1309916981,71540
10257,84705126584,23880
10258,1258414495,58160
10259,163104065,42340
10260,7525980662,33060
10261,85469438992,29060
10262,37947213938,141810
10263,35071733965,30250
10264,37768543418,27850
10265,382417194,39300
10266,23122731626,31260
10267,3547118228,82730
10268,700124582,58950
10269,1272801157,54430
10270,195819684,43600
10271,1061351690,70150
10272,1857688989,937760
10273,1598226978,75390
10274,3229580833,53180
10275,163251837,40260
10276,4669517165,34870
10277,1584791361,37050
10278,8027386235,31480
10279,402646983,43590
10280,60991101392,13310
10281,24371933729,22950
10282,49361607235,19480
10283,1169292245,36180
10284,788953203,36000
10285,2300222009,82510
10286,1635594095,72990
10287,1631738995,1000000
10288,67195225842,20010
10289,25950007188,23900
10290,26692492132,28150
10291,13167973529,24640
10292,672067418,53240
10293,74803381851,23370
10294,18646345859,20000
10295,31272637609,23520
10296,3096086499,86300
10297,1458790427,62480
10298,12182235393,16920
10299,28616709344,191930
10300,5252817881,33740
10301,47323197714,25370
10302,21654796659,21380
10303,1119759959,72900
10304,61406082,47620
10305,1206769635,61050
10306,162604994604,15680
10307,51876910884,131180
10308,36799869133,20760
10309,1977058169,67290
10310,1410190845,52460
10311,10379975085,30400
10312,9950781450,31970
10313,30202388073,211370
10314,1692834589,54540
10315,72787882081,24130
10316,239984672,46290
10317,1866781079,94680
10318,202293487,47700
10319,222382913,38600
10320,3097598273,34650
10321,38240921045,26550
10322,30661738016,19650
10323,271327756,43960
10324,688768061,43230
10325,1453138586,52000
10326,297387242,46080
10327,1173132761,67880
10328,32546013829,177570
10329,36086746685,23510
10330,2004491699,53940
10331,67250095591,16020
10332,406883978,36800
10333,4203548563,72570
10334,1821814973,85250
10335,47009277410,101110
10336,217479809229,29830
10337,43891319466,21470
10338,328961923,44120
10339,4462241825,82400
10340,8597498625,15300
10341,33555873981,12200
10342,539715302,68950
10343,14401704407,16500
10344,7623443849,18500
10345,146248251644,29680
10346,1760616848,33080
10347,20328737308,27660
10348,9131255530,17200
10349,175181366,47320
10350,36539275597,196540
10351,63578466333,18620
10352,68186973,41320
10353,2060087884,57330
10354,1356335367,93180
10355,1382721796,72750
10356,49496830942,19070
10357,107906111309,112590
10358,95309022977,18770
10359,43982463921,20160
10360,114177850,44350
10361,16810611257,21690
10362,136237660,45940
10363,49496830942,19070
10364,83784153285,28900
10365,13380422730,23400
10366,1381904147,66150
10367,1274312067,47840
10368,396869926287,29310
10369,36337466435,23490
10370,69229312042,30290
10371,1322357295,89450
10372,39915727804,10040
10373,85785499489,17670
10374,238694377,45640
10375,20982986249,28850
10376,62656499882,117310
10377,1965146457,33460
10378,56878540841,13930
10379,233220419,45960
10380,1078010751,71910
10381,9617972623,20540
10382,1814508408,52980
10383,84710804,42690
10384,121011637850,15540
10385,19387628138,237940
10386,1922151906,65520
10387,131152378,45380
10388,34075787416,13460
10389,1033722074,65390
10390,98056849165,17130
10391,27946580149,18090
10392,46609776660,13720
10393,1528938191,79370
10394,202015720,41660
10395,28413415369,25190
10396,9966939481,21600
10397,41132067628,27300
10398,1116875487,77350
10399,163104065,42340
10400,131259421324,14230
10401,106739258466,105220
10402,958549335,50990
10403,835522598,84980
10404,4935128750,87020
10405,12542145494,32790
10406,121034483612,107000
10407,20096305364,214810
10408,116122082773,122610
10409,1906527219,82520
10410,1974785315,585130
10411,1068344977,54750
10412,1129902148,37890
10413,190767518,44920
10414,1061351690,70150
10415,1311039891,71100
10416,2212886495,91410
10417,16696319811,22580
10418,138109706,44780
10419,2428040434,48450
10420,2289228749,49470
10421,1631738995,1000000
10422,33164507023,26260
10423,78089133569,12180
10424,557786206,41410
10425,309643652,39900
10426,15348844245,17480
10427,1269099066,65330
10428,10136440557,30560
10429,471868313,41810
10430,25390870946,21340
10431,2464172307,84570
10432,97693237215,136600
10433,1115306739,35200
10434,62932571145,10500
10435,12755555429,17470
10436,178630630,42330
10437,11544330483,18820
10438,2254567552,58500
10439,6633188074,32510
10440,64115940228,172440
10441,402646983,43590
10442,855468356,76880
10443,2534784064,33840
10444,271843632,44290
10445,41565307695,133140
10446,51349319228,27490
10447,3123446351,57300
10448,20751108190,23100
10449,167402673,39270
10450,114052432718,29460
10451,30870185810,16790
10452,66129756375,12350
10453,15739671791,31840
10454,10556791132,20780
10455,1342683647,66770
10456,4279507089,80730
10457,52706040060,28610
10458,9677268621,31640
10459,326046808,37010
10460,903110811,50120
10461,1353588104,49040
10462,163594944,41850
10463,56934598928,20020
10464,764568562,39140
10465,23735100865,25780
10466,22426798037,21050
10467,2112613951,81810
10468,151851617,41500
10469,36500486978,17110
10470,726757896,50400
10471,318939335,44070
10472,31314011321,154940
10473,207998780,38890
10474,786030857,88540
10475,1753265117,36710
10476,12635210498,23500
10477,18291876801,25440
10478,6847361817,24080
10479,2487592745,60770
10480,1449605088,33650
10481,46745158604,24820
10482,47066111055,17880
10483,1310857836,51870
10484,2087144451,50980
10485,4821916053,78330
10486,24280202958,17950
10487,1033610101,67650
10488,37717196238,21760
10489,421511376,41280
10490,41085533680,12280
10491,23122731626,31260
10492,56988475258,146650
10493,63623718990,27940
10494,86634682,46820
10495,81357340879,19160
10496,1159485311,50740
10497,46104364417,162450
10498,34531291994,140540
10499,2369610286,68660
10500,21894588801,23600
10501,18307813892,26600
10502,15328257395,26340
10503,20751108190,23100
10504,31646471750,23350
10505,18291876801,25440
10506,701757018,43220
10507,21631552444,26750
10508,1525900791,61320
10509,4250146741,33600
10510,19221989618,21850
10511,16090103748,31340
10512,81582810538,110310
10513,61739919244,10540
10514,71825248297,22560
10515,78296211511,124350
10516,238295547,44380
10517,895738066,54330
10518,47673360988,12270
10519,20334120816,19250
10520,5708185306,311010
10521,1773931839,83100
10522,24976397681,164890
10523,43271837939,21480
10524,486919922,47270
10525,61805000561,27240
10526,1499579667,48860
10527,6837950701,31860
10528,134927606,44090
10529,127305913424,26270
10530,23927692354,26640
10531,26794617770,13400
10532,205936537,42960
10533,25253714483,23240
10534,1699831961,54440
10535,35208935121,12820
10536,2537229912,82210
10537,1240223226,78870
10538,6000734333,32020
10539,3101702013,78600
10540,75366736990,22660
10541,152027485246,13410
10542,1846799542,53990
10543,21256246165,21800
10544,474211120,45830
10545,44771031966,30550
10546,15348844245,17480
10547,11094753535,31000
10548,277263165,45540
10549,895738066,54330
10550,4448713717,76870
10551,14789513945,19790
10552,1744453739,39220
10553,9917822452,32280
10554,36972142743,15590
10555,2719937522,68280
10556,82715082640,22410
10557,3803196015,78670
10558,34217485574,30940
10559,56618718920,27680
10560,331373844263,29590
10561,48989402292,27190
10562,1294997156,67580
10563,128742187,39650
10564,141917314315,122070
10565,116720651,42800
10566,32942908226,16300
10567,19845625125,16240
10568,982700275,63280
10569,114223554972,29180
10570,974804499,61700
10571,5448877236,60410
10572,22940211578,13700
10573,1406065226,65910
10574,57416757278,98390
10575,2554714068,34270
10576,59478656525,30200
10577,34681628225,27040
10578,4586467411,32700
10579,40239095341,31250
10580,106655261328,23480
10581,113605749,44440
10582,21654796659,21380
10583,996119850,54080
10584,1518008875,58480
10585,603592919,56420
10586,20249118852,23150
10587,1782412820,82480
10588,59478656525,30200
10589,37866747690,26980
10590,127027820859,16730
10591,1821577221,68500
10592,1176188979,63600
10593,59727396766,22140
10594,2036927683,47810
10595,237003670,43450
10596,64324404296,17640
10597,23927692354,26640
10598,3475924213,59990
10599,12370260581,17440
10600,18741652662,21500
10601,27839817214,10340
10602,1593022972,36940
10603,36766127593,24960
10604,609632980,37150
10605,57890674959,136780
10606,5101016810,82310
10607,13108767294,31280
10608,12755555429,17470
10609,28809671951,15600
10610,109888375014,27820
10611,1548143380,78950
10612,370300963,47180
10613,1127356261,47510
10614,1414529015,70720
10615,42484091798,27700
10616,8746143840,15800
10617,22248366234,152910
10618,13783665495,31430
10619,141296415028,115700
10620,1622178634,79020
10621,3097598273,34650
10622,90433490781,138080
10623,71741480937,26110
10624,209063261,46420
10625,517616088,38900
10626,2370638666,69140
10627,26892328727,192390
10628,13019544924,31490
10629,5125999172,335040
10630,70347446419,16040
10631,102982602386,121340
10632,2104346867,71160
10633,44095473091,28180
10634,76708673953,15930
10635,101257967,45120
10636,93978920751,132330
10637,212303552895,29800
10638,1631738995,1000000
10639,51480690814,19920
10640,347066566,39550
10641,3361501514,70290
10642,3858545923,95470
10643,457485908,41050
10644,3586135371,48260
10645,462712938,43970
10646,84710804,42690
10647,124212322538,15730
10648,382100978,39670
10649,1333505985,59640
10650,100929380,45250
10651,12579447919,19550
10652,2336311906,56480
10653,168323344341,103810
10654,111886820,47690
10655,18245872058,25530
10656,3725070529,80440
10657,32670578675,26700
10658,78007317755,13360
10659,2594660495,62520
10660,182904087,45980
10661,86356058651,103740
10662,770505462,38840
10663,289105316,37510
10664,31980352960,19540
10665,1648112867,60460
10666,5139345535,34090
10667,143604743239,29540
10668,2341199136,60780
10669,28239510390,25450
10670,27402271562,23800
10671,198014651,46650
10672,16253970402,30760
10673,25565025425,20190
10674,971375384,50500
10675,297387242,46080
10676,26441271661,26250
10677,51924449833,18080
10678,1922944845,49610
10679,143183014,47550
10680,90099603000,11620
10681,17668780075,184380
10682,38215353071,19240
10683,59329830220,14050
10684,58917924875,114180
10685,383566665,39890
10686,121694610630,110340
10687,1753866508,84050
10688,52706040060,28610
10689,1072673738,59580
10690,31624462478,27350
10691,83680402609,20710
10692,1218225164,63940
10693,1436691956,36830
10694,14406325076,28100
10695,407722534,40120
10696,1605069365,48140
10697,143183014,47550
10698,24287704285,18740
10699,26285418960,31200
10700,1631738995,1000000
10701,24942410999,13550
10702,52584354793,28010
10703,1819506720,77530
10704,129598982960,114900
10705,214510322,38400
10706,64799861,47120
10707,235623305,46370
10708,94118417262,13690
10709,37413084970,196910
10710,80171413799,21310
10711,1209411229,68000
10712,2505387615,81580
10713,1584161837,57550
10714,1105515882,40370
10715,423815992,46740
10716,2199594155,62280
10717,97020392152,15530
10718,1673432612,60730
10719,214510322,38400
10720,241480383,40000
10721,265841866,46180
10722,5138451477,53220
10723,74972262,44400
10724,23211945639,26450
10725,1534447047,78860
10726,5393604399,32110
10727,6536029761,12400
10728,1948660038,60530
10729,36224244366,24440
10730,42448808126,17490
10731,837503861,78700
10732,1637743875,573590
10733,126159770,40560
10734,33878940733,27930
10735,31473491054,24700
10736,1675380605,70080
10737,55967580342,14710
10738,87851007311,26620
10739,1469215441,89010
10740,76165853051,127000
10741,2725285743,61500
10742,850683698,53500
10743,15209110968,25300
10744,9618791272,32560
10745,76552850656,14450
10746,82566953902,25430
10747,25220216931,26530
10748,28229514027,18550
10749,1199268074,67780
10750,58138179192,26930
10751,70910051151,24180
10752,219542893,38910
10753,278801205,45160
10754,3642411507,35640
10755,39005083666,23120
10756,10460628957,25000
10757,12669680225,31770
10758,10708572650,12900
10759,1963160916,67360
10760,114177850,44350
10761,999521144,37820
10762,141989265372,18410
10763,23357523209,26850
10764,1631738995,1000000
10765,1441816731,52480
10766,1411430031,35270
10767,3677979128,33900
10768,6704027691,33630
10769,24665681208,17100
10770,2557112974,34840
10771,2086779934,49930
10772,1838218188,49320
10773,22228222233,24010
10774,11171899613,24450
10775,26794617770,13400
10776,144724362765,12980
10777,46303638989,30610
10778,13285954764,245330
10779,45177524148,19230
10780,136056503065,22690
10781,189482704644,99800
10782,94694487240,95800
10783,30195269319,25280
10784,45775561671,16180
10785,48600534478,22090
10786,22710457019,23010
10787,2060669916,61520
10788,248802877884,12170
10789,52295047194,24020
10790,78155017496,20680
10791,189885527763,24630
10792,51633815393,23030
10793,4776145651,85300
10794,24981432612,23780
10795,32670578675,26700
10796,16696015260,30900
10797,31229562343,30500
10798,1602365715,35770
10799,289209913,44850
10800,1338831933,72610
10801,73079687,45290
10802,81357340879,19160
10803,1395983186,68340
10804,41353196028,12140
10805,9246399911,33430
10806,47590817538,15700
10807,1033722074,65390
10808,1974139764,490990
10809,104729322140,101200
10810,411328572,77600
10811,41960725561,27150
10812,1597101722,49060
10813,2440211566,82610
10814,5686703812,74080
10815,3767830933,77100
10816,2381508863,34750
10817,13137201051,261220
10818,62142363351,24390
10819,142673848,41080
10820,168465024,47440
10821,967689915,34700
10822,632345504,39600
10823,767621107,50660
10824,15101702599,12500
10825,241480383,40000
10826,26785007357,24570
10827,18258613188,10450
10828,1333987616,37430
10829,88528741,45320
10830,2369216642,989640
10831,2667226902,33540
10832,27391134488,28200
10833,926886691,53620
10834,434613057,36160
10835,114223554972,29180
10836,1667104277,67130
10837,91113442,40220
10838,281412318,45670
10839,1401188657,57930
10840,137417871,46150
10841,23035858811,22050
10842,85499647324,151470
10843,185595648773,100300
10844,1682088724,68240
10845,605910573,54900
10846,4147753329,67590
10847,55567680928,98160
10848,661790663,39950
10849,20271072387,19680
10850,1731891694,35520
10851,20043163240,13800
10852,516857788,48100
10853,103545942,47300
10854,1584836000,69350
10855,664669696,81860
10856,19477729694,25990
10857,41085533680,12280
10858,101504760339,129180
10859,124431586634,28390
10860,12738484404,20430
10861,670293721,36120
10862,1016190184,77940
10863,51393903441,19510
10864,12175959216,13600
10865,1077070965,59070
10866,2638506525,65930
10867,4966059338,14200
10868,30960317809,18900
10869,26078725712,31810
10870,1529216683,46110
10871,55474904428,12850
10872,1269099066,65330
10873,3634490077,66310
10874,76727372708,138850
10875,15256087012,10300
10876,6799409598,32210
10877,27040456284,12380
10878,56663813217,20660
10879,38086805489,17570
10880,4520042897,79070
10881,4689412440,31900
10882,133273569,47290
10883,14720086762,21150
10884,88383783194,96520
10885,2048578617,56620
10886,90490163,41020
10887,163792207,46350
10888,2309399575,35000
10889,58852466552,14380
10890,59096534,43140
10891,303902126,47080
10892,771354941,37120
10893,18187169458,25340
10894,24371933729,22950
10895,3814964572,35530
10896,768322602,37090
10897,20047359759,28400
10898,44717377005,188940
10899,4704968588,90130
10900,1060791960,36950
10901,1183232811,75730
10902,23521342765,20400
10903,1329047021,55130
10904,28532854762,20320
10905,55378221550,27380
10906,1565338415,35450
10907,57281640009,19190
10908,1346372260,57170
10909,169858209458,102670
10910,18102980032,14800
10911,527175044,52500
10912,34528218461,11100
10913,1082159705,69750
10914,32593402267,22350
10915,1002319617,60550
10916,7851988117,34340
10917,46364741189,20750
10918,47066111055,17880
10919,1849805416,33780
10920,103388181430,13570
10921,73086990904,18190
10922,88500753266,13420
10923,103340461042,110770
10924,1221936403,85840
10925,82925456600,24560
10926,55410056978,15770
10927,476636108,39420
10928,2976650270,54970
10929,6062647024,32050
10930,21894588801,23600
10931,1514124327,50730
10932,962307346,55520
10933,1310951546,79200
10934,1242770466,56520
10935,17596863824,27450
10936,5386714143,73570
10937,429448171,39560
10938,14662996478,228620
10939,212303552895,29800
10940,17290270887,11750
10941,1662898514,56880
10942,154275345422,26670
10943,24652206273,17190
10944,1012483522,34000
10945,9975585772,19360
10946,28361974087,11700
10947,64898290512,29050
10948,67557384640,13070
10949,84908117919,22170
10950,496576679,46760
10951,1411680455,49890
10952,11169498489,31800
10953,111309091210,107310
10954,595433583,37520
10955,68788084373,24940
10956,1431257500,85410
10957,3985070804,33300
10958,5379021208,74640
10959,29092281328,20450
10960,786067742,50340
10961,1385013389,35670
10962,20753605114,20720
10963,1092328277,70310
10964,15486099417,26720
10965,114923292884,12910
10966,1405592789,35140
10967,1921707513,35080
10968,2294705697,54960
10969,184125576,44970
10970,69229312042,30290
10971,4516474018,87580
10972,48107101773,184430
10973,11559347838,24300
10974,1193032635,72090
10975,79748411645,28320
10976,1549716376,37440
10977,188626574955,98460
10978,797573944,51700
10979,9073676657,24880
10980,138596072336,126770
10981,436528380,41260
10982,130334865464,18990
10983,624135090,55180
10984,14401704407,16500
10985,29092281328,20450
10986,1563706894,55560
10987,114223554972,29180
10988,60991101392,13310
10989,10136440557,30560
10990,62157265372,14150
10991,17837658980,30980
10992,15484020783,13300
10993,10270772425,18700
10994,5056003026,76220
10995,2957528730,33560
10996,18258613188,10450
10997,31634145708,23080
10998,271327756,43960
10999,93181636467,28880
11000,52386653634,29120
11001,21509159440,21000
11002,10289649799,31040
11003,1390368337,59700
11004,1054922676,38210
11005,1846799542,53990
11006,26954502836,21890
11007,59446441280,17540
11008,10270772425,18700
11009,26015099191,16630
11010,28089660686,15900
11011,30859014812,23560
11012,211991544,43390
11013,42072761828,24030
11014,84938890676,131880
11015,151851617,41500
11016,1576717296,57520
11017,72896861688,12440
11018,52122790549,26350
11019,11835720014,31850
11020,26285418960,31200
11021,79023070200,125920
11022,31086951478,28130
11023,17540990784,15030
11024,36144847948,26840
11025,18658263160,30460
11026,2859778754,93730
11027,4909566148,33050
11028,35208935121,12820
11029,90734262649,100700
11030,39814103731,30630
11031,310328313,44140
11032,59933849294,16110
11033,321337963,43100
11034,1524005082,73900
11035,49105597402,23860
11036,881015444,48220
11037,715875897,54350
11038,15018153817,21660
11039,2313591278,33800
11040,2390141024,51760
11041,414307714,36570
11042,4607953219,64670
11043,1241295410,72600
11044,118760148,44750
11045,251170555371,13010
11046,106113849,45910
11047,11169498489,31800
11048,45949497479,30740
11049,2297721294,60740
11050,1047788409,37210
11051,20334120816,19250
11052,621792606,43470
11053,358555230,39520
11054,59040654421,130490
11055,36531313013,21100
11056,2749056641,53630
11057,12282619838,32030
11058,84557250108,29940
11059,5295609218,34770
11060,49757579097,12560
11061,1064833483,53270
11062,11740205694,25700
11063,1040576527,62630
11064,167306967246,29480
11065,6062647024,32050
11066,35681395866,25400
11067,2999814395,37860
11068,59591093401,25820
11069,36957900638,26660
11070,32277474896,18680
11071,3587540746,52670
11072,55022858458,18380
11073,15484020783,13300
11074,2586194264,65940
11075,1296334424,50320
11076,30709358619,17510
11077,15282441909,31600
11078,136056503065,22690
11079,74165287901,30130
11080,12635210498,23500
11081,20961781294,26960
11082,10460628957,25000
11083,2065300531,82570
11084,36597680008,147530
11085,1478878919,53720
11086,2199078024,37230
11087,603592919,56420
11088,34005205205,17920
11089,48635152442,149430
11090,85382056901,17850
11091,85382056901,17850
11092,112266243,42940
11093,971375384,50500
11094,1422793611,82110
11095,411328572,77600
11096,72964523408,23840
11097,1472550328,68860
11098,1196475341,53400
11099,7394073238,33140
11100,21708388858,19430
11101,279004289,44000
11102,64908345929,30220
11103,60923512467,11060
11104,72979627957,28470
11105,977510170,60200
11106,17705767835,239900
11107,46303638989,30610
11108,33164507023,26260
11109,53467110784,19410
11110,1350557583,70780
11111,12529736670,25180
11112,78752490858,26830
11113,183215105554,99050
11114,1227524420,69190
11115,47262781,47000
11116,1296334424,50320
11117,59651360264,30360
11118,29092281328,20450
11119,3132237278,34370
11120,160696138050,112520
11121,1393246816,81440
11122,388585460,42620
11123,1335767467,57190
11124,471868313,41810
11125,3011330685,34920
11126,36032053100,21370
11127,1458280914,53410
11128,305098364,44610
11129,1180308577,54920
11130,1442655517,52350
11131,91259832415,14990
11132,29400030302,28450
11133,4143814611,34460
11134,1243988128,49620
11135,25690367682,27230
11136,4142698359,77390
11137,2174299884,36260
11138,1915566237,65960
11139,42141940792,21520
11140,70758428673,11920
11141,32610014329,22460
11142,575007723,39480
11143,1719789922,42970
11144,15348844245,17480
11145,92000552569,26820
11146,133840229,45520
11147,147720762402,29150
11148,21770253570,14160
11149,1873038560,35760
11150,30867560925,31390
11151,18298812721,27600
11152,1256951558,51540
11153,4101345069,93870
11154,19068532632,12940
11155,42484091798,27700
11156,40619608490,19350
11157,75690663689,17930
11158,3036521508,34410
11159,34528218461,11100
11160,249824200,46270
11161,1012483522,34000
11162,43891319466,21470
11163,995801081,68560
11164,1627881338,55950
11165,106332430,41700
11166,1660888457,48070
11167,856073182,53580
11168,1531744985,90720
11169,25297291654,13590
11170,21319622040,18000
11171,3036521508,34410
11172,1174052995,80520
11173,24889431040,16260
11174,34197580549,15200
11175,1217300415,88190
11176,27530071116,17550
11177,1356162665,50140
11178,1730528185,64850
11179,1901107494,76500
11180,42993873724,25540
11181,121011637850,15540
11182,1137413043,66600
11183,45765519334,167840
11184,164426425664,21030
11185,673306615,64500
11186,11094753535,31000
11187,52386653634,29120
11188,26285418960,31200
11189,25253714483,23240
11190,972303517,51820
11191,97531599399,150080
11192,1534447047,78860
11193,14406325076,28100
11194,603853053,61240
11195,5640221134,34280
11196,217615589,45760
11197,2551007706,411300
11198,40107433283,15040
11199,15269062707,11500
11200,2632640510,54320
11201,14720086762,21150
11202,18305845572,17240
11203,1277904219,62770
11204,1656425328,57650
11205,1046261340,48700
11206,1342683647,66770
11207,1775326411,62670
11208,1660888457,48070
11209,1539569393,64950
11210,1565338415,35450
11211,124550644716,109960
11212,53378104941,20040
11213,10358530455,16510
11214,40640402580,25770
11215,1169292245,36180
11216,47420037135,21790
11217,16662598179,19520
11218,1328527287,52170
11219,925980872,39110
11220,996243223,57680
11221,61222272028,24050
11222,77148877943,30870
11223,1631738995,1000000
11224,1120403229,55250
11225,1873038560,35760
11226,41353196028,12140
11227,16845581696,11410
11228,59566748182,13320
11229,15348844245,17480
11230,60650416742,16360
11231,86929322916,156520
11232,759461395,55100
11233,672067418,53240
11234,16656548476,17500
11235,1650163375,57780
11236,43338886118,150000
11237,1291242155,55500
11238,674813434,37730
11239,5023084202,33960
11240,49843543,43250
11241,1465089980,75470
11242,34301978873,23230
11243,47837331353,101070
11244,1326793974,78030
11245,2512341725,72530
11246,55183628089,21870
11247,21245108197,22380
11248,1184696056,52040
11249,727324879,64300
11250,1151738606,54950
11251,51444035286,16380
11252,802463687,52400
11253,6784114449,283550
11254,23623676402,21560
11255,14406325076,28100
11256,28361974087,11700
11257,621836003,89800
11258,59651360264,30360
11259,1560392158,59610
11260,1445526417,36860
11261,247916999,46440
11262,26290561592,28600
11263,10270772425,18700
11264,93016375161,151520
11265,900524591,68400
11266,2956533340,48300
11267,5155029389,76310
11268,47590817538,15700
11269,173364507,45990
11270,4207083300,61060
11271,327021674,39930
11272,21343667691,12880
11273,10289649799,31040
11274,19533110212,19500
11275,11702591275,20800
11276,2814530785,48640
11277,61222272028,24050
11278,261344160,46980
11279,12669680225,31770
11280,1631738995,1000000
11281,1787396249,69820
11282,8444407677,33930
11283,1683895723,65970
11284,1047788409,37210
11285,2384823119,81890
11286,1602278022,58150
11287,855468356,76880
11288,61853485211,142440
11289,679457153,72420
11290,1693556357,57360
11291,1036412218,62140
11292,17699354512,15050
11293,11428586638,26080
11294,60716104085,106180
11295,1237141348,68600
11296,1964562495,69280
11297,114177850,44350
11298,836749559,66850
11299,8535140037,33160
11300,2273718244,47920
11301,27402271562,23800
11302,1186202406,63680
11303,890798603,57490
11304,517097296,38920
11305,6780446058,61340
11306,69208084095,26330
11307,182904087,45980
11308,2476668061,48340
11309,639456169,40790
11310,47810622709,28510
11311,79336792390,12240
11312,84710804,42690
11313,35228575397,11380
11314,26025000339,26760
11315,26954502836,21890
11316,967689915,34700
11317,3782657311,92390
11318,1714133943,34040
11319,28858601458,191540
11320,13378711542,12600
11321,1376223777,55750
11322,297227885,42740
11323,76708673953,15930
11324,61278958959,28110
11325,7394073238,33140
11326,1692834589,54540
11327,152965903593,102250
11328,1524529093,36390
11329,17317254802,14850
11330,39341073855,22100
11331,75981964629,27620
11332,4771936227,90440
11333,36867133195,198770
11334,85382056901,17850
11335,2441971086,54160
11336,2957528730,33560
11337,28535155489,17700
11338,342840009,46480
11339,302660278,37960
11340,176942509,45560
11341,41385627040,19220
11342,1836457706,53560
11343,1243523431,57470
11344,40361397822,181640
11345,39992523669,14670
11346,68817880676,13980
11347,999240298,84180
11348,394927874,38300
11349,1706930155,56170
11350,35208935121,12820
11351,691147981,36540
11352,8903345832,18180
11353,52842272630,102600
11354,1631738995,1000000
11355,79245177194,28800
11356,13380422730,23400
11357,436528380,41260
11358,4571996626,74810
11359,1241549917,70130
11360,1947130700,73280
11361,69112026655,23070
11362,56822468980,22880
11363,828047142,794250
11364,1631738995,1000000
11365,48516137369,23060
11366,75312824819,30160
11367,2492420179,34970
11368,1717291308,62010
11369,1285460878,92970
11370,78752490858,26830
11371,904161284,69950
11372,67591173511,158560
11373,5325066880,35510
11374,14219690356,15630
11375,21779733392,16710
11376,1498877018,77670
11377,37626867549,31050
11378,84226452392,23770
11379,416977618,42010
11380,16243443982,31230
11381,26441271661,26250
11382,922409550,37460
11383,601281229,37760
11384,25574467318,20360
11385,456274645,39090
11386,80040772521,135550
11387,13597838470,21400
11388,2665111018,33500
11389,1499963646,54490
11390,41713220542,28000
11391,44902378450,18010
11392,129658643409,101890
11393,23801859917,22540
11394,96155377,41110
11395,1495785017,49580
11396,49235057290,20100
11397,1317287808,77160
11398,44666807001,15580
11399,961125105,36380
11400,61794661422,15550
11401,2061851750,63590
11402,81845896228,104150
11403,21319622040,18000
11404,496555472,36050
11405,75470879077,16340
11406,87930334985,11160
11407,43440528468,19050
11408,23560162431,18710
11409,305098364,44610
11410,73001452579,12260
11411,67442576132,118640
11412,43389576198,18220
11413,83884108589,25210
11414,161166276978,23730
11415,83219449699,16740
11416,4962909142,287940
11417,586991972,36980
11418,202243909,46340
11419,8425910359,33410
11420,638638094,38800
11421,362129993,46640
11422,12635210498,23500
11423,2779059179,35700
11424,70917260148,13610
11425,1131650149,38140
11426,53126256596,16640
11427,16446882670,27340
11428,239984672,46290
11429,3716641612,70460
11430,109269829709,11320
11431,5986505084,289280
11432,1627263524,509560
11433,7222355788,33980
11434,1107994614,64060
11435,1631738995,1000000
11436,6825304777,31500
11437,1215034794,55990
11438,18307813892,26600
11439,114607454828,17740
11440,17816376891,31400
11441,1243523431,57470
11442,8346863649,32710
11443,3779376040,88120
11444,2086324526,36210
11445,2381508863,34750
11446,3937749845,85610
11447,1871668393,48800
11448,66335429928,23760
11449,7135782721,33660
11450,451108847,37630
11451,3336149319,56010
11452,951656589,57860
11453,20022503287,20060
11454,12529736670,25180
11455,36489171794,25010
11456,333538343268,29530
11457,30084375971,25250
11458,1631738995,1000000
11459,94665333378,119170
11460,3561371671,92360
11461,49207048783,21960
11462,90256966638,29660
11463,143604743239,29540
11464,47262307720,19720
11465,1631738995,1000000
11466,23623676402,21560
11467,38470708918,13380
11468,635129153,92190
11469,10805296946,32520
11470,77230986316,11210
11471,58037634093,13120
11472,61222272028,24050
11473,1424645999,64020
11474,964965276,61020
11475,42407054391,19990
11476,63773249173,18360
11477,52524760859,25330
11478,1670733819,49240
11479,4586467411,32700
11480,44758361049,25170
11481,14401704407,16500
11482,68827732899,25160
11483,3182091335,62910
11484,1161709330,56860
11485,6825304777,31500
11486,47788817752,18570
11487,5447022944,33760
11488,5920367305,33720
11489,265068977,38790
11490,16310027550,25050
11491,54741634366,18810
11492,44245555474,125850
11493,72964523408,23840
11494,2508842665,70890
11495,57925406744,15220
11496,161774972946,112810
11497,1520328596,73180
11498,402845661,37260
11499,1559462847,76160
11500,120753681397,29570
11501,36224244366,24440
11502,142126143376,28920
11503,1005249725,74790
11504,22738853349,10080
11505,1224996701,60800
11506,2935362429,48330
11507,2534784064,33840
11508,1662305993,52760
11509,53119614313,13540
11510,70577025885,129580
11511,62234736374,15990
11512,31718287740,20520
11513,75690663689,17930
11514,476636108,39420
11515,36337027138,189800
11516,5549620249,33730
11517,22317738016,21350
11518,1748479526,33170
11519,69112026655,23070
11520,65321368387,28550
11521,45204939260,10900
11522,292272884,41520
11523,29880351046,27520
11524,79708277206,154490
11525,500180676,38930
11526,1655060651,34940
11527,11702591275,20800
11528,19621303841,19800
11529,1120347656,38680
11530,1551456472,63510
11531,2069856229,81710
11532,64827560,43890
11533,38025505020,18060
11534,43964464699,16280
11535,46482324769,155620
11536,44461683118,10240
11537,148305854610,29560
11538,18478125009,31790
11539,1548143380,78950
11540,2081315105,63550
11541,44461683118,10240
11542,2478079999,90140
11543,53126256596,16640
11544,31705464373,12970
11545,802217556,36420
11546,910309314,38330
11547,106009260,46700
11548,67738246934,15270
11549,15484020783,13300
11550,1441816731,52480
11551,1631738995,1000000
11552,31624462478,27350
11553,25640666981,213500
11554,16621932651,17300
11555,28089729007,31110
11556,19720899101,16660
11557,25553867219,28340
11558,928505880,59280
11559,77555504553,103310
11560,72566402099,28030
11561,83243143,45190
11562,5328068108,34630
11563,1862459709,49570
11564,59040654421,130490
11565,830423616,59780
11566,310467925,46230
11567,47262307720,19720
11568,23067459600,16620
11569,207496573703,20140
11570,86772968,46620
11571,74803381851,23370
11572,1579614006,546680
11573,1235335355,83150
11574,23384686339,21680
11575,5230415399,72620
11576,784033480,64250
11577,66335429928,23760
11578,30081491997,17620
11579,6859285585,53780
11580,10093236863,19400
11581,1093715362,40160
11582,23338015042,16100
11583,1494288775,58790
11584,3516056542,64470
11585,110729786636,133790
11586,319448670,47040
11587,15096223682,26090
11588,39059444512,25850
11589,9073676657,24880
11590,762762186,53960
11591,173574493781,25390
11592,45276330903,16450
11593,865124480,40460
11594,76735373493,19870
11595,50892730586,26520
11596,1777108688,57020
11597,54349301320,24460
11598,549716388,43410
11599,66918821,44060
11600,83034952776,105630
11601,2231843912,76740
11602,1309006301,36750
11603,85444103823,156490
11604,788953203,36000
11605,77535530255,14770
11606,621836003,89800
11607,83272566880,29080
11608,41713220542,28000
11609,2804073465,34880
11610,44932950070,16990
11611,902383557,50770
11612,817455058,52300
11613,8535140037,33160
11614,2737621213,35740
11615,83784153285,28900
11616,82272825071,15170
11617,686805446,36240
11618,2111677405,52030
11619,1782167693,50910
11620,7171896670,18400
11621,22274522030,18300
11622,18290663502,21840
11623,126698850927,30020
11624,1191076510,64790
11625,49396298672,20490
11626,1654488397,49270
11627,14401704407,16500
11628,72751336000,96460
11629,65406865703,17280
11630,66707690606,101540
11631,20763867777,19750
11632,15230553707,33940
11633,13618910578,19900
11634,17760313786,23320
11635,2444947017,84620
11636,46356008569,18980
11637,1623677241,55150
11638,2323428132,51020
11639,87851007311,26620
11640,91113442,40220
11641,16922364702,202790
11642,217615589,45760
11643,1667104277,67130
11644,4180673426,328370
11645,31130056273,21240
11646,1398713553,66550
11647,51154213914,14660
11648,81354161288,24990
11649,585470461,56990
11650,15836834070,22160
11651,1669661966,84060
11652,2191836521,40310
11653,1134602187,63910
11654,78548899083,16350
11655,1853552638,51470
11656,593595130,38550
11657,91398711882,112630
11658,84592088529,121810
11659,62653790007,26130
11660,36337466435,23490
11661,735503252,37380
11662,5183161094,68770
11663,1502193693,48150
11664,173088219168,103330
11665,32664879670,23620
11666,13749746627,18260
11667,47530310120,18590
11668,46900573,45400
11669,89524892842,11760
11670,1652644970,38290
11671,114223554972,29180
11672,115329302,46240
11673,179096805,45140
11674,104734868202,102610
11675,1578430142,34190
11676,1865795317,83810
11677,51994472676,20860
11678,739585399,60500
11679,449962127,42950
11680,41501229438,23000
11681,33689322989,24610
11682,32093453406,14840
11683,16471274664,16700
11684,396238468,38760
11685,29278399330,17320
11686,1178532743,63970
11687,1631738995,1000000
11688,78089133569,12180
11689,50559388087,14490
11690,15484020783,13300
11691,4775106304,33400
11692,62504361229,29400
11693,149744900605,96480
11694,31691840720,182220
11695,278624276,41060
11696,21509159440,21000
11697,3093890808,58910
11698,130142988009,107380
11699,21708388858,19430
11700,1132825385,89920
11701,1169292245,36180
11702,147614884788,113520
11703,127610593098,16230
11704,169982122,45700
11705,35668694476,15120
11706,1899784719,72810
11707,1068344487,85270
11708,24252413441,20200
11709,419210962,42490
11710,135604023,46800
11711,22940211578,13700
11712,15332473314,26460
11713,3735927337,91160
11714,130964437213,16830
11715,724963256,48950
11716,43865790894,19280
11717,517483321,40540
11718,4719543137,85860
11719,424654004,39850
11720,147100752265,27890
11721,18045084374,30440
11722,25958933629,23920
11723,1037414594,36600
11724,35213785935,27800
11725,2042591642,67600
11726,958549335,50990
11727,3854371096,32140
11728,27658983288,33390
11729,33577961195,19460
11730,113444678199,97590
11731,1903813945,37850
11732,1601316770,54760
11733,33134217629,26630
11734,99291744251,17830
11735,34346403621,22250
11736,1720809394,37420
11737,3617961302,32100
11738,802212922,62040
11739,38243785674,204750
11740,771354941,37120
11741,1759588243,731700
11742,18635719324,15100
11743,1323663407,69540
11744,36178077994,22180
11745,89137467322,144450
11746,148681134164,23970
11747,46838785900,27880
11748,1495104650,63690
11749,72570809179,121750
11750,12804134435,31610
11751,81611238666,102050
11752,257406345,39330
11753,1183232811,75730
11754,138963756,39500
11755,22875006614,30060
11756,118518335213,15690
11757,638638094,38800
11758,1814498708,55200
11759,94782662331,26680
11760,18102980032,14800
11761,93762219825,118280
11762,97161135608,29450
11763,1670733819,49240
11764,89992818333,146800
11765,2617938791,35180
11766,1731216613,74430
11767,63975877,45460
11768,1227431902,53370
11769,293811909,43330
11770,62363084328,18150
11771,1016190184,77940
11772,197227947681,30110
11773,34760134536,134990
11774,1927594420,51120
11775,33950951213,23140
11776,1472550328,68860
11777,14545583029,225480
11778,1850616720,68360
11779,41132067628,27300
11780,36126099993,28700
11781,638332189,50560
11782,7694107713,24900
11783,4460322673,88900
11784,980436007,513380
11785,74337528164,16910
11786,51671452648,28540
11787,2301824773,81060
11788,303848552549,11570
11789,78312033442,27590
11790,107731290369,14310
11791,1345272861,63100
11792,40619608490,19350
11793,70476813938,13020
11794,19533110212,19500
11795,109561597963,137350
11796,16371576203,26900
11797,61709873190,25610
11798,1120085119,37190
11799,1393716515,68940
11800,23035858811,22050
11801,64799861,47120
11802,1230530036,53310
11803,70120083483,15230
11804,4223430512,54360
11805,2640952630,65280
11806,35393760318,13190
11807,17692850331,15940
11808,1007738516,579180
11809,4850754802,75660
11810,66860808852,18760
11811,78929501822,20330
11812,52295047194,24020
11813,16810611257,21690
11814,546734265,39410
11815,217335387,39800
11816,128460365257,20770
11817,1565338415,35450
11818,1818227392,33820
11819,1169995751,36250
11820,17421661930,21930
11821,1093004842,35480
11822,49968590639,116260
11823,4790428561,95430
11824,280345467,39760
11825,36134329859,13110
11826,926886691,53620
11827,27936444603,18890
11828,2152254037,78980
11829,495586357,51000
11830,304732152,44640
11831,4427913792,341930
11832,44707290022,18930
11833,53300729576,23590
11834,1705734988,36350
11835,30081491997,17620
11836,7326877173,32850
11837,37768543418,27850
11838,14406325076,28100
11839,28809671951,15600
11840,4928009918,66170
11841,192894571,47540
11842,1779667945,50370
11843,3090360708,62790
11844,35213785935,27800
11845,15484020783,13300
11846,2012633694,54990
11847,123726657123,12420
11848,26411647433,18320
11849,1455862312,35680
11850,1370358993,49700
11851,3389579756,36090
11852,179074725815,101600
11853,608369571,40500
11854,21894588801,23600
11855,806802254,39920
11856,2639709232,81130
11857,5541099194,69550
11858,2090191000,483140
11859,31718287740,20520
11860,17967957924,18030
11861,15978951658,28580
11862,8394344972,270050
11863,28655336302,24520
11864,1307570941,52050
11865,1637512572,61940
11866,325372094,44050
11867,26025000339,26760
11868,303016833,42310
11869,47420037135,21790
11870,2193115670,52410
11871,30867560925,31390
11872,62080968171,11850
11873,12529736670,25180
11874,42407054391,19990
11875,37298728034,27550
11876,78922264,47150
11877,1818227392,33820
11878,32025620892,24200
11879,1432319661,52260
11880,8172250064,33180
11881,2291181094,50410
11882,22274522030,18300
11883,86007273344,27630
11884,9917822452,32280
11885,351091521,42070
11886,4410425447,342080
11887,4234943589,347450
11888,1027484393,49120
11889,52981205796,11590
11890,42813184049,113840
11891,59727396766,22140
11892,42568519534,26190
11893,39777649591,135490
11894,3677979128,33900
11895,5549620249,33730
11896,27285891240,22640
11897,2586194264,65940
11898,31086951478,28130
11899,21319622040,18000
11900,159467482011,103780
11901,594193791,37100
11902,8785000936,35050
11903,59727396766,22140
11904,1241743777,61960
11905,22638781700,12580
11906,96819247468,152710
11907,50137442943,25460
11908,43988405080,18250
11909,1052699654,53590
11910,28089660686,15900
11911,1519044141,38950
11912,1168145265,50870
11913,33264601265,27320
11914,8903345832,18180
11915,27936444603,18890
11916,37768543418,27850
11917,373789449,37940
11918,6377380700,22300
11919,950415436,67430
11920,287045120,45070
11921,265068977,38790
11922,67315208440,174350
11923,57663475325,106400
11924,58962650593,25750
11925,62817858468,27250
11926,1565338415,35450
11927,80104964039,29280
11928,6240140673,35090
11929,1333325010,54310
11930,6377380700,22300
11931,1696590484,85500
11932,15119458390,248150
11933,21271550925,31650
11934,1511961303,48200
11935,18886533744,20790
11936,64262334195,15880
11937,81505193061,27730
11938,3654550034,54240
11939,33036051309,25960
11940,20311628600,31070
11941,1835079381,71040
11942,1998175232,54860
11943,21790335268,30340
11944,1017279770,68610
11945,19447024870,25860
11946,35846434103,12550
11947,83181928375,14480
11948,152908675016,20510
11949,38782961621,15440
11950,2097954495,34160
11951,375244100364,10150
11952,15484020783,13300
11953,55374624092,12040
11954,1164730164,34180
11955,37717196238,21760
11956,1516352739,755910
11957,1025405426,62250
11958,119819066,47500
11959,2013767915,72400
11960,1273841448,54930
11961,993384713,36400
11962,80695974209,15060
11963,16729232021,24660
11964,49413258698,22810
11965,48932072348,19030
11966,4355000467,33490
11967,82755323145,12150
11968,986348817,34390
11969,110515183414,121920
11970,67044432616,13030
11971,31107276306,26860
11972,19221989618,21850
11973,1750780674,721280
11974,45159626041,17050
11975,20978365712,228780
11976,108373653972,24360
11977,68916216496,19630
11978,4636928030,71090
11979,669722818868,29790
11980,73642083145,14010
11981,1950416706,34120
11982,3218296824,51970
11983,427991296,40670
11984,51444035286,16380
11985,16425153791,30350
11986,1194376822,56790
11987,1030534069,54550
11988,72787882081,24130
11989,62409364740,18840
11990,1172683727,48400
11991,1195103775,61560
11992,2084098603,37970
11993,77267421097,10520
11994,721629565,39190
11995,1812848416,55350
11996,1273841448,54930
11997,37103997546,12720
11998,41310928181,12990
11999,145679629,43500
12000,106634974663,134880
12001,3261896343,58770
12002,189187624,40750
12003,1090224046,48410
12004,44265390677,25620
12005,2285114144,57950
12006,104246320,42370
12007,55484554170,23290
12008,18393286804,11360
12009,19720899101,16660
12010,91181218764,11840
12011,15241819764,13200
12012,1172993327,52810
12013,35844764461,144240
12014,187571086,43700
12015,17760313786,23320
12016,42053547758,24320
12017,10710322980,32770
12018,232807205,44330
12019,13778644135,17070
12020,27936444603,18890
12021,2298268345,416620
12022,1631738995,1000000
12023,121163086706,11690
12024,2239027791,56760
12025,99567606040,14220
12026,1809690544,48380
12027,1107349382,58330
12028,482519922,40870
12029,3625799617,92930
12030,97104545454,151190
12031,913681874,55630
12032,119740757265,27460
12033,2158368440,87080
12034,110349845736,15560
12035,16446882670,27340
12036,32881649327,16860
12037,637003518,56340
12038,93181636467,28880
12039,60185425533,103360
12040,2261121433,77130
12041,106028725,47240
12042,1000582102,53700
12043,199430731,41480
12044,1126931297,74530
12045,36291091355,20440
12046,70576555283,138640
12047,1094553579,78830
12048,17141299216,31300
12049,271327756,43960
12050,81372994085,10440
12051,351091521,42070
12052,724963256,48950
12053,283774035,41880
12054,706083408,36840
12055,8085474109,11000
12056,82755323145,12150
12057,1149559910,86000
12058,567022855,38500
12059,93213766,42900
12060,6714501360,11440
12061,802212922,62040
12062,2916597756,33340
12063,131929454638,103260
12064,2917408077,69830
12065,4505043076,85820
12066,34935271309,25590
12067,57806500123,24550
12068,173634908781,107980
12069,572754060,73880
12070,167476567,45650
12071,915242873,56030
12072,30719654234,22320
12073,925902524,38690
12074,2210427126,81620
12075,4689412440,31900
12076,42072761828,24030
12077,966607496,36100
12078,18569873872,23300
12079,623343541,41010
12080,2002585720,66270
12081,2036927683,47810
12082,30051984842,15460
12083,1090532987,52370
12084,601281229,37760
12085,132848406499,107160
12086,490391879,38670
12087,35154212207,19100
12088,83334316,45780
12089,53409349832,10100
12090,55851652410,27720
12091,44290276242,23700
12092,2286376117,37660
12093,41713220542,28000
12094,1400204117,94350
12095,51618539927,27760
12096,68504793431,170300
12097,1979769037,52280
12098,3765250027,53910
12099,60310951953,14630
12100,1553929800,77040
12101,60969508536,114300
12102,59119860557,17980
12103,112598488982,23740
12104,4600682694,33970
12105,299431873,44770
12106,123396054,45890
12107,18347875211,227450
12108,1205414580,695480
12109,799162500,59380
12110,67857980168,167450
12111,110166808877,28970
12112,1878170342,35870
12113,44771031966,30550
12114,597608919,61620
12115,48632573621,28070
12116,135930381197,126220
12117,1724192311,60180
12118,1584791361,37050
12119,2587529018,69110
12120,1224811946,56380
12121,3641459255,34730
12122,44932950070,16990
12123,893604177,56650
12124,145355893830,121020
12125,15212996425,14000
12126,45212985624,96800
12127,36879273869,17140
12128,68817880676,13980
12129,1631738995,1000000
12130,3109143947,32240
12131,817455058,52300
12132,19048350386,32000
12133,1270965742,59600
12134,171272077,46220
12135,12800337729,19080
12136,277871032,45280
12137,38782961621,15440
12138,977510170,60200
12139,685737048,68060
12140,12175959216,13600
12141,1631738995,1000000
12142,1338480339,81380
12143,2044347734,57380
12144,13597838470,21400
12145,21817176627,19120
12146,100677958948,30050
12147,28520159386,19300
12148,16250883444,22340
12149,46303638989,30610
12150,9451390383,31690
12151,362129993,46640
12152,1265342839,59740
12153,80104964039,29280
12154,1014435883,54580
12155,13167973529,24640
12156,2551274877,88160
12157,148942706897,29470
12158,2008683938,63240
12159,151636519,47670
12160,69040629689,157490
12161,1674842288,74570
12162,388585460,42620
12163,1866894631,94120
12164,52295047194,24020
12165,1432671255,71470
12166,19015833190,20900
12167,1724136578,65600
12168,4644938331,332920
12169,15096223682,26090
12170,15635220941,25060
12171,173707095481,103700
12172,11740205694,25700
12173,2060669916,61520
12174,154238727806,28910
12175,27681409375,27000
12176,116363722457,122260
12177,1264368907,81410
12178,5306159421,63450
12179,963259311,52820
12180,12804134435,31610
12181,28239210726,26100
12182,39992523669,14670
12183,1002961399,37800
12184,7680749947,55260
12185,290690343,38350
12186,12175959216,13600
12187,103545942,47300
12188,26441271661,26250
12189,23122731626,31260
12190,45173635137,23430
12191,1539641778,69220
12192,116709416018,110580
12193,32673247777,22670
12194,2667226902,33540
12195,46811601032,126460
12196,2872735153,60840
12197,119559130,43360
12198,511590081,40440
12199,1345860255,53640
12200,20898968306,223890
12201,904161284,69950
12202,21271550925,31650
12203,20961781294,26960
12204,2557112974,34840
12205,8471584346,31240
12206,1518964227,85780
12207,910377011,60300
12208,19771437940,28480
12209,1495785017,49580
12210,43333005421,22210
12211,2387778533,84250
12212,29408358448,14140
12213,1338831933,72610
12214,71047505,46790
12215,20249118852,23150
12216,37464328803,10880
12217,1787174977,37070
12218,64125362778,28720
12219,46324177338,152860
12220,52584354793,28010
12221,39915727804,10040
12222,7720832534,17790
12223,30151465309,111510
12224,248371193,41750
12225,1982848647,84430
12226,57635684120,28120
12227,228597121965,12740
12228,22851451315,30700
12229,189187624,40750
12230,27402271562,23800
12231,14782752626,20560
12232,2119597126,76910
12233,147075537643,121050
12234,37824081128,27060
12235,89524892842,11760
12236,2087485443,90290
12237,23164184064,14240
12238,24263189038,13000
12239,65800996925,20650
12240,1011865248,52180
12241,137662598925,102430
12242,2060127445,34670
12243,42928886405,152490
12244,28382266408,21540
12245,83582469565,118670
12246,1286121304,52240
12247,57343371692,23420
12248,797146018,59670
12249,319448670,47040
12250,33854502558,23450
12251,53443551626,23660
12252,26101598056,204840
12253,23239345271,12650
12254,698549102,39440
12255,49777359859,24580
12256,32678522715,210330
12257,4965735198,33350
12258,78155017496,20680
12259,1116156053,35500
12260,897803212,81800
12261,827490366,39790
12262,27839817214,10340
12263,1120403229,55250
12264,20173588938,25150
12265,96749548081,25840
12266,31889305836,19000
12267,857386299,38710
12268,6536029761,12400
12269,40498004790,24590
12270,517616088,38900
12271,2087601538,85120
12272,55748627777,26970
12273,26794617770,13400
12274,1310857836,51870
12275,15348844245,17480
12276,159459219014,108770
12277,79121136335,21970
12278,102879100570,142750
12279,3816808249,51570
12280,30661738016,19650
12281,78007317755,13360
12282,1094648866,36850
12283,5516224710,74200
12284,517616088,38900
12285,13108767294,31280
12286,67652384114,10700
12287,1430033040,48590
12288,33527478892,19660
12289,162862396807,29690
12290,30412907126,18640
12291,51180551841,23750
12292,1954227484,48850
12293,43964464699,16280
12294,516857788,48100
12295,20798791919,15850
12296,1240499468,51650
12297,586244091,39010
12298,1491645082,36880
12299,13308638382,31750
12300,34202441186,22400
12301,357850812,58600
12302,1501091526,81670
12303,16843158054,21410
12304,16587975028,18940
12305,6245579100,34380
12306,1797413814,74710
12307,49489469370,16440
12308,19015833190,20900
12309,2247196682,54090
12310,1066595836,80920
12311,1927139429,80010
12312,3939221092,61730
12313,48538423419,22040
12314,43501996949,24530
12315,1627125829,48920
12316,2381508863,34750
12317,72092802011,107780
12318,150978538,40170
12319,24362149542,24150
12320,1584791361,37050
12321,40143322519,25720
12322,155381505812,29820
12323,2060764608,34910
12324,1172993327,52810
12325,826738536,62260
12326,1849805416,33780
12327,76708673953,15930
12328,38782682113,25260
12329,2638506525,65930
12330,127017783765,27140
12331,25922689803,25100
12332,48105516504,21330
12333,45108795749,17310
12334,1262119294,64980
12335,79471465033,11660
12336,27475232553,20550
12337,16696319811,22580
12338,63623718990,27940
12339,1147781431,54720
12340,31473491054,24700
12341,745431878,48840
12342,1016731139,84420
12343,47056029082,20580
12344,163104065,42340
12345,49535555271,12750
12346,1643361048,75460
12347,4952786836,72340
12348,77649490901,27390
12349,124880012639,28230
12350,2364710440,58400
12351,82925456600,24560
12352,15370197263,17860
12353,23551713681,13880
12354,64833139220,102120
12355,65509051809,19760
12356,663833715,79420
12357,82590527677,16940
12358,10270772425,18700
12359,2291201257,48660
12360,23560162431,18710
12361,15241819764,13200
12362,38215353071,19240
12363,1395983186,68340
12364,20738062485,13820
12365,22429456554,19700
12366,36500486978,17110
12367,60866140858,12480
12368,97752786928,28060
12369,147897280472,116020
12370,103665551589,118370
12371,71047505,46790
12372,16425153791,30350
12373,629996214,68750
12374,2500592101,55170
12375,2186014394,50240
12376,15885102275,21750
12377,21018328003,25940
12378,32572946542,212740
12379,14853559028,18560
12380,15968964813,19560
12381,15101702599,12500
12382,957778084,35650
12383,515012649,37710
12384,1442655517,52350
12385,13378711542,12600
12386,6069629637,58130
12387,61148974457,25580
12388,251301356508,17390
12389,1532805375,48870
12390,87955831455,145750
12391,36957900638,26660
12392,1410190845,52460
12393,123203558799,29250
12394,4085924976,92100
12395,13597838470,21400
12396,4560413513,68780
12397,37866747690,26980
12398,2839379375,57350
12399,1730942078,56090
12400,5712553530,32070
12401,989457518,36330
12402,18291876801,25440
12403,11169498489,31800
12404,61406082,47620
12405,1425500343,38390
12406,50892730586,26520
12407,596472008,39210
12408,563347692,38380
12409,674811634,40070
12410,77071846125,140460
12411,2698030839,56940
12412,1011865248,52180
12413,981231282,53840
12414,110295676538,27290
12415,1133945051,93370
12416,30859014812,23560
12417,49532693812,13560
12418,295033679,38490
12419,845600984,66500
12420,749752075,57290
12421,60256838359,12760
12422,89325242403,12430
12423,90490163,41020
12424,54671655336,100620
12425,2399827597,48430
12426,31980352960,19540
12427,575007723,39480
12428,664669696,81860
12429,1687879731,53750
12430,46578377715,30650
12431,213362498,45060
12432,1466271160,53540
12433,55374624092,12040
12434,38782961621,15440
12435,17284174655,17940
12436,2560600017,87050
12437,2050819918,84810
12438,2084586980,50040
12439,119819066,47500
12440,3641459255,34730
12441,52006394875,29620
12442,1631738995,1000000
12443,1512656912,37580
12444,28413415369,25190
12445,3578464701,32160
12446,67098565156,102200
12447,1662898514,56880
12448,1318498549,54260
12449,4197644440,62970
12450,1964562495,69280
12451,4707521006,87850
12452,1818227392,33820
12453,671797868,36790
12454,12956944537,16200
12455,43988405080,18250
12456,317698885443,10370
12457,1793471083,77080
12458,26629296406,31930
12459,61349116586,21880
12460,598331337,37500
12461,36337466435,23490
12462,15415977530,15000
12463,149140870,43190
12464,3262702814,34420
12465,6704027691,33630
12466,1243988128,49620
12467,145679629,43500
12468,47188230093,14750
12469,23231735660,197150
12470,1344904168,50100
12471,131438836005,99070
12472,28700930732,30570
12473,5040480258,84120
12474,248371193,41750
12475,25442075932,208330
12476,1982848647,84430
12477,60734190187,22550
12478,1640081574,51230
12479,1169995751,36250
12480,1731071928,55550
12481,1272824081,61250
12482,880387844,76960
12483,1478878919,53720
12484,90660653001,133020
12485,2741515429,70830
12486,43865790894,19280
12487,75423897828,123060
12488,2998373815,34030
12489,1353841300,70000
12490,3564967825,32450
12491,1378490026,90900
12492,2108058912,58760
12493,4775106304,33400
12494,55241510149,29100
12495,47951676119,121930
12496,33322034218,31590
12497,1692693188,77180
12498,6710646339,33880
12499,9966939481,21600
12500,4506763942,34590
12501,385210910,42610
12502,963584159,38810
12503,55126430988,14190
12504,31889305836,19000
12505,845017738,58000
12506,1318498549,54260
12507,26704245525,18880
12508,21201603300,14980
12509,1465089980,75470
12510,15269062707,11500
12511,989365560,61920
12512,77280774631,19730
12513,114052432718,29460
12514,42053547758,24320
12515,19477729694,25990
12516,26178609731,15960
12517,1836457706,53560
12518,26766140139,17590
12519,1432567795,49400
12520,15095599100,33030
12521,36200005581,28240
12522,293536985,46060
12523,1376312855,67560
12524,2381508863,34750
12525,83528814,41820
12526,9075253256,32800
12527,1888037944,94100
12528,2935362429,48330
12529,54729884543,19170
12530,1562155096,35290
12531,12738484404,20430
12532,1094648866,36850
12533,209832905146,29740
12534,1966323101,34710
12535,981671806,49950
12536,1067829889,48750
12537,32696858199,12020
12538,1731216613,74430
12539,36531313013,21100
12540,94341795614,16530
12541,135604023,46800
12542,1038777209,64140
12543,6497365784,10750
12544,394927874,38300
12545,167402673,39270
12546,802275519,53160
12547,3306194592,49680
12548,624135090,55180
12549,532525883,37640
12550,43447786887,116580
12551,417147839,38580
12552,5273241954,60700
12553,156878674799,16030
12554,15101702599,12500
12555,27153562936,19380
12556,729566850,34400
12557,369665979,42260
12558,17677778838,32890
12559,60034169789,138750
12560,2319893286,49170
12561,18298812721,27600
12562,2015220600,57410
12563,21790335268,30340
12564,31694191897,25560
12565,379560084,46510
12566,8746143840,15800
12567,1666407520,73650
12568,125612189211,127390
12569,223208169,44110
12570,138963756,39500
12571,14134858373,22310
12572,2773456101,54120
12573,2458056571,52420
12574,38722239880,25800
12575,1434711010,52740
12576,251591762,45820
12577,292555488,40700
12578,14073065206,23250
12579,74972262,44400
12580,1017552751,37220
12581,7440081030,55310
12582,55748627777,26970
12583,1602365715,35770
12584,52122790549,26350
12585,31965056762,16400
12586,527175044,52500
12587,24665681208,17100
12588,36372739840,19960
12589,1425500343,38390
12590,114593921598,119910
12591,1454470038,55970
12592,2454264678,54500
12593,26224264781,12300
12594,92853523305,16320
12595,15016173997,20700
12596,113605749,44440
12597,1901523382,469920
12598,78018707983,143940
12599,128742187,39650
12600,57599509639,23380
12601,47188230093,14750
12602,27759015979,10200
12603,64262334195,15880
12604,5082557683,32470
12605,234648927427,28560
12606,1363486076,74750
12607,50937494675,113130
12608,2222247275,35310
12609,2344159088,33700
12610,1168547802,88050
12611,4143814611,34460
12612,1801838220,69900
12613,45552700653,14080
12614,6408930282,53790
12615,7851988117,34340
12616,85468721624,11930
12617,75351619174,25380
12618,1355606615,56240
12619,2268960799,493260
12620,64753799997,22420
12621,55105075666,11130
12622,111755787077,113150
12623,98334747153,22010
12624,2186014394,50240
12625,19049030128,13960
12626,1000363556,59660
12627,46150388127,15280
12628,15415977530,15000
12629,49591181675,30380
12630,2291201257,48660
12631,986459807,57160
12632,24889431040,16260
12633,254226091528,29580
12634,21708211240,24810
12635,64674009756,18780
12636,334552513,37790
12637,106655261328,23480
12638,578546494,37740
12639,2501056199,36220
12640,254524967,45350
12641,148146605897,10860
12642,27080188325,117850
12643,2957528730,33560
12644,64153904362,20220
12645,55241510149,29100
12646,1272801157,54430
12647,62409364740,18840
12648,56747778931,131920
12649,1571596295,35970
12650,2515180298,53390
12651,1235843086,79920
12652,1382721796,72750
12653,65016260986,174210
12654,37045766564,25640
12655,24889431040,16260
12656,31889305836,19000
12657,37423098053,20980
12658,10358530455,16510
12659,22940211578,13700
12660,32841394868,25980
12661,61073622396,23340
12662,111406159211,132000
12663,49375053451,24600
12664,4966059338,14200
12665,42029013416,26880
12666,59478656525,30200
12667,1833625434,560850
12668,1508173234,73540
12669,175952284,43800
12670,20271072387,19680
12671,953393809,35120
12672,24457461251,19950
12673,1291242155,55500
12674,6546652745,34320
12675,43265608639,30840
12676,53506120389,169650
12677,58909798910,22370
12678,4199057115,91570
12679,1070307467,51720
12680,282204831,40910
12681,1714845419,60080
12682,15212996425,14000
12683,1346372260,57170
12684,120558737,44320
12685,25238803212,20460
12686,298739204,40200
12687,74003790274,14810
12688,1856735312,34660
12689,18781364593,22500
12690,24287704285,18740
12691,25275200839,17350
12692,533581486,39240
12693,271843632,44290
12694,50339613122,126340
12695,37547961631,16900
12696,1743630640,78180
12697,12956944537,16200
12698,65390376476,15420
12699,33036051309,25960
12700,950832765,63300
12701,88935535827,150610
12702,492761241,39740
12703,2867940112,66990
12704,104305787211,14420
12705,16471274664,16700
12706,17872142543,14300
12707,75999708624,105340
12708,45228378494,19210
12709,2657566758,67750
12710,13074164597,16600
12711,83150128381,96900
12712,941432475,76680
12713,935579474,58700
12714,316269838,41960
12715,6483583125,57420
12716,155705038,44170
12717,1161709800,56630
12718,281412318,45670
12719,2941056643,61160
12720,37076423390,25550
12721,903704102,59110
12722,58898076662,157360
12723,21621514595,21450
12724,33685836978,17420
12725,417703744,35900
12726,342042513,66890
12727,31760018623,13100
12728,24280202958,17950
12729,1554529205,51800
12730,793302769,52510
12731,4669608925,83480
12732,23857905050,30300
12733,2423867086,93280
12734,46502001936,158610
12735,882778274,35160
12736,1070307467,51720
12737,597192409,38260
12738,1666891273,89260
12739,9246399911,33430
12740,63145981571,132400
12741,35427407247,12100
12742,23521342765,20400
12743,19913212122,14400
12744,52122790549,26350
12745,24848887610,27920
12746,2681747813,410550
12747,42141940792,21520
12748,32841394868,25980
12749,21562116980,12320
12750,35344470911,16750
12751,68370454559,142020
12752,11702591275,20800
12753,6377380700,22300
12754,19516679946,24000
12755,1499579667,48860
12756,143839095801,22070
12757,43964464699,16280
12758,2010238312,76200
12759,92603711266,27780
12760,22108093345,21440
12761,123469909,44480
12762,66942545526,15740
12763,119559130,43360
12764,11544330483,18820
12765,1833815698,58900
12766,103545942,47300
12767,187315199,45090
12768,137296616618,114650
12769,21631552444,26750
12770,6536029761,12400
12771,3238929977,342790
12772,30051984842,15460
12773,1448985896,36870
12774,51349319228,27490
12775,45248625895,13280
12776,1169292245,36180
12777,557418661,40860
12778,16621932651,17300
12779,31990133058,129140
12780,91373708565,118040
12781,536240600,43050
12782,9917822452,32280
12783,2644353153,53610
12784,82713205076,101700
12785,15635220941,25060
12786,1361160829,87140
12787,106013139191,102190
12788,43134529375,19850
12789,44265852448,115930
12790,70476813938,13020
12791,78752490858,26830
12792,12995868583,17580
12793,821797924,59490
12794,227813096866,29990
12795,128460365257,20770
12796,14253139298,23980
12797,23945119864,19740
12798,1280669659,36720
12799,1331698110,56220
12800,1588951347,88200
12801,1322608488,89610
12802,263361828,39290
12803,206665880,46500
12804,382563038,38040
12805,68603546715,101870
12806,13167973529,24640
12807,9919888708,27740
12808,52584354793,28010
12809,1775157069,77640
12810,15444019449,223020
12811,76555873757,21210
12812,75351619174,25380
12813,6000734333,32020
12814,63578466333,18620
12815,78481577748,148880
12816,1061897496,55450
12817,23573752577,20830
12818,1808092787,52590
12819,1868882546,86220
12820,45629561310,20340
12821,47188230093,14750
12822,76928677524,98530
12823,1275241627,745520
12824,2206300998,34070
12825,54741634366,18810
12826,38782682113,25260
12827,35017723395,99870
12828,1384821792,89110
12829,553654429,39350
12830,2836488789,67150
12831,1132873968,50490
12832,379670148,44370
12833,2260389101,75310
12834,147720762402,29150
12835,43271837939,21480
12836,51180551841,23750
12837,22426798037,21050
12838,11702591275,20800
12839,1754677641,36960
12840,92049314201,98120
12841,11559053251,24340
12842,635129153,92190
12843,203720378,47610
12844,28694947024,27200
12845,33426667919,208360
12846,1051443000,653380
12847,1036732897,61290
12848,70910051151,24180
12849,42489225706,16880
12850,28694947024,27200
12851,4427244688,89120
12852,43627801722,189260
12853,1703896043,50860
12854,38025505020,18060
12855,40395118052,201910
12856,4250146741,33600
12857,613705540,39700
12858,8172250064,33180
12859,342328213,42180
12860,1171443381,93490
12861,5408896372,74110
12862,16956918425,12250
12863,5806362443,316740
12864,82137807316,146900
12865,1435790470,57150
12866,761417391,63780
12867,1125596516,53200
12868,33098405336,113140
12869,36808459328,28370
12870,2334509286,53450
12871,97277708292,136250
12872,49843543,43250
12873,210892546,46890
12874,34528218461,11100
12875,2474520114,49550
12876,29519184146,29040
12877,910377011,60300
12878,15256087012,10300
12879,102700263270,127510
12880,15632682407,13450
12881,19621655952,13920
12882,160171032172,10820
12883,2122310372,94490
12884,14037398643,14500
12885,38025505020,18060
12886,2272140927,83730
12887,68827732899,25160
12888,44962615842,129440
12889,64262334195,15880
12890,119983171497,118330
12891,9250408029,48970
12892,31569774008,216610
12893,2380960587,993650
12894,1122246522,59020
12895,1406065226,65910
12896,58091400410,14280
12897,1620403692,88800
12898,14073065206,23250
12899,89261862724,18510
12900,33861761706,157110
12901,24235127208,27020
12902,3806258318,52470
12903,86066301791,133230
12904,43271837939,21480
12905,1398713553,66550
12906,1388650375,70010
12907,39943099491,125890
12908,9190844094,31630
12909,393415785,38630
12910,159102163,38880
12911,9966939481,21600
12912,34424666716,27910
12913,358555230,39520
12914,124150062066,27540
12915,357850812,58600
12916,2319512906,59220
12917,26785007357,24570
12918,270577793,40150
12919,2488580602,49200
12920,50408713854,117550
12921,72257839175,29350
12922,26794617770,13400
12923,92783516139,137480
12924,1116156053,35500
12925,21343667691,12880
12926,4093727172,34290
12927,36970137027,139890
12928,2428605845,71350
12929,66182785335,11560
12930,1017552751,37220
12931,15256087012,10300
12932,22825466302,31880
12933,1199251193,65660
12934,330270936,44420
12935,71416975581,22780
12936,45248625895,13280
12937,148744813712,11720
12938,82272825071,15170
12939,4075558543,68900
12940,80104964039,29280
12941,89375520663,115970
12942,85648245441,126530
12943,1152596396,60370
12944,13053346967,33150
12945,23560162431,18710
12946,477888695,41680
12947,1892327141,35210
12948,1861502527,491460
12949,2646489676,35910
12950,24252413441,20200
12951,14853559028,18560
12952,17500395948,24800
12953,124921408549,112720
12954,2086439947,57480
12955,1135785241,36630
12956,27759015979,10200
12957,179096805,45140
12958,11253340546,31780
12959,1584836000,69350
12960,107323519,43080
12961,89115064498,24290
12962,1049140050,50300
12963,1826187787,94500
12964,115566598877,10690
12965,27040456284,12380
12966,22991081487,104340
12967,22274522030,18300
12968,15267369780,212020
12969,23430054225,14950
12970,1241856236,90580
12971,346737566,39400
12972,6039145587,63110
12973,414655614,39460
12974,1068344977,54750
12975,66942545526,15740
12976,80695974209,15060
12977,106113849,45910
12978,56983614473,129600
12979,3039305356,62830
12980,1888438610,37000
12981,19820949925,25090
12982,51618539927,27760
12983,61988724890,170240
12984,48233420339,25240
12985,97847861564,97130
12986,1115306739,35200
12987,29933131070,24860
12988,30115678114,18480
12989,2550598035,71560
12990,2140553864,34510
12991,6497365784,10750
12992,110295676538,27290
12993,1190453526,55460
12994,1869362366,54910
12995,27475232553,20550
12996,105888030,46450
12997,179081664,41780
12998,159102163,38880
12999,55378221550,27380
13000,15632682407,13450
13001,160415459,39720
13002,23857905050,30300
13003,52037401887,22120
13004,14868725166,259090
13005,49424817345,17160
13006,25495518647,19860
13007,155381505812,29820
13008,297852860,37400
13009,57308021554,28980
13010,59096534,43140
13011,33739578466,194260
13012,89980232792,30930
13013,1146941319,76120
13014,29571437943,24270
13015,35681395866,25400
13016,26785007357,24570
13017,981231282,53840
13018,2836488789,67150
13019,54561378707,25910
13020,5220936501,328930
13021,7851988117,34340
13022,382563038,38040
13023,67652384114,10700
13024,53537785008,15520
13025,5497574956,31420
13026,34051118165,16520
13027,4311440373,62490
13028,133859116155,121860
13029,637003518,56340
13030,31120345513,27610
13031,755161576,37340
13032,22121110597,26200
13033,1557682722,49290
13034,5497574956,31420
13035,16666559748,22200
13036,5499032568,64510
13037,30412907126,18640
13038,19621303841,19800
13039,21332525229,18200
13040,24792833125,13940
13041,29634990721,24500
13042,1557682722,49290
13043,17540990784,15030
13044,19621303841,19800
13045,19720899101,16660
13046,30284885466,27360
13047,2883606758,438170
13048,1494231887,62340
13049,58819867748,16420
13050,148305854610,29560
13051,52497291564,23210
13052,1259904570,77760
13053,153708336059,15090
13054,1224554872,50360
13055,2097954495,34160
13056,15713574477,24100
13057,7742634553,34860
13058,47744486793,25080
13059,598331337,37500
13060,1576680477,52520
13061,2144799919,62360
13062,4760966399,336840
13063,591837111,52100
13064,13327051013,12800
13065,22851451315,30700
13066,66257876289,22270
13067,3458243032,346500
13068,68577663858,16070
13069,817111941,51050
13070,56822468980,22880
13071,43129210737,177170
13072,17352688335,13240
13073,41196050480,18460
13074,97548299719,10420
13075,33181671837,27110
13076,148060923060,28760
13077,58039092056,15860
13078,12564986713,25760
13079,164604099060,101120
13080,189040615,44310
13081,679457153,72420
13082,92506391567,124990
13083,304326832,43290
13084,775088116,55490
13085,2045671363,63950
13086,70120083483,15230
13087,149456262,43090
13088,373789449,37940
13089,15415977530,15000
13090,33527478892,19660
13091,2011782025,68650
13092,1132990486,78240
13093,3145250115,68070
13094,8101115241,20840
13095,1631738995,1000000
13096,8933766969,10120
13097,1965146457,33460
13098,12506893704,18270
13099,4459097984,48610
13100,104186585931,29730
13101,904772282,63850
13102,22199368675,26540
13103,65800996925,20650
13104,3999006060,36430
13105,102049838113,20030
13106,133036439804,120480
13107,87408291606,13050
13108,8223725909,49490
13109,286525382,42710
13110,3961362733,92810
13111,47262781,47000
13112,189040615,44310
13113,150272951331,100390
13114,619306389,58550
13115,26441271661,26250
13116,6714501360,11440
13117,253425413,38450
13118,1778838258,65710
13119,7799241001,32970
13120,1406803856,61840
13121,57752642392,106760
13122,8577167106,35170
13123,1078975842,50010
13124,540623071,47490
13125,575007723,39480
13126,56934598928,20020
13127,848831306,87130
13128,12506893704,18270
13129,1798439257,70650
13130,90275666327,140490
13131,360943417662,10790
13132,359829197,40520
13133,2266198740,51490
13134,23028634130,226930
13135,115390912834,28660
13136,1130576654,36230
13137,542319986,39060
13138,41294672559,24540
13139,5758061208,32010
13140,810620225,73720
13141,37495008730,15350
13142,21256246165,21800
13143,31086951478,28130
13144,572206676,40600
13145,476636108,39420
13146,122640276,42080
13147,1860288289,51310
13148,1651352251,56370
13149,2177752257,65810
13150,17284174655,17940
13151,3559490049,54620
13152,34229453564,21040
13153,297227885,42740
13154,654116258,43660
13155,71052326893,156800
13156,2027200385,58650
13157,904772282,63850
13158,43988405080,18250
13159,45177524148,19230
13160,37806502832,19140
13161,1069762860,48500
13162,41900658858,12120
13163,19889035527,21700
13164,1068679149,58200
13165,11944582782,13150
13166,108982521474,30540
13167,22199368675,26540
13168,36725496221,105860
13169,525710008,38360
13170,76993929,44700
13171,7482461713,34480
13172,44986743773,28570
13173,202015720,41660
13174,5502514871,63000
13175,1018301448,74730
13176,76568474962,113550
13177,2633692201,83440
13178,119569756,46360
13179,99013514811,124000
13180,7982350453,277220
13181,30931706509,26560
13182,60140852560,20880
13183,4618144911,57790
13184,97535738059,29020
13185,33438027393,162100
13186,54904859616,176950
13187,20728975020,28620
13188,24981432612,23780
13189,2979988124,381540
13190,19913212122,14400
13191,2492420179,34970
13192,121328006,42790
13193,36808459328,28370
13194,22051198415,10780
13195,128742187,39650
13196,55105075666,11130
13197,27451256944,26740
13198,22051198415,10780
13199,8471584346,31240
13200,45248625895,13280
13201,5123088962,85700
13202,37717196238,21760
13203,42589667193,20610
13204,12506893704,18270
13205,4424944880,32620
13206,1635211296,60540
13207,96602738258,98440
13208,32025620892,24200
13209,15415977530,15000
13210,4804702948,33250
13211,83985160666,21060
13212,69067941716,24120
13213,4564211677,36010
13214,100596830161,29700
13215,1422793611,82110
13216,50010969395,13840
13217,66289101676,29950
13218,63623718990,27940
13219,66362318261,13350
13220,80413445370,18580
13221,83528814,41820
13222,2597745150,61380
13223,19533110212,19500
13224,5354987411,33200
13225,47213622589,19040
13226,827846679,58470
13227,113635569591,28780
13228,268458850,41210
13229,144294738,44980
13230,12770807604,249620
13231,52059997494,30640
13232,75333812626,15190
13233,779268274,39150
13234,247205852,46160
13235,49381445260,23550
13236,18646345859,20000
13237,414307714,36570
13238,309535285,46490
13239,925007073,644670
13240,1446692871,74100
13241,38137425611,30680
13242,159102163,38880
13243,532525883,37640
13244,1182004024,59540
13245,95618918454,29890
13246,1584119163,682280
13247,20728975020,28620
13248,207230984,39180
13249,153169842,45100
13250,3717965658,32920
13251,1131650149,38140
13252,30084375971,25250
13253,4113689488,72850
13254,702386713,37990
13255,171272077,46220
13256,583181080,38200
13257,4150577819,87560
13258,406883978,36800
13259,49490968277,140820
13260,30960317809,18900
13261,93783661034,11730
13262,405672651,42750
13263,107655851635,13860
13264,6837950701,31860
13265,49375053451,24600
13266,59591093401,25820
13267,32942908226,16300
13268,44739121196,18240
13269,16310027550,25050
13270,596472008,39210
13271,149527371046,29300
13272,1458940792,70960
13273,70825573759,26430
13274,2135849510,58660
13275,91113442,40220
13276,76568474962,113550
13277,56170220773,120620
13278,57308021554,28980
13279,55748627777,26970
13280,142799541,42100
13281,197152104,40300
13282,24628664082,17600
13283,1549378962,62720
13284,1859526782,33480
13285,1410190845,52460
13286,58898481965,23360
13287,21319622040,18000
13288,20751108190,23100
13289,15075237399,20500
13290,81584870803,26810
13291,342840009,46480
13292,1295743187,86100
13293,103632938719,17990
13294,2438879247,72480
13295,69748186106,11220
13296,40498004790,24590
13297,24846613522,18800
13298,31624462478,27350
13299,23735100865,25780
13300,517097296,38920
13301,2082921036,58040
13302,1419522640,51060
13303,52295047194,24020
13304,152300602,39380
13305,110619096490,24430
13306,16920717376,22800
13307,1818415381,58210
13308,406556693,47460
13309,1262119294,64980
13310,11944582782,13150
13311,80432649,40080
13312,2210427126,81620
13313,18290663502,21840
13314,461028209,40900
13315,78922264,47150
13316,12033969718,248130
13317,432858644,37750
13318,1755254181,49350
13319,29648005691,16060
13320,68788084373,24940
13321,2815028299,73910
13322,30661738016,19650
13323,1650756823,37270
13324,8018007742,33440
13325,114052432718,29460
13326,3039676204,68990
13327,4424944880,32620
13328,1389476515,51960
13329,538782591,61650
13330,309535285,46490
13331,1845146810,886360
13332,3182760860,56440
13333,46356008569,18980
13334,11846576564,12700
13335,26025000339,26760
13336,22259829553,32180
13337,1593022972,36940
13338,2702203827,61110
13339,1839348420,52490
13340,115329302,46240
13341,51935406492,14110
13342,225846202,44450
13343,13813563496,32060
13344,1804019797,85070
13345,9505263951,32590
13346,74408827956,141930
13347,311408651,43340
13348,8444407677,33930
13349,1631738995,1000000
13350,1067927975,76300
13351,153386643,43420
13352,15878150283,15950
13353,1951964637,59870
13354,47323197714,25370
13355,40731906665,23960
13356,45632610231,25040
13357,23136038329,13440
13358,164775756322,107650
13359,18245872058,25530
13360,4686702487,92090
13361,377899170,46850
13362,2740528740,61850
13363,101257967,45120
13364,61384459361,20110
13365,10460628957,25000
13366,148146605897,10860
13367,88815143689,104620
13368,3389579756,36090
13369,20360949382,216780
13370,1579710503,60940
13371,1574321621,75950
13372,39604028268,18020
13373,396238468,38760
13374,44868604935,142230
13375,128522310772,29200
13376,330837736,42520
13377,138963756,39500
13378,14490409743,25480
13379,2299596129,49820
13380,40143322519,25720
13381,26178609731,15960
13382,14216936880,18600
13383,279004289,44000
13384,14687326283,31540
13385,19106552719,31320
13386,100502811457,29000
13387,1156242056,70100
13388,7336200024,34130
13389,625715610,41970
13390,26416815952,21300
13391,226110679192,29410
13392,15212996425,14000
13393,590154290,36500
13394,28655336302,24520
13395,17760313786,23320
13396,29083726643,17520
13397,342042513,66890
13398,81834584826,151280
13399,1614967508,88560
13400,1372717623,60750
13401,121957896234,108640
13402,13293694114,31520
13403,5317764324,85870
13404,50684659701,25410
13405,1122869479,79250
13406,517616088,38900
13407,29933131070,24860
13408,108381632163,131020
13409,1780463422,38470
13410,4804702948,33250
13411,418907708,39020
13412,16045577416,16000
13413,57966942531,179540
13414,60217269,43920
13415,44962615842,129440
13416,303016833,42310
13417,3814964572,35530
13418,423815992,46740
13419,115235394363,96110
13420,30084375971,25250
13421,55353179998,18530
13422,1666117663,60930
13423,24707988149,13900
13424,169496546,42860
13425,12370260581,17440
13426,1529438290,61260
13427,1421985901,425300
13428,86857621363,22760
13429,297630474,47470
13430,85575873,45050
13431,6113825482,53280
13432,131661266186,129530
13433,11559347838,24300
13434,2557112974,34840
13435,151288173974,29090
13436,1631738995,1000000
13437,993384713,36400
13438,51618539927,27760
13439,12157445989,17800
13440,91000137,47770
13441,25722412644,32230
13442,1407219077,59290
13443,1485730830,55880
13444,537733467,41550
13445,112941358856,18970
13446,2829868299,35340
13447,2357616922,57070
13448,498149660,40810
13449,3680650113,34600
13450,13074164597,16600
13451,33527478892,19660
13452,1564217845,68530
13453,140447707428,109120
13454,441296639,38190
13455,1631738995,1000000
13456,165129231,46530
13457,67044432616,13030
13458,14488576352,30970
13459,567022855,38500
13460,25132530789,22360
13461,417703744,35900
13462,925902524,38690
13463,46848216759,15760
13464,11322932870,14040
13465,1836609730,77980
13466,21708211240,24810
13467,1094553579,78830
13468,290299518,42530
13469,55658814898,29760
13470,71361115425,154240
13471,54194807280,15240
13472,5174830582,67520
13473,1770721317,68220
13474,400087054,38240
13475,35404519616,11820
13476,1631738995,1000000
13477,967689915,34700
13478,22210244914,32830
13479,3262702814,34420
13480,21538411805,22870
13481,130356246753,130050
13482,49783597064,14780
13483,179035308,42420
13484,1549716376,37440
13485,1471864953,53120
13486,106332430,41700
13487,4452143759,59630
13488,90594113232,11290
13489,3749240231,90890
13490,2223560274,50440
13491,1655272260,35850
13492,484409014,39860
13493,2462576827,47780
13494,14720086762,21150
13495,26011446033,28380
13496,920542991,79800
13497,106058085813,125950
13498,530866962,59800
13499,55997509348,28140
13500,3561044538,36770
13501,266131796,44670
13502,46609776660,13720
13503,1187118243,36550
13504,62661577101,21940
13505,9975585772,19360
13506,223208169,44110
13507,13378711542,12600
13508,123726657123,12420
13509,93090494388,14760
13510,91431856244,16270
13511,20164471771,17150
13512,52838154,46520
13513,2846210661,78280
13514,237128462,41730
13515,16666559748,22200
13516,957792398,39530
13517,41713220542,28000
13518,40838574989,28040
13519,68389065,42650
13520,1060791960,36950
13521,8522526669,30800
13522,78093115477,23790
13523,30661738016,19650
13524,16656548476,17500
13525,42099697529,127030
13526,1716683562,92570
13527,13308638382,31750
13528,1456868084,51600
13529,1503315403,603810
13530,55482136423,22570
13531,1303473678,89180
13532,1812848416,55350
13533,32497885421,14680
13534,1631738995,1000000
13535,817455058,52300
13536,66990287346,18160
13537,178944981287,12370
13538,196280735775,30170
13539,14720086762,21150
13540,36799869133,20760
13541,32881649327,16860
13542,533881375,39200
13543,3839978932,332450
13544,2627285445,65410
13545,11663075335,10800
13546,26676025512,14700
13547,11025691108,31410
13548,1419522640,51060
13549,1417473910,80800
13550,37045766564,25640
13551,1164263840,56060
13552,100701629737,114600
13553,87410203984,27050
13554,17692850331,15940
13555,137641212508,105600
13556,25950007188,23900
13557,49031173362,27310
13558,24981432612,23780
13559,2672046220,51380
13560,30867560925,31390
13561,45552700653,14080
13562,675049638,47310
13563,1251253237,55060
13564,2916597756,33340
13565,30661738016,19650
13566,30809472740,20620
13567,82535701404,16120
13568,19115025399,31130
13569,4764520631,37280
13570,3487698478,51150
13571,1221696227,73260
13572,25565025425,20190
13573,981671806,49950
13574,18741652662,21500
13575,51132409411,14540
13576,52022327352,15380
13577,673306615,64500
13578,43594620464,136370
13579,53255920574,113450
13580,236960803,37410
13581,536173429,38050
13582,15016173997,20700
13583,1784331003,66430
13584,94899980341,24730
13585,142587894346,112700
13586,25281946819,195600
13587,65775914015,139020
13588,49359018714,15250
13589,11835160642,32860
13590,3024100414,82320
13591,173244596,46840
13592,111600728831,14580
13593,1488539811,67350
13594,1247830221,49110
13595,4397975383,93450
13596,33808150331,25680
13597,42661646562,111210
13598,11214989092,22980
13599,33103548418,30030
13600,2149283233,50070
13601,1532805375,48870
13602,660495848,59160
13603,613705540,39700
13604,29137251043,21170
13605,217335387,39800
13606,49489469370,16440
13607,1509141265,34080
13608,1172683727,48400
13609,55851652410,27720
13610,1130576654,36230
13611,368844630,44560
13612,49207048783,21960
13613,32670578675,26700
13614,729566850,34400
13615,133876309576,117180
13616,47213622589,19040
13617,391825680,38540
13618,60780715499,33110
13619,61225260345,18720
13620,19888988268,12450
13621,101594178411,16980
13622,3534677562,91580
13623,699075445,35620
13624,22317738016,21350
13625,1310635926,50840
13626,44610965056,173310
13627,3047354115,89650
13628,32821241123,11350
13629,1102595755,49140
13630,1329047021,55130
13631,80104964039,29280
13632,2153589783,51840
13633,19049030128,13960
13634,930526162,58340
13635,1069762860,48500
13636,31991224480,27270
13637,367477754,43770
13638,50684659701,25410
13639,422345095,39590
13640,811298469,35980
13641,2182419632,64270
13642,123903511760,18330
13643,34301978873,23230
13644,66362318261,13350
13645,1351273037,80740
13646,3861863498,36110
13647,1449605088,33650
13648,16984526495,16610
13649,36284838931,119640
13650,4965735198,33350
13651,1395172573,54640
13652,14216936880,18600
13653,21538411805,22870
13654,22248366234,152910
13655,83106196086,17770
13656,1684409624,498350
13657,357167448,39820
13658,110998318,40800
13659,39244436334,19620
13660,532525883,37640
13661,4591602308,86550
13662,36879273869,17140
13663,1501406525,73230
13664,82715082640,22410
13665,5015564673,58540
13666,572433011,79100
13667,3642774964,88580
13668,48607470664,28090
13669,10093236863,19400
13670,1480637016,64780
13671,1724199914,52540
13672,1835414816,79510
13673,55987971004,15160
13674,4854570977,31700
13675,1683707154,53190
13676,64153904362,20220
13677,378468355,38080
13678,1377267831,52680
13679,202249106977,14410
13680,42053547758,24320
13681,674617499,64330
13682,7347254669,272780
13683,156100020362,116070
13684,46745158604,24820
13685,1164263840,56060
13686,99304321,42390
13687,57728586200,98250
13688,1258910853,59080
13689,187009140628,98320
13690,2027314936,407460
13691,2838364606,60680
13692,1082159705,69750
13693,100275085420,28490
13694,200000289,46720
13695,240474175,39830
13696,43333005421,22210
13697,2397882043,387600
13698,1442643549,71690
13699,3926893472,70600
13700,1135227918,94900
13701,1115306739,35200
13702,83334316,45780
13703,842759148,58420
13704,51755226246,21920
13705,8085474109,11000
13706,2380857566,37110
13707,149693961081,111930
13708,58321181402,12290
13709,45940864219,18280
13710,1631738995,1000000
13711,27237505980,20300
13712,16649303622,20170
13713,62157265372,14150
13714,1755510119,95350
13715,92954557895,98540
13716,130405759566,107230
13717,922409550,37460
13718,119442188194,115030
13719,3522131365,35370
13720,113005204623,18960
13721,1311039891,71100
13722,14037398643,14500
13723,3617961302,32100
13724,1134602187,63910
13725,1086538446,52380
13726,78929501822,20330
13727,52954844225,27750
13728,19115025399,31130
13729,30345439749,109750
13730,45440822326,30180
13731,12157445989,17800
13732,14031523832,249230
13733,610183714,56500
13734,64324404296,17640
13735,67354936590,21530
13736,1442756139,53460
13737,83579052,43000
13738,13013575496,32340
13739,41960725561,27150
13740,13074074288,19580
13741,133273569,47290
13742,3094058526,60570
13743,13074164597,16600
13744,30661738016,19650
13745,114052432718,29460
13746,1921707513,35080
13747,5295609218,34770
13748,30310855411,11640
13749,85851341859,17180
13750,9504487083,277680
13751,36488308375,12050
13752,18902576810,32880
13753,1816470159,50350
13754,72436479231,20420
13755,817455058,52300
13756,1931971840,86630
13757,67901394616,14260
13758,57308021554,28980
13759,22643851697,228940
13760,2459975371,48550
13761,3485921865,68010
13762,168179807,43760
13763,49783597064,14780
13764,61349116586,21880
13765,76555873757,21210
13766,1751423990,36320
13767,27131688065,190610
13768,179942021,37600
13769,177705856207,11020
13770,711613273,61590
13771,4854570977,31700
13772,1498263287,55280
13773,113566808087,27870
13774,48290727913,27670
13775,10093236863,19400
13776,117287800870,24370
13777,104186585931,29730
13778,38443478585,13630
13779,55602175873,107210
13780,19221989618,21850
13781,4851748152,61210
13782,30155432199,16290
13783,999521144,37820
13784,6232106825,63230
13785,1036580434,36690
13786,34005205205,17920
13787,893604177,56650
13788,36489171794,25010
13789,3430458143,35400
13790,15101702599,12500
13791,75366736990,22660
13792,64864154,44620
13793,991790636,48520
13794,35213785935,27800
13795,930706624,52700
13796,45808992390,11910
13797,590154290,36500
13798,902383557,50770
13799,54916054073,23630
13800,16045577416,16000
13801,16496210356,23850
13802,2651592311,74700
13803,3514516170,52960
13804,20982986249,28850
13805,1046783688,34830
13806,1850599298,59050
13807,148068222890,30080
13808,1631738995,1000000
13809,134439735,43930
13810,889756187,41890
13811,34202441186,22400
13812,62100399730,30960
13813,148140845,44800
13814,782703438,45740
13815,246649414,45870
13816,621836003,89800
13817,15700282152,31510
13818,951295700,37900
13819,2096778487,57960
13820,23551713681,13880
13821,17317254802,14850
13822,1114273824,76150
13823,52212028291,24490
13824,27153562936,19380
13825,52607696761,23040
13826,64324404296,17640
13827,6497365784,10750
13828,129828716,46200
13829,270644675,43380
13830,1943206095,60390
13831,75981964629,27620
13832,26785007357,24570
13833,82755323145,12150
13834,84592707,47400
13835,207431683,41640
13836,650121988,46560
13837,52243000685,22470
13838,14260621217,23650
13839,1578430142,34190
13840,636228959,45550
13841,26411647433,18320
13842,42568519534,26190
13843,542291409,38820
13844,80547999181,21390
13845,69562819063,31290
13846,3921262517,80590
13847,18803265229,14600
13848,1376223777,55750
13849,19913212122,14400
13850,106113849,45910
13851,16656548476,17500
13852,915242873,56030
13853,108373653972,24360
13854,85572730562,149360
13855,1649210722,68690
13856,6536029761,12400
13857,1818227392,33820
13858,53409349832,10100
13859,1218225164,63940
13860,83784153285,28900
13861,124880012639,28230
13862,45083877970,19610
13863,705716521,84600
13864,1365307753,60820
13865,8788397572,33470
13866,3200723221,33530
13867,17284174655,17940
13868,11559347838,24300
13869,54387323518,114930
13870,1343438423,62210
13871,2522752418,58890
13872,11740205694,25700
13873,99158889962,98700
13874,76952587245,128690
13875,115329302,46240
13876,133710119562,101640
13877,23521342765,20400
13878,22930910141,20960
13879,19015833190,20900
13880,32370922918,26280
13881,1822757007,51100
13882,4800000186,87800
13883,1484111911,51580
13884,112930925182,12730
13885,292294986,40770
13886,5382493857,315270
13887,14260621217,23650
13888,18258613188,10450
13889,35393760318,13190
13890,184195569242,29900
13891,75948616994,15290
13892,1577151904,71220
13893,49396298672,20490
13894,40594907107,26590
13895,162862396807,29690
13896,73382486835,158090
13897,42843779600,17660
13898,20798791919,15850
13899,29083726643,17520
13900,1143451295,72020
13901,72566402099,28030
13902,37547961631,16900
13903,1631738995,1000000
13904,1631738995,1000000
13905,1904107484,76350
13906,6062647024,32050
13907,1542502573,50050
13908,26676025512,14700
13909,874300007,37570
13910,55166456681,111500
13911,49218116867,20120
13912,496555472,36050
13913,93728465219,28250
13914,384747464,42700
13915,22061453679,17340
13916,24356159492,163100
13917,262709266,44160
13918,1310857836,51870
13919,16090103748,31340
13920,745431878,48840
13921,4787584341,64450
13922,1362368522,41230
13923,610183714,56500
13924,104305787211,14420
13925,2115846348,56850
13926,24942410999,13550
13927,17633307134,222600
13928,24628664082,17600
13929,581538988,68310
13930,62142363351,24390
13931,2407384323,55870
13932,118546641724,23830
13933,153620242060,11790
13934,1125678091,71210
13935,37423098053,20980
13936,84507726573,28500
13937,1577414887,88780
13938,457485908,41050
13939,35799169476,23190
13940,28809671951,15600
13941,30719654234,22320
13942,4966059338,14200
13943,11740205694,25700
13944,3244327025,35610
13945,2650495645,901080
13946,6841903109,49910
13947,46900573,45400
13948,22859046034,23810
13949,108716329644,114850
13950,1008260659,51680
13951,187028599415,22910
13952,18010885233,25740
13953,58339597241,27220
13954,55022858458,18380
13955,2001391359,38870
13956,169496546,42860
13957,129828716,46200
13958,2176335084,85940
13959,671797868,36790
13960,36403960863,18520
13961,1287964189,63270
13962,34540471920,26480
13963,14687326283,31540
13964,156230957,44690
13965,55474904428,12850
13966,47262307720,19720
13967,2078359925,39730
13968,73566179023,113510
13969,20249118852,23150
13970,1854208189,69160
13971,56732653310,118500
13972,4515712444,33860
13973,50007182263,23310
13974,3236275601,32580
13975,5871007842,71850
13976,13937887246,31160
13977,118666024346,119140
13978,225970779,47730
13979,30412907126,18640
13980,25601318259,26490
13981,1421108625,62600
13982,6536029761,12400
13983,13977867678,24400
13984,32093453406,14840
13985,27520353423,30520
13986,37455535968,17760
13987,91556315041,24770
13988,48948792939,22680
13989,22426798037,21050
13990,1180691360,65760
13991,4916971300,49130
13992,226410524,46690
13993,1631738995,1000000
13994,50346887929,20820
13995,10588033325,23680
13996,13696731951,20480
13997,6710646339,33880
13998,956485407,37720
13999,257406345,39330
14000,93865818977,124900
14001,11171899613,24450
14002,18973023210,21200
14003,672272035,60000
14004,178705526637,101230
14005,674617499,64330
14006,418257067985,29440
14007,72189263017,15720
14008,1760616848,33080
14009,34826781636,18040
14010,25991851873,16090
14011,51712250882,137400
14012,1631738995,1000000
14013,5207892040,10600
14014,700671480,44230
14015,8444407677,33930
14016,14216936880,18600
14017,317261577,41620
14018,45177524148,19230
14019,24953211633,28020
14020,13308638382,31750
14021,223499994,39000
14022,2636795735,65350
14023,1273841448,54930
14024,15269062707,11500
14025,883575286,47950
14026,2017419158,49420
14027,22274522030,18300
14028,18658263160,30460
14029,1730528185,64850
14030,912003285,82450
14031,292765098092,29770
14032,29273113327,140880
14033,50007182263,23310
14034,68626050815,165550
14035,163251837,40260
14036,141553285,45800
14037,32670578675,26700
14038,49275798206,21420
14039,179942021,37600
14040,400087054,38240
14041,8646795757,49650
14042,18628129908,24380
14043,64570007221,15810
14044,15415977530,15000
14045,43333005421,22210
14046,142981100585,95890
14047,1108306484,74540
14048,2199078024,37230
14049,16496210356,23850
14050,2086324526,36210
14051,22199368675,26540
14052,2193159158,36560
14053,7163533745,33380
14054,26411647433,18320
14055,94114752679,121120
14056,31624462478,27350
14057,6035310102,31380
14058,47188230093,14750
14059,30931706509,26560
14060,27040456284,12380
14061,9950781450,31970
14062,1406803856,61840
14063,291505201,42220
14064,45123767881,161680
14065,1822757007,51100
14066,17967957924,18030
14067,107329577764,106500
14068,1568415235,55410
14069,64433705350,11280
14070,56530436782,22390
14071,8592713409,16550
14072,26766140139,17590
14073,70637172344,120700
14074,1762928771,743230
14075,62162028949,108450
14076,1036580434,36690
14077,91076597,44150
14078,1158563011,62940
14079,930706624,52700
14080,1923303755,630720
14081,864853774,78940
14082,54349301320,24460
14083,2557427042,32480
14084,28694947024,27200
14085,35642391323,126650
14086,20751108190,23100
14087,2358989538,60440
14088,2363197030,64540
14089,11559347838,24300
14090,1846799542,53990
14091,2892666323,84210
14092,15836834070,22160
14093,1992008370,35320
14094,4521361319,32660
14095,51480690814,19920
14096,27833592503,162210
14097,456206539,40010
14098,31108790427,28160
14099,857386299,38710
14100,67129058834,26010
14101,1047788409,37210
14102,43223920572,27840
14103,2998373815,34030
14104,1796057139,81400
14105,498814308,46570
14106,72024658162,19840
14107,18157672735,22620
14108,701757018,43220
14109,34540471920,26480
14110,36821475109,19320
14111,58068514938,180910
14112,5130609805,30750
14113,333511825,46250
14114,1388744617,80240
14115,119740757265,27460
14116,16843158054,21410
14117,2481492009,72300
14118,265027913,43130
14119,11214989092,22980
14120,57838322724,177620
14121,59238093822,98620
14122,37423098053,20980
14123,36911250830,20940
14124,28229514027,18550
14125,1631738995,1000000
14126,1697210166,35810
14127,79866921323,16780
14128,53228220556,22920
14129,799162500,59380
14130,59952461054,25490
14131,883575286,47950
14132,73787733197,20530
14133,74427604153,28770
14134,94645239809,30280
14135,18045084374,30440
14136,1748479526,33170
14137,63623718990,27940
14138,49489469370,16440
14139,137396957,41140
14140,5921037305,10000
14141,47262307720,19720
14142,111575305185,24670
14143,52952058521,14640
14144,19733236061,17650
14145,15632682407,13450
14146,30960317809,18900
14147,148140845,44800
14148,1714133943,34040
14149,37790082756,179900
14150,3578464701,32160
14151,498149660,40810
14152,6497365784,10750
14153,20328737308,27660
14154,45964606960,30090
14155,72257839175,29350
14156,727583390,40280
14157,175181366,47320
14158,2128459317,71920
14159,5897089121,55380
14160,358355550,45720
14161,107027801557,112830
14162,168179807,43760
14163,3641459255,34730
14164,73838320521,20630
14165,65406865703,17280
14166,1020154320,56000
14167,183865535,42890
14168,81372994085,10440
14169,86007273344,27630
14170,938260626,78880
14171,46732446976,12340
14172,1674948704,74510
14173,154821658190,28420
14174,43271837939,21480
14175,330837736,42520
14176,133281925,45080
14177,39943099491,125890
14178,2019812457,93190
14179,120035175575,120850
14180,26629296406,31930
14181,1631738995,1000000
14182,24981432612,23780
14183,119569756,46360
14184,55895435237,99480
14185,22274522030,18300
14186,22875006614,30060
14187,5139345535,34090
14188,40248886135,16540
14189,91825357331,149230
14190,1522413067,51890
14191,1074740555,78110
14192,59882849350,140650
14193,7624721466,259580
14194,374027963,39570
14195,14260621217,23650
14196,1818227392,33820
14197,59047479801,17330
14198,8788397572,33470
14199,614402784,37490
14200,71825248297,22560
14201,1488656844,72830
14202,862541609,38990
14203,4504251756,94160
14204,58929175523,17630
14205,49342341513,20050
14206,64153904362,20220
14207,30084375971,25250
14208,14687326283,31540
14209,195819684,43600
14210,153169842,45100
14211,37083274318,28440
14212,238836015079,30010
14213,344440628,41350
14214,47744486793,25080
14215,36799869133,20760
14216,8005651455,31150
14217,727324879,64300
14218,2865705987,60260
14219,36485850456,12160
14220,1490920701,71440
14221,1036374932,75030
14222,47177858185,14250
14223,96800591462,121500
14224,1135785241,36630
14225,49207048783,21960
14226,71813943845,14460
14227,167049769,41270
14228,3011330685,34920
14229,93109756111,108220
14230,30688222926,18130
14231,34069048433,14620
14232,1059366348,56530
14233,1100974467,91700
14234,874300007,37570
14235,279004289,44000
14236,42818496987,22700
14237,92101575367,113910
14238,15885102275,21750
14239,16184474004,178140
14240,18290663502,21840
14241,37806502832,19140
14242,369908415,39250
14243,92239702551,29220
14244,15836834070,22160
14245,2649774732,33750
14246,36627299455,15640
14247,42993873724,25540
14248,810620225,73720
14249,15877656541,24250
14250,2972831225,65340
14251,910309314,38330
14252,56335760220,29750
14253,27520353423,30520
14254,150978538,40170
14255,17699354512,15050
14256,152641200217,113980
14257,1290874953,34820
14258,1650361804,65650
14259,2423162791,49920
14260,146474386864,22940
14261,78752490858,26830
14262,15332473314,26460
14263,381266268,42320
14264,1098342432,54180
14265,118917630577,21160
14266,1522560278,48720
14267,80908385398,136800
14268,22633287384,31190
14269,35071733965,30250
14270,4060583797,91070
14271,92000552569,26820
14272,195819684,43600
14273,38027559951,164260
14274,72385905305,161080
14275,12660304592,14100
14276,12506893704,18270
14277,23959612898,18750
14278,25958933629,23920
14279,32929114522,17720
14280,21708211240,24810
14281,14406325076,28100
14282,2300104800,81490
14283,48105516504,21330
14284,41213701,42920
14285,28239210726,26100
14286,9816664858,31180
14287,160357215849,103050
14288,31180941172,20690
14289,542319986,39060
14290,467625318,44190
14291,75455562305,17060
14292,319707934,44100
14293,124573832052,116180
14294,93149952455,144080
14295,72849249195,146610
14296,5219442219,33090
14297,1241549917,70130
14298,1033610101,67650
14299,76419625352,29640
14300,290690343,38350
14301,823961845,59440
14302,72765563960,13210
14303,1428515793,83840
14304,1983164075,69670
14305,27382133872,24980
14306,2537256555,92780
14307,1465324295,60920
14308,913681874,55630
14309,1159273218,57570
14310,3935324151,69530
14311,55065325562,23540
14312,29553966958,211310
14313,92116688823,98600
14314,3109132994,33330
14315,2178070367,33230
14316,1378201334,52900
14317,91369064978,28730
14318,488441464,43740
14319,47572858350,28950
14320,36485850456,12160
14321,33181671837,27110
14322,22119190765,105300
14323,1631738995,1000000
14324,35461837807,180110
14325,7394073238,33140
14326,14854935840,26000
14327,82551973329,125170
14328,3863501062,84070
14329,13977867678,24400
14330,100502811457,29000
14331,214509163012,29710
14332,17040484266,23950
14333,16856330150,15500
14334,2187095369,48000
14335,4490935529,86810
14336,46991134952,16770
14337,89773116943,28080
14338,34217485574,30940
14339,83342142687,18630
14340,32370922918,26280
14341,33808150331,25680
14342,358555230,39520
14343,1558532481,413640
14344,19781196089,23640
14345,67764958701,16580
14346,35208935121,12820
14347,41085533680,12280
14348,1720037207,54420
14349,26416815952,21300
14350,1140245137,67380
14351,1783713612,62470
14352,20271072387,19680
14353,1037444559,95210
14354,4003083115,35040
14355,35922754479,20350
14356,55488647090,17260
14357,21588729272,30600
14358,32316300990,144650
14359,20022503287,20060
14360,153030029,45360
14361,40239095341,31250
14362,495586357,51000
14363,25729367717,24830
14364,167402673,39270
14365,3358109509,90530
14366,70725378684,19010
14367,965205293,74360
14368,98361755870,28680
14369,13851673776,19200
14370,59143909418,26360
14371,889693211,66230
14372,170025888974,102400
14373,15957156660,22510
14374,455852946,39080
14375,750345998,54270
14376,22429456554,19700
14377,1647601825,62590
14378,22051198415,10780
14379,63312914549,175790
14380,406567495,45410
14381,2087629394,73380
14382,87082410631,18870
14383,257565834,47010
14384,26766140139,17590
14385,3985701806,352060
14386,26411647433,18320
14387,61598617140,25790
14388,46778937443,174500
14389,59047479801,17330
14390,20164471771,17150
14391,1631738995,1000000
14392,149271831675,105150
14393,372969483,41580
14394,26794617770,13400
14395,13228814871,262340
14396,163744988,46660
14397,52792210900,15660
14398,15484020783,13300
14399,1931942548,58590
14400,119819066,47500
14401,19483650662,30820
14402,58091400410,14280
14403,225143170,42440
14404,14219690356,15630
14405,41213701,42920
14406,41972943163,28170
14407,1478878919,53720
14408,27391134488,28200
14409,91113442,40220
14410,10358530455,16510
14411,1696626854,59210
14412,82121169925,131430
14413,3195120394,78510
14414,5920367305,33720
14415,1515381697,66750
14416,56203031143,147720
14417,2496117671,74910
14418,112691330545,10960
14419,175952284,43800
14420,1990808044,56780
14421,417703744,35900
14422,4087505000,83280
14423,4765041053,293580
14424,72189263017,15720
14425,150764185261,29500
14426,1640081574,51230
14427,64936981777,108850
14428,69131269682,101950
14429,52029375826,28290
14430,81059730594,13810
14431,45159626041,17050
14432,757845961,41220
14433,590154290,36500
14434,64202561044,111710
14435,55897903293,156900
14436,148146605897,10860
14437,87410203984,27050
14438,24263189038,13000
14439,4586000438,32570
14440,21621514595,21450
14441,64174328787,10760
14442,185740213503,16810
14443,5370666784,32760
14444,525184698,41450
14445,71885048,43750
14446,7602017647,32410
14447,961125105,36380
14448,1159273218,57570
14449,1247830221,49110
14450,111885265,46880
14451,959434548,52970
14452,1512656912,37580
14453,2499306744,73490
14454,26411647433,18320
14455,1265342839,59740
14456,1818227392,33820
14457,4932211968,76020
14458,40962683772,20600
14459,2560152186,73120
14460,81196639816,26030
14461,181404277069,102970
14462,8933766969,10120
14463,133498125269,113620
14464,1151738606,54950
14465,1021456583,54790
14466,958549335,50990
14467,1547058868,59350
14468,47749067877,14170
14469,344440628,41350
14470,35609020232,25110
14471,1827200532,74140
14472,739327261,74950
14473,10588033325,23680
14474,2517732161,50690
14475,893604177,56650
14476,63987693214,24750
14477,13618910578,19900
14478,36980688113,13890
14479,115479906754,30780
14480,972707849,64830
14481,20753605114,20720
14482,15957156660,22510
14483,12145938285,33260
14484,3303780769,48050
14485,53799554756,21120
14486,52057806061,19820
14487,1206240510,41980
14488,24836711839,21650
14489,78950420165,26940
14490,600277418,42840
14491,21588729272,30600
14492,32814418308,25310
14493,12804134435,31610
14494,59143909418,26360
14495,18569873872,23300
14496,10012110890,257290
14497,16911672567,26580
14498,37423098053,20980
14499,56013076995,16820
14500,1743627391,990640
14501,8005651455,31150
14502,1920110899,373770
14503,34301978873,23230
14504,80409751380,30320
14505,13293694114,31520
14506,5477552405,33610
14507,325372094,44050
14508,3898795355,82690
14509,1673432612,60730
14510,1986789291,70180
14511,374027963,39570
14512,46303638989,30610
14513,14112508657,31980
14514,30195269319,25280
14515,821881636,36370
14516,184613914600,12530
14517,2020230996,52750
14518,20328737308,27660
14519,1346372260,57170
14520,71062243226,12520
14521,451108847,37630
14522,24889431040,16260
14523,114889387313,18430
14524,555403545,47250
14525,64799861,47120
14526,903720987,57750
14527,75569493452,24720
14528,15256087012,10300
14529,34888386853,30660
14530,699075445,35620
14531,1172683727,48400
14532,633324334,40680
14533,37345174129,19470
14534,52524760859,25330
14535,26766140139,17590
14536,67354936590,21530
14537,147074571454,29880
14538,850311287,85770
14539,1757133769,90750
14540,47295092406,24330
14541,317875425,43510
14542,1931589495,83950
14543,104416044305,19930
14544,31624462478,27350
14545,3608715696,84490
14546,3586135371,48260
14547,1940751374,902540
14548,16544868120,31140
14549,5680853526,49410
14550,25220216931,26530
14551,14073065206,23250
14552,40248886135,16540
14553,414307714,36570
14554,5325066880,35510
14555,36980688113,13890
14556,14488576352,30970
14557,39005083666,23120
14558,1332349029,500770
14559,906877153,52140
14560,1905843915,75800
14561,2091594545,49510
14562,724963256,48950
14563,894291895,37370
14564,45177524148,19230
14565,1346057886,81450
14566,6735664401,32260
14567,58185294563,26050
14568,83663456863,106320
14569,41294672559,24540
14570,49375053451,24600
14571,874300007,37570
14572,22930910141,20960
14573,8085474109,11000
14574,110877305602,106600
14575,649714857,52800
14576,62824168591,20180
14577,202249106977,14410
14578,65155562880,18910
14579,1094657149,76540
14580,31130056273,21240
14581,36858712786,14390
14582,260579702,47130
14583,78312033442,27590
14584,10270772425,18700
14585,1966501682,86120
14586,24792833125,13940
14587,85785499489,17670
14588,33839203965,26500
14589,26595548043,18830
14590,44771031966,30550
14591,3854371096,32140
14592,4596909356,34570
14593,182904087,45980
14594,226110679192,29410
14595,377417179,40740
14596,73155169420,27180
14597,27485259660,29160
14598,62790876487,25670
14599,2073284769,63580
14600,928505880,59280
14601,2892380145,71420
14602,2555179798,405810
14603,1529438290,61260
14604,2765291932,77840
14605,402845661,37260
14606,33950951213,23140
14607,1168231102,51910
14608,3246287795,34740
14609,1350557583,70780
14610,21639659977,19390
14611,553654429,39350
14612,18781364593,22500
14613,70364368344,134780
14614,137864928504,17020
14615,48363238717,16250
14616,673564716,64380
14617,23357523209,26850
14618,25553867219,28340
14619,15541274643,233980
14620,1333505985,59640
14621,54256815776,110190
14622,107899977125,100890
14623,52029375826,28290
14624,24809141090,206500
14625,70703191468,18610
14626,120887347990,14070
14627,1252210725,62950
14628,152300602,39380
14629,25950007188,23900
14630,79476434745,14560
14631,1698264549,33770
14632,384747464,42700
14633,18187169458,25340
14634,15878150283,15950
14635,2573671825,77000
14636,44422415232,197140
14637,32974521076,10950
14638,1371841249,654550
14639,34346403621,22250
14640,12282619838,32030
14641,47385819368,22260
14642,42871947931,113160
14643,25320306351,22860
14644,13519111647,21740
14645,45616050575,26400
14646,3648273793,53510
14647,1353588104,49040
14648,62932571145,10500
14649,919500002,37980
14650,69790911519,161950
14651,123379804398,136020
14652,24652206273,17190
14653,53605580266,21630
14654,41762742490,21620
14655,1159991754,36900
14656,1631738995,1000000
14657,4087412234,50030
14658,902383557,50770
14659,54325580362,11300
14660,18258613188,10450
14661,24234773005,33810
14662,56845599086,12790
14663,26411647433,18320
14664,1335767467,57190
14665,37824081128,27060
14666,154275345422,26670
14667,10545485697,32040
14668,4469941215,35720
14669,22859046034,23810
14670,163201723164,110400
14671,122422757273,109410
14672,24792833125,13940
14673,12564986713,25760
14674,4760730367,72170
14675,153490949,42200
14676,813552314,37930
14677,1484111911,51580
14678,3861523311,83140
14679,81479096,40820
14680,32841394868,25980
14681,65390376476,15420
14682,20751108190,23100
14683,48600534478,22090
14684,12529736670,25180
14685,29634990721,24500
14686,3371547607,94670
14687,715875897,54350
14688,30688222926,18130
14689,2206300998,34070
14690,1631738995,1000000
14691,1631738995,1000000
14692,1491645082,36880
14693,18646345859,20000
14694,4101767183,61630
14695,565766155,38310
14696,2067336964,49630
14697,1665837218,36020
14698,214509163012,29710
14699,41762742490,21620
14700,1107994614,64060
14701,14854935840,26000
14702,1090967488,77440
14703,2838364606,60680
14704,12506893704,18270
14705,30809472740,20620
14706,26583099214,26300
14707,2223560274,50440
14708,52254634753,30390
14709,75690663689,17930
14710,298788004,42040
14711,81678227427,162170
14712,13308638382,31750
14713,1263110742,51360
14714,1188774954,38970
14715,418257067985,29440
14716,572433011,79100
14717,4590788844,92180
14718,61011096116,106530
14719,1631738995,1000000
14720,745305738,68680
14721,48943470207,103840
14722,8079719363,262650
14723,666316070,38590
14724,196284093162,15910
14725,202015720,41660
14726,265841866,46180
14727,1539569393,64950
14728,113005204623,18960
14729,3138641103,376970
14730,30284885466,27360
14731,153490949,42200
14732,34217485574,30940
14733,4152824054,49080
14734,372969483,41580
14735,11094753535,31000
14736,13074074288,19580
14737,61847500193,99010
14738,563347692,38380
14739,147947861,41630
14740,597941274,39170
14741,2506162188,60810
14742,37806502832,19140
14743,2251229099,66340
14744,2167732122,76170
14745,21287332433,31890
14746,164095967719,11460
14747,862541609,38990
14748,33439660761,99700
14749,5921037305,10000
14750,79766442212,23530
14751,142772758871,101760
14752,1821577221,68500
14753,3379356103,36060
14754,15635220941,25060
14755,295129914,41400
14756,3393134503,330480
14757,13378711542,12600
14758,47495969857,25320
14759,1000363556,59660
14760,5212274845,32640
14761,1384821792,89110
14762,1421268512,35380
14763,373789449,37940
14764,282204831,40910
14765,69550393234,101800
14766,45808992390,11910
14767,743266878,36760
14768,1715767003,83580
14769,972303517,51820
14770,1670733819,49240
14771,5520291347,63120
14772,160541414308,17030
14773,384747464,42700
14774,40143322519,25720
14775,5447022944,33760
14776,16045577416,16000
14777,10358530455,16510
14778,621836003,89800
14779,2344575256,65380
14780,1760616848,33080
14781,33164507023,26260
14782,358643074,40050
14783,1863940880,60970
14784,21924780750,21010
14785,4504775868,34640
14786,172731825724,99990
14787,2290831354,54340
14788,13074164597,16600
14789,3272285989,93780
14790,163792207,46350
14791,32939692439,24350
14792,688768061,43230
14793,195756165,41940
14794,2291181094,50410
14795,1360456133,63380
14796,17141299216,31300
14797,20961781294,26960
14798,2431872851,36490
14799,39723842489,19880
14800,3891501599,94060
14801,1299941120,51260
14802,59521091475,17810
14803,1791587348,825310
14804,2399827597,48430
14805,1448551774,52360
14806,34681628225,27040
14807,23136038329,13440
14808,116013024,42110
14809,47298119510,96940
14810,6000734333,32020
14811,67877774794,102980
14812,8085474109,11000
14813,18741652662,21500
14814,3554277087,80890
14815,601281229,37760
14816,2287203315,56190
14817,237629093254,20570
14818,117500366502,22710
14819,74061640512,137220
14820,62729005900,163390
14821,130561641836,112530
14822,19844523867,19020
14823,422345095,39590
14824,8085474109,11000
14825,674617499,64330
14826,1831932265,69080
14827,926465885,65990
14828,1027484393,49120
14829,59591093401,25820
14830,972707849,64830
14831,4813000633,48120
14832,62923519,46140
14833,1113102121,64280
14834,30931706509,26560
14835,293028886,39540
14836,2199317834,53060
14837,10270772425,18700
14838,64153904362,20220
14839,19844523867,19020
14840,56191503927,24740
14841,39603242522,29780
14842,498814308,46570
14843,90359165,44280
14844,121622319344,25810
14845,1135105699,64160
14846,25253714483,23240
14847,1423750163,55290
14848,1537935129,75330
14849,91443744912,28990
14850,35618083107,15260
14851,78256468095,11450
14852,1731891694,35520
14853,22638781700,12580
14854,4767383029,90320
14855,4689412440,31900
14856,36808459328,28370
14857,64125362778,28720
14858,5223719939,32810
14859,59341344847,177290
14860,1661546047,79970
14861,836749559,66850
14862,41196050480,18460
14863,23067459600,16620
14864,15680717211,23050
14865,2439816565,73170
14866,7525980662,33060
14867,11094753535,31000
14868,16310027550,25050
14869,81031029396,129810
14870,4971763192,83930
14871,4257049967,89080
14872,1687879731,53750
14873,24665681208,17100
14874,1319374168,66610
14875,35681395866,25400
14876,43031454682,12840
14877,2338097222,56250
14878,57599509639,23380
14879,633021312,43070
14880,2794625181,34110
14881,2824601639,379820
14882,28239210726,26100
14883,1121868249,61570
14884,1834033395,57460
14885,400087054,38240
14886,8134293297,32780
14887,17577069175,13760
14888,56863531249,96200
14889,18478125009,31790
14890,1842677428,68380
14891,15484020783,13300
14892,12800337729,19080
14893,57107389399,27280
14894,14974145557,230300
14895,17825749906,26170
14896,2501056199,36220
14897,151092871204,29600
14898,261610061,42210
14899,292213082,45600
14900,5271110653,277050
14901,4656666641,80340
14902,576424133,39450
14903,270644675,43380
14904,46307523124,176940
14905,59465239307,22830
14906,223499994,39000
14907,91369064978,28730
14908,418831927,42770
14909,27681409375,27000
14910,45552700653,14080
14911,31108790427,28160
14912,1014435883,54580
14913,6377380700,22300
14914,690324251,66810
14915,44160343987,11900
14916,35809846307,25120
14917,177494472352,99270
14918,1518964227,85780
14919,29996142229,28860
14920,1537480779,80560
14921,72189263017,15720
14922,3578281662,32400
14923,981671806,49950
14924,48948792939,22680
14925,73433101347,142050
14926,48106561534,17680
14927,875063490,69420
14928,2125822701,83170
14929,674882483,37450
14930,877681671,40140
14931,133273569,47290
14932,35801704632,96320
14933,4345478463,323010
14934,31965056762,16400
14935,10460628957,25000
14936,52838154,46520
14937,3760028144,81530
14938,880429558,71140
14939,568458504,40550
14940,1631738995,1000000
14941,72787882081,24130
14942,35927370258,16140
14943,2036664112,50830
14944,48943470207,103840
14945,13937887246,31160
14946,43988405080,18250
14947,81352264643,145530
14948,2495007104,56750
14949,15328257395,26340
14950,1550593991,33590
14951,4834605913,88970
14952,160410122159,99400
14953,12506893704,18270
14954,5177465048,86180
14955,1055669548,58780
14956,850683698,53500
14957,1576456905,75100
14958,6633188074,32510
14959,66990287346,18160
14960,40855257342,21360
14961,50197576655,22190
14962,106332430,41700
14963,1775269617,50620
14964,28655336302,24520
14965,6847361817,24080
14966,135358201608,123240
14967,13380422730,23400
14968,123469909,44480
14969,16128464735,16150
14970,4605701781,72650
14971,132054384638,29840
14972,1430945583,55770
14973,53119614313,13540
14974,43580075260,20250
14975,119857806,43640
14976,1312899200,63960
14977,45949497479,30740
14978,5059100828,318590
14979,69949035266,23670
14980,2092435391,34200
14981,83884108589,25210
14982,1847025571,526890
14983,816577081,77500
14984,85719643942,160600
14985,13882870228,26070
14986,597608919,61620
14987,76552850656,14450
14988,24628664082,17600
14989,87837345348,123470
14990,37045766564,25640
14991,2088372141,58270
14992,345934961,41190
14993,28239210726,26100
14994,16679862710,26290
14995,1018301448,74730
14996,11540501738,32680
14997,57308021554,28980
14998,160706635,42020
14999,22638781700,12580
15000,4809580407,83620
15001,9966939481,21600
15002,82426733686,137790
15003,22210244914,32830
15004,23211945639,26450
15005,20022503287,20060
15006,52059997494,30640
15007,386209859,41990
15008,190426979,39620
15009,100658279384,133720
15010,36821475109,19320
15011,18803265229,14600
15012,1290273194,57370
15013,1149037679,49250
15014,64155909706,173120
15015,855279357,57200
15016,1137744856,78750
15017,384404229,41610
15018,1188872627,37830
15019,953393809,35120
15020,4380405380,93250
15021,451108847,37630
15022,11612366711,22590
15023,58789430977,17450
15024,1490805317,89150
15025,7525980662,33060
15026,5228021248,71320
15027,1997116331,47830
15028,101257967,45120
15029,223499994,39000
15030,69486195,47140
15031,101257967,45120
15032,68827732899,25160
15033,1371585985,84230
15034,2096778487,57960
15035,1762465936,64030
15036,6000734333,32020
15037,12529736670,25180
15038,16072268789,188330
15039,20927200744,15450
15040,2247375375,52320
15041,2315728248,73100
15042,28694947024,27200
15043,850217919,61980
15044,27040456284,12380
15045,3074744578,362640
15046,10136440557,30560
15047,567108774,54800
15048,202243909,46340
15049,2368906458,34220
15050,23521342765,20400
15051,11032617875,271640
15052,4460435102,81340
15053,68788084373,24940
15054,1655272260,35850
15055,11011037285,268570
15056,87832138267,116980
15057,3485665597,86280
15058,2345525975,78500
15059,36126099993,28700
15060,8746143840,15800
15061,2648203473,49720
15062,8248201123,34260
15063,59096534,43140
15064,1976942485,78800
15065,1143258656,42760
15066,21343667691,12880
15067,1751423990,36320
15068,46926914826,118600
15069,52243000685,22470
15070,1202677173,66400
15071,97616537019,101130
15072,1744107747,69520
15073,2401173053,66130
15074,1031451474,61430
15075,1219557706,73840
15076,19533110212,19500
15077,101083304,44010
15078,32496142247,118050
15079,3339688532,35240
15080,72436479231,20420
15081,967689915,34700
15082,4372738207,79830
15083,1193032635,72090
15084,2107442319,57580
15085,2749056641,53630
15086,25668970958,168240
15087,27153562936,19380
15088,135604023,46800
15089,1848522896,37320
15090,68426394282,14120
15091,42212233279,10720
15092,34005205205,17920
15093,2294182251,56410
15094,1484111911,51580
15095,3599055313,50940
15096,1668418686,57590
15097,166276322,46990
15098,105929741,41000
15099,40731906665,23960
15100,20646758302,114290
15101,208808126,45020
15102,55010430037,26160
15103,10358530455,16510
15104,166276322,46990
15105,5103326476,332610
15106,149527371046,29300
15107,105753092804,29010
15108,132539028920,10810
15109,28700930732,30570
15110,9096597453,23940
15111,1322678546,67920
15112,654116258,43660
15113,31965056762,16400
15114,2193159158,36560
15115,16920717376,22800
15116,36972142743,15590
15117,1194376822,56790
15118,49235057290,20100
15119,39814103731,30630
15120,776833593,63740
15121,16576179451,31080
15122,20113483905,31210
15123,1631738995,1000000
15124,1655272260,35850
15125,86371082020,108720
15126,15877656541,24250
15127,20901158710,220170
15128,18185879826,246300
15129,4537718018,87540
15130,11659229337,30730
15131,78950420165,26940
15132,726757896,50400
15133,114889387313,18430
15134,20334120816,19250
15135,1359654157,809010
15136,480048136,43060
15137,25009359999,15920
15138,33854502558,23450
15139,156230957,44690
15140,1046261340,48700
15141,1631738995,1000000
15142,260579702,47130
15143,49989577,44660
15144,58852466552,14380
15145,374557932,41540
15146,2911464827,37880
15147,19765776310,24060
15148,10588033325,23680
15149,27839817214,10340
15150,2199235765,74580
15151,2685223976,35800
15152,15716367775,26470
15153,21894588801,23600
15154,54695173606,131460
15155,179096805,45140
15156,1099842406,78690
15157,52243000685,22470
15158,18646345859,20000
15159,39915727804,10040
15160,32025620892,24200
15161,1859526782,33480
15162,904772282,63850
15163,65952783801,145080
15164,862541609,38990
15165,13262870369,30950
15166,47385819368,22260
15167,2084742394,84500
15168,45228378494,19210
15169,1832651952,37590
15170,28831914222,15780
15171,926465885,65990
15172,35344470911,16750
15173,23735100865,25780
15174,738761839,81500
15175,79433080275,121940
15176,2245268628,49800
15177,83884108589,25210
15178,1826630976,52200
15179,18478125009,31790
15180,1036129032,85900
15181,5920367305,33720
15182,142477311829,11010
15183,842759148,58420
15184,148140845,44800
15185,842759148,58420
15186,306243809,47450
15187,1089718676,78420
15188,31229562343,30500
15189,17889528816,238010
15190,114584242089,117820
15191,6740202111,31940
15192,239984672,46290
15193,2336311906,56480
15194,9131255530,17200
15195,228597121965,12740
15196,674481478,46830
15197,12175959216,13600
15198,22875006614,30060
15199,28286652085,17040
15200,192894571,47540
15201,166702302693,109280
15202,36092934622,25070
15203,1042940702,48440
15204,2135849510,58660
15205,5080182281,86260
15206,18902576810,32880
15207,2005983321,71380
15208,121312134312,24760
15209,956485407,37720
15210,762762186,53960
15211,37345174129,19470
15212,59593844653,24620
15213,1017279770,68610
15214,4520760530,89590
15215,30115678114,18480
15216,93213766,42900
15217,11025691108,31410
15218,761417391,63780
15219,1120085119,37190
15220,527175044,52500
15221,12738484404,20430
15222,1411430031,35270
15223,1808092787,52590
15224,56730751704,22520
15225,1167039050,91520
15226,10358530455,16510
15227,1033693647,65640
15228,28532854762,20320
15229,33661785903,26790
15230,42314901991,175810
15231,15256087012,10300
15232,6035310102,31380
15233,38199392376,11860
15234,89738014732,129280
15235,2177752257,65810
15236,105056200755,100320
15237,1517608188,57600
15238,959023675,60090
15239,48879509064,20260
15240,4771683719,57140
15241,1259904570,77760
15242,572433011,79100
15243,16680645035,13750
15244,50559388087,14490
15245,3049463999,59500
15246,56934598928,20020
15247,110998318,40800
15248,9131255530,17200
15249,299065959,41090
15250,37768543418,27850
15251,1190480370,48180
15252,965205293,74360
15253,1631738995,1000000
15254,5024978101,55570
15255,868116865,55960
15256,169631376,41300
15257,36291091355,20440
15258,4132531439,71770
15259,42486529686,26920
15260,58499686560,98780
15261,16045577416,16000
15262,52981205796,11590
15263,214510322,38400
15264,2845561577,54230
15265,119270427227,28890
15266,32670578675,26700
15267,1047695139,36640
15268,57599509639,23380
15269,59384253847,104840
15270,1762123138,543630
15271,317261577,41620
15272,89194249997,95980
15273,16662598179,19520
15274,953393809,35120
15275,49275798206,21420
15276,2140553864,34510
15277,27759015979,10200
15278,103632938719,17990
15279,699075445,35620
15280,71416975581,22780
15281,1228084738,58880
15282,39723842489,19880
15283,28809671951,15600
15284,2083888809,48360
15285,1444506076,95240
15286,1006713557,57270
15287,4966059338,14200
15288,69949035266,23670
15289,61709873190,25610
15290,3359400246,86350
15291,33454510396,26210
15292,6605409452,32170
15293,3951431052,32650
15294,3498297848,74870
15295,28382266408,21540
15296,117082877867,128710
15297,50500077393,23440
15298,1159485311,50740
15299,1951946373,515050
15300,15706772192,17250
15301,684095423,40630
15302,47587072634,16460
15303,24235127208,27020
15304,5859257056,54710
15305,1622094122,71400
15306,101819074353,29870
15307,1146941319,76120
15308,11100172951,254140
15309,109888375014,27820
15310,28694947024,27200
15311,18803265229,14600
15312,1076951788,66780
15313,1665837218,36020
15314,34229453564,21040
15315,8522526669,30800
15316,26011446033,28380
15317,211991544,43390
15318,1631738995,1000000
15319,83842384078,24040
15320,46303638989,30610
15321,102844372821,98970
15322,2239027791,56760
15323,883120780,51860
15324,116036772,44830
15325,372571834,43990
15326,654665891,75580
15327,471868313,41810
15328,1260568693,69010
15329,268458850,41210
15330,19765776310,24060
15331,24457461251,19950
15332,62813450997,97090
15333,4142245630,32460
15334,25782815157,19980
15335,16544868120,31140
15336,10688901513,31100
15337,112266243,42940
15338,4280479297,73890
15339,1826630976,52200
15340,2266025657,72440
15341,14216936880,18600
15342,179035308,42420
15343,28831914222,15780
15344,883120780,51860
15345,119819066,47500
15346,15484020783,13300
15347,679209690,80820
15348,1725879853,49850
15349,70498292717,24650
15350,47114185728,27210
15351,3553365163,64770
15352,37634954045,125310
15353,788233471,46610
15354,15095599100,33030
15355,768212974,54700
15356,2794625181,34110
15357,374557932,41540
15358,263361828,39290
15359,460217872,37920
15360,405438678,38750
15361,13077299177,15620
15362,62923519,46140
15363,2378644162,87340
15364,2491331071,83790
15365,78026959772,13740
15366,2824585527,415720
15367,11702591275,20800
15368,14720086762,21150
15369,502382014,38370
15370,477888695,41680
15371,601281229,37760
15372,2439367630,55890
15373,1976465254,53110
15374,61881958942,107880
15375,84528517593,110470
15376,121312134312,24760
15377,20707959506,18860
15378,2257677570,749970
15379,148140845,44800
15380,28239516012,25200
15381,71885048,43750
15382,202944663,44430
15383,875954773,67540
15384,1043748304,53300
15385,330270936,44420
15386,1049140050,50300
15387,12199064894,32610
15388,31473491054,24700
15389,36306342004,103440
15390,31272637609,23520
15391,22259829553,32180
15392,35681395866,25400
15393,132054384638,29840
15394,514580279,38650
15395,134380200879,10350
15396,1305674784,60270
15397,32814418308,25310
15398,53443551626,23660
15399,11967065850,241870
15400,4249796863,76520
15401,4675288765,332260
15402,197992481403,27690
15403,1458940792,70960
15404,52254634753,30390
15405,1210094349,38980
15406,1617052625,862370
15407,326793235,39870
15408,30151465309,111510
15409,1761245488,53210
15410,2899573327,68210
15411,176992225112,100100
15412,77726524145,14180
15413,61225260345,18720
15414,29361750902,204550
15415,2105853561,70040
15416,120343718803,12890
15417,52728599236,17410
15418,59238093822,98620
15419,59727396766,22140
15420,555654719,91250
15421,1254631340,59930
15422,1682361896,76320
15423,1456394858,56070
15424,1575050887,69150
15425,17837658980,30980
15426,117931391131,124710
15427,1436512900,80300
15428,3761179966,51190
15429,1466303822,66700
15430,128645761906,13260
15431,23530631499,26320
15432,21332525229,18200
15433,3475875261,34010
15434,1398713553,66550
15435,20751108190,23100
15436,25009359999,15920
15437,2344932417,52860
15438,151135517049,11960
15439,1903496534,74180
15440,1296366488,72080
15441,614898278,90950
15442,31646471750,23350
15443,30175688980,219890
15444,15139950852,12000
15445,97628869181,115070
15446,158230077,46430
15447,1167681625,37130
15448,823961845,59440
15449,70825573759,26430
15450,1652644970,38290
15451,1631738995,1000000
15452,116720651,42800
15453,16538531662,223870
15454,71825248297,22560
15455,287272676,42270
15456,634159836,38960
15457,89743424223,100020
15458,47262781,47000
15459,4584263012,33070
15460,123946051814,134730
15461,1553880175,35150
15462,745431878,48840
15463,4502016299,92590
15464,15118294498,27010
15465,5497574956,31420
15466,1351713246,80500
15467,148629555450,112210
15468,374027963,39570
15469,26785007357,24570
15470,2503861552,62270
15471,881194508,92560
15472,5108323940,66080
15473,160171032172,10820
15474,1888308830,56180
15475,10569981257,276490
15476,3951431052,32650
15477,602975433,76640
15478,290202607,43010
15479,1033577746,36040
15480,18245872058,25530
15481,72787882081,24130
15482,784033480,64250
15483,14579573526,233910
15484,33036051309,25960
15485,356588253,45270
15486,31990133058,129140
15487,184806723889,98360
15488,1456335692,49980
15489,18478125009,31790
15490,2605636462,49940
15491,71885048,43750
15492,31624462478,27350
15493,110028715201,133890
15494,183938076,43880
15495,13549969722,17840
15496,142547549021,112460
15497,33839203965,26500
15498,853388529,53740
15499,999240298,84180
15500,1487019132,78560
15501,2007983581,92050
15502,771354941,37120
15503,38782961621,15440
15504,338272219,40690
15505,845600984,66500
15506,882415535,83510
15507,638638094,38800
15508,434613057,36160
15509,31991224480,27270
15510,64352896229,159180
15511,11253340546,31780
15512,6377380700,22300
15513,133704853279,29420
15514,3009299449,34350
15515,2627217410,82780
15516,330837736,42520
15517,15952412483,14020
15518,957792398,39530
15519,34301978873,23230
15520,3399305975,367550
15521,127157407655,106870
15522,7694107713,24900
15523,1295678159,62200
15524,159102163,38880
15525,3770692583,90540
15526,58138179192,26930
15527,40341373483,184100
15528,3241090148,89960
15529,1193484985,53040
15530,1013675216,90830
15531,32881649327,16860
15532,1870988809,66240
15533,9919888708,27740
15534,1460412648,65020
15535,98361755870,28680
15536,190037387,42050
15537,1748479526,33170
15538,53744940,44890
15539,307772374,44470
15540,2630933526,84540
15541,50734035423,15480
15542,17596863824,27450
15543,3231478644,83340
15544,2362906105,87830
15545,1368972207,41310
15546,1523689451,54560
15547,251591762,45820
15548,222645114,41250
15549,525710008,38360
15550,64827560,43890
15551,49124583227,22610
15552,22259829553,32180
15553,71416975581,22780
15554,20982986249,28850
15555,36627299455,15640
15556,5139345535,34090
15557,7336200024,34130
15558,59025965087,175590
15559,15348844245,17480
15560,62337635512,12950
15561,3200723221,33530
15562,1121868249,61570
15563,179942021,37600
15564,2845281577,60420
15565,106111499826,27580
15566,5462172903,72510
15567,72275575737,18690
15568,47295092406,24330
15569,1734621282,66190
15570,11214989092,22980
15571,855319314,36680
15572,121966366,40100
15573,10805296946,32520
15574,1465363738,86660
15575,57107389399,27280
15576,1003974561,40130
15577,19516679946,24000
15578,56822468980,22880
15579,72092802011,107780
15580,23623676402,21560
15581,61563420094,101500
15582,210259093,41340
15583,2309399575,35000
15584,2401286948,71700
15585,1640042319,50160
15586,2794851884,65750
15587,1631738995,1000000
15588,95159958857,12660
15589,10093236863,19400
15590,1535591846,91670
15591,598331337,37500
15592,583181080,38200
15593,79450298639,117080
15594,136237660,45940
15595,132211609,46940
15596,6035310102,31380
15597,20751108190,23100
15598,7482461713,34480
15599,9073676657,24880
15600,134745205189,18140
15601,35846434103,12550
15602,47145317344,16890
15603,34816312754,14470
15604,38137425611,30680
15605,76552850656,14450
15606,48477139296,12460
15607,46847440574,28300
15608,5260392652,77510
15609,179096805,45140
15610,23147324466,203780
15611,3754574273,282640
15612,56934598928,20020
15613,6385068170,315400
15614,48528795678,14650
15615,1694093869,36440
15616,3109143947,32240
15617,17919348647,24840
15618,815937496,67180
15619,1531744985,90720
15620,30155432199,16290
15621,691354610,35550
15622,9783894568,33620
15623,187737179832,14330
15624,25428119907,210100
15625,9131255530,17200
15626,1097818492,83120
15627,2119808944,60710
15628,4164414042,92700
15629,146824871292,13780
15630,1496051077,79980
15631,5207892040,10600
15632,20209723738,17710
15633,2649774732,33750
15634,28303784697,16720
15635,4424944880,32620
15636,19845625125,16240
15637,440846499,44130
15638,15706772192,17250
15639,1553880175,35150
15640,2627285445,65410
15641,159528715388,23580
15642,1970123211,768670
15643,43015567891,160450
15644,1261089054,54600
15645,354842260,41130
15646,1705143848,32200
15647,824382934,59410
15648,75981964629,27620
15649,13074164597,16600
15650,216522743,46040
15651,154422718435,101810
15652,2206300998,34070
15653,74165287901,30130
15654,1441816731,52480
15655,124078565664,125620
15656,249824200,46270
15657,31089882361,108760
15658,113566808087,27870
15659,28113089979,19110
15660,20982986249,28850
15661,1943206095,60390
15662,40619608490,19350
15663,45940864219,18280
15664,598331337,37500
15665,15486099417,26720
15666,3447142258,36030
15667,7623443849,18500
15668,119100849015,28940
15669,33518149284,12080
15670,9919888708,27740
15671,18803265229,14600
15672,17837658980,30980
15673,18010885233,25740
15674,23067459600,16620
15675,18032677363,18350
15676,472545976,42430
15677,33935243550,21570
15678,6714501360,11440
15679,2204315345,69460
15680,1358865881,55690
15681,73918584107,107250
15682,21708211240,24810
15683,267098031,46100
15684,6122810220,68490
15685,21332525229,18200
15686,2790851456,34450
15687,18258613188,10450
15688,91856319674,116900
15689,12874612989,32350
15690,8522526669,30800
15691,29634990721,24500
15692,36345144089,13520
15693,61598617140,25790
15694,26530295654,11950
15695,1313471676,69840
15696,42053547758,24320
15697,1720037207,54420
15698,4076774302,79410
15699,1075808125,58290
15700,115955976607,140960
15701,55658814898,29760
15702,1696559660,90520
15703,16656548476,17500
15704,18628129908,24380
15705,37076423390,25550
15706,57050127055,16050
15707,1631738995,1000000
15708,3475875261,34010
15709,32696858199,12020
15710,55293907816,25350
15711,27382133872,24980
15712,55410056978,15770
15713,56269074847,13660
15714,127610593098,16230
15715,1907071226,617200
15716,1020253916,62460
15717,1070307467,51720
15718,2336311906,56480
15719,1749197112,53080
15720,502382014,38370
15721,3977770380,79870
15722,1404498551,50420
15723,23530631499,26320
15724,127243215340,123610
15725,104575630475,120600
15726,21977773248,20280
15727,4077505210,31450
15728,1022909091,49300
15729,50157663560,16760
15730,62142363351,24390
15731,55987971004,15160
15732,83892829452,11150
15733,1138035508,67470
15734,43580075260,20250
15735,576424133,39450
15736,26852757475,15650
15737,60217269,43920
15738,1100532596,37480
15739,1419538235,89570
15740,98375405480,150370
15741,20043163240,13800
15742,53409349832,10100
15743,15191488957,226780
15744,33164507023,26260
15745,30960317809,18900
15746,1223137732,73210
15747,951656589,57860
15748,608369571,40500
15749,5645660928,62870
15750,48312530911,33510
15751,23067459600,16620
15752,89115064498,24290
15753,951750497,77220
15754,47005371111,18420
15755,14789513945,19790
15756,2378646999,54020
15757,396238468,38760
15758,1139755417,52730
15759,123396054,45890
15760,15101702599,12500
15761,22851451315,30700
15762,1306399170,86700
15763,103920474236,23110
15764,1304419090,48060
15765,60734190187,22550
15766,1066932586,63440
15767,1575050887,69150
15768,19733236061,17650
15769,42086966196,21550
15770,47788817752,18570
15771,1440792075,81460
15772,18157672735,22620
15773,76499235718,21430
15774,1866894631,94120
15775,878815721,58460
15776,48989402292,27190
15777,143839095801,22070
15778,169739280728,97260
15779,15118294498,27010
15780,107323519,43080
15781,670293721,36120
15782,1631738995,1000000
15783,77726524145,14180
15784,39604028268,18020
15785,48363238717,16250
15786,15978951658,28580
15787,55997509348,28140
15788,36554885532,25900
15789,16184474004,178140
15790,28592621127,21220
15791,107204486591,139790
15792,18646345859,20000
15793,81979205232,128920
15794,43069409942,10840
15795,1683707154,53190
15796,2373947519,72260
15797,27021423680,23390
15798,5295609218,34770
15799,32939692439,24350
15800,1937774565,88520
15801,1502193693,48150
15802,536173429,38050
15803,2967167495,52230
15804,39937412905,22960
15805,28280242518,22970
15806,207607573,47600
15807,619356231,64410
15808,1311039891,71100
15809,122132101,41760
15810,11942868994,33520
15811,357850812,58600
15812,64387235118,22490
15813,52022327352,15380
15814,20753605114,20720
15815,1450494928,75550
15816,2390395359,91050
15817,43031454682,12840
15818,71416975581,22780
15819,260318545,43850
15820,967689915,34700
15821,1370358993,49700
15822,1188828765,85100
15823,63247325082,25950
15824,101819074353,29870
15825,2309399575,35000
15826,253425413,38450
15827,21319622040,18000
15828,80304750348,10850
15829,369908415,39250
15830,730109728,38320
15831,20043163240,13800
15832,514580279,38650
15833,84407391121,104940
15834,23801859917,22540
15835,1631738995,1000000
15836,1072061769,37020
15837,1037414594,36600
15838,12755555429,17470
15839,49843543,43250
15840,66017402123,24160
15841,20164471771,17150
15842,476636108,39420
15843,1461507626,64740
15844,1581208047,51480
15845,967689915,34700
15846,1138035508,67470
15847,736721323,77300
15848,27681409375,27000
15849,166485893796,105870
15850,14488576352,30970
15851,1090037166,40950
15852,1656347348,39470
15853,932425658,38850
15854,42685269622,22770
15855,47041105128,26910
15856,19913212122,14400
15857,1899705042,58440
15858,4711585919,35300
15859,15957156660,22510
15860,3622484098,77710
15861,533881375,39200
15862,58339597241,27220
15863,69067941716,24120
15864,37717196238,21760
15865,609297051,44360
15866,20249118852,23150
15867,481329814785,29630
15868,49567566189,23910
15869,893703643,62130
15870,40498004790,24590
15871,1207611541,54140
15872,1631738995,1000000
15873,1631738995,1000000
15874,21639659977,19390
15875,68131431493,117040
15876,112358064044,134630
15877,19889035527,21700
15878,54194807280,15240
15879,3536561824,87520
15880,17872142543,14300
15881,21018328003,25940
15882,152756057,46300
15883,1008260659,51680
15884,107148863950,14570
15885,6377380700,22300
15886,81354161288,24990
15887,37345174129,19470
15888,9639593844,34610
15889,548747932,64600
15890,238694377,45640
15891,54032546352,21250
15892,163594944,41850
15893,27681409375,27000
15894,36372739840,19960
15895,40919572290,11940
15896,59560593569,159320
15897,72572308796,102860
15898,925980872,39110
15899,10021897467,23200
15900,31181304332,130240
15901,39915727804,10040
15902,28535155489,17700
15903,2017419158,49420
15904,107813967,41800
15905,1597005112,56210
15906,509634744,46580
15907,287077495,39580
15908,19447024870,25860
15909,1317287808,77160
15910,28452409701,11650
15911,14720086762,21150
15912,81196639816,26030
15913,2790851456,34450
15914,61384459361,20110
15915,31980352960,19540
15916,428047614,44270
15917,3054559649,91950
15918,1645557202,78380
15919,14401704407,16500
15920,80104964039,29280
15921,53799554756,21120
15922,856073182,53580
15923,1468866210,77120
15924,6377380700,22300
15925,52177829725,15080
15926,17483253829,26420
15927,2815028299,73910
15928,533581486,39240
15929,15212996425,14000
15930,22825466302,31880
15931,14853559028,18560
15932,12741993283,30860
15933,455852946,39080
15934,37717196238,21760
15935,4966059338,14200
15936,39937412905,22960
15937,5488637938,31660
15938,1171443381,93490
15939,26678147130,25420
15940,49535555271,12750
15941,50966244795,182070
15942,13077299177,15620
15943,91556315041,24770
15944,1539279228,47890
15945,33535152814,30330
15946,24263189038,13000
15947,4274753450,32720
15948,7257186632,33990
15949,2010622969,84160
15950,768322602,37090
15951,103388181430,13570
15952,638235790,57100
15953,64266229155,150880
15954,310240902,46670
15955,598151154,63040
15956,37083274318,28440
15957,124132070,43940
15958,557786206,41410
15959,30081491997,17620
15960,47615883511,27100
15961,153490949,42200
15962,298707558,40180
15963,36227601026,199510
15964,1269075816,64150
15965,58834641795,20890
15966,1900768854,74400
15967,44802303961,17970
15968,417147839,38580
15969,78950420165,26940
15970,16671615759,17000
15971,69003774696,162250
15972,700124582,58950
15973,87818480862,10580
15974,4564211677,36010
15975,21631552444,26750
15976,240474175,39830
15977,15415977530,15000
15978,38470708918,13380
15979,40143322519,25720
15980,1918516438,73600
15981,2436592225,61530
15982,114174616,43680
15983,33973621953,20850
15984,9096597453,23940
15985,26492773281,27410
15986,31120345513,27610
15987,19889035527,21700
15988,6605409452,32170
15989,104695920952,12410
15990,1466271160,53540
15991,99334611619,95750
15992,1182759027,35840
15993,158432661753,114950
15994,4201399821,85470
15995,4941981672,65630
15996,18741652662,21500
15997,78929501822,20330
15998,73787733197,20530
15999,16680645035,13750
16000,3196093679,33850
16001,2767961740,400590
16002,548747932,64600
16003,27237505980,20300
16004,183865535,42890
16005,22991081487,104340
16006,60217269,43920
16007,135439121417,21190
16008,60640256246,120800
16009,143604743239,29540
16010,1067829889,48750
16011,7748905795,51010
16012,1034853663,70190
16013,883575286,47950
16014,9618791272,32560
16015,12635210498,23500
16016,179096805,45140
16017,1405592789,35140
16018,39937412905,22960
16019,1834858544,71450
16020,18032677363,18350
16021,15824340416,31220
16022,16310027550,25050
16023,230809744,47350
16024,1756027831,56360
16025,19765776310,24060
16026,27952875367,155800
16027,5023084202,33960
16028,910377011,60300
16029,119427252026,29260
16030,971375384,50500
16031,3172887491,35580
16032,84875575194,16870
16033,1687962234,51460
16034,4417038833,74800
16035,730046525,40470
16036,35090206655,111180
16037,530805181,64920
16038,61598617140,25790
16039,47572858350,28950
16040,9666645468,20920
16041,936959939,76770
16042,78312033442,27590
16043,27825526306,17900
16044,9966939481,21600
16045,72926475548,24420
16046,1413353151,60170
16047,1894806595,87700
16048,1086538446,52380
16049,3811228448,68440
16050,1494231887,62340
16051,43638851183,25970
16052,156878674799,16030
16053,1611957411,75360
16054,21287332433,31890
16055,328193623,42820
16056,12830333683,240850
16057,9966939481,21600
16058,106028725,47240
16059,1381904147,66150
16060,38647994849,100140
16061,862541609,38990
16062,922409550,37460
16063,9131255530,17200
16064,1176188979,63600
16065,64864154,44620
16066,2662245632,57030
16067,38417247492,173240
16068,1008260659,51680
16069,1650361804,65650
16070,72802135686,164020
16071,2381508863,34750
16072,4521011669,32840
16073,5373137015,74590
16074,17500395948,24800
16075,99567606040,14220
16076,78999070290,27980
16077,207929605,46590
16078,87565834116,116220
16079,25703828160,31760
16080,10777764971,11400
16081,143183014,47550
16082,14488576352,30970
16083,513236362,37300
16084,69085430114,23410
16085,107143949,47760
16086,290299518,42530
16087,5066977935,82870
16088,3432960535,34580
16089,23122731626,31260
16090,76474439181,28190
16091,92090626420,124700
16092,69067941716,24120
16093,16810611257,21690
16094,1270366445,894760
16095,1600360913,65160
16096,44301316936,26060
16097,35618083107,15260
16098,57757055267,24470
16099,49427172601,30040
16100,59326747707,160990
16101,311863168159,13470
16102,3641459255,34730
16103,51679915133,17270
16104,24846613522,18800
16105,2037603144,66920
16106,69114976649,156620
16107,19381245471,32370
16108,29314298321,184700
16109,242753741,45630
16110,495539667,80380
16111,2344177850,56900
16112,1094495902,60040
16113,1524529093,36390
16114,1715736302,68460
16115,18567186251,34330
16116,411328572,77600
16117,48924219597,31030
16118,441296639,38190
16119,38025505020,18060
16120,1137744856,78750
16121,479934366301,10620
16122,102606719153,96820
16123,65406865703,17280
16124,773295980,44630
16125,113307658460,30240
16126,1866781079,94680
16127,4966059338,14200
16128,64153904362,20220
16129,47744486793,25080
16130,148522245,45860
16131,49567566189,23910
16132,250867977,37200
16133,92054192346,26710
16134,29805533500,110900
16135,62050792018,17220
16136,1618418175,71610
16137,1437069646,67740
16138,1760161574,74160
16139,835522598,84980
16140,2090270059,81160
16141,519809320,46090
16142,1550593991,33590
16143,290690343,38350
16144,382563038,38040
16145,147886367381,98850
16146,16671615759,17000
16147,115258935619,17890
16148,90471765578,104530
16149,319486385,44600
16150,6825304777,31500
16151,1333987616,37430
16152,30809472740,20620
16153,47788817752,18570
16154,293028886,39540
16155,2610749738,34800
16156,72024658162,19840
16157,49218116867,20120
16158,34174865717,27510
16159,5594405326,60160
16160,40581309322,21180
16161,25722412644,32230
16162,9666645468,20920
16163,50197576655,22190
16164,6968645360,13500
16165,176385990117,28960
16166,256513486,47340
16167,30081491997,17620
16168,906316090,67440
16169,190549174032,10670
16170,13074164597,16600
16171,2294200515,86070
16172,79866921323,16780
16173,832985005,54370
16174,14720086762,21150
16175,5563729457,34240
16176,726757896,50400
16177,189944999497,95580
16178,1631738995,1000000
16179,2313591278,33800
16180,5392852585,34060
16181,3095178355,35230
16182,96183231348,13510
16183,22199368675,26540
16184,28452409701,11650
16185,9816664858,31180
16186,150034658240,119960
16187,6837950701,31860
16188,122640276,42080
16189,46847440574,28300
16190,1084602473,85440
16191,190696698792,13160
16192,22750135145,21320
16193,18010885233,25740
16194,84759813311,22230
16195,22887395746,19600
16196,50010969395,13840
16197,39723842489,19880
16198,25922689803,25100
16199,34785681833,20740
16200,1631738995,1000000
16201,1052699654,53590
16202,23573752577,20830
16203,16155825035,32270
16204,2018644075,48010
16205,829909192,54400
16206,2199000097,72060
16207,36799869133,20760
16208,1631363849,50640
16209,169410838450,11580
16210,106332430,41700
16211,107331015328,100230
16212,4564211677,36010
16213,18741652662,21500
16214,414307714,36570
16215,107813967,41800
16216,2761248154,337410
16217,660495848,59160
16218,48422643274,26180
16219,9919888708,27740
16220,6113327451,33120
16221,454322706,47720
16222,94118417262,13690
16223,4266008988,84300
16224,2191721763,48310
16225,50500077393,23440
16226,39005083666,23120
16227,1643631467,35950
16228,41213701,42920
16229,159793980,46900
16230,1089890313,60050
16231,1635594095,72990
16232,2825355592,48370
16233,2136365321,91810
16234,104040411044,15410
16235,3025886092,62070
16236,1094648866,36850
16237,5370705640,86370
16238,372410083,39690
16239,10460628957,25000
16240,257565834,47010
16241,1718473849,71270
16242,75468881950,23570
16243,26678147130,25420
16244,32635120117,11200
16245,310467925,46230
16246,27040456284,12380
16247,87077584374,28630
16248,86210728663,24310
16249,135604023,46800
16250,96699445352,95600
16251,15256087012,10300
16252,4143814611,34460
16253,75125954302,28210
16254,47420037135,21790
16255,20043163240,13800
16256,18305845572,17240
16257,70347446419,16040
16258,49976728922,153350
16259,1631738995,1000000
16260,2958651480,366450
16261,45780043775,140900
16262,36306342004,103440
16263,2343389332,51500
16264,361595964,42980
16265,1753866508,84050
16266,6424721945,54170
16267,2013767915,72400
16268,105021229,45810
16269,396238468,38760
16270,32673247777,22670
16271,254593710,46600
16272,2954615209,52790
16273,76774785576,102710
16274,516857788,48100
16275,1498263287,55280
16276,11740205694,25700
16277,1217708896,38830
16278,7326877173,32850
16279,37455535968,17760
16280,2273718244,47920
16281,127327248996,18490
16282,1249796966,57920
16283,89493331597,146940
16284,64366923441,23460
16285,42448808126,17490
16286,47586104423,158700
16287,1419538235,89570
16288,52212028291,24490
16289,5597469606,66090
16290,39149199429,14900
16291,47327142953,30120
16292,2650769718,34950
16293,52430894618,164650
16294,49757579097,12560
16295,538782591,61650
16296,8746143840,15800
16297,1605327369,56460
16298,8967539344,32150
16299,17967957924,18030
16300,48326487621,18120
16301,1943431977,87690
16302,1598351374,57800
16303,3677979128,33900
16304,34301978873,23230
16305,1265260946,33680
16306,1631738995,1000000
16307,1075808125,58290
16308,44802303961,17970
16309,1694119847,66250
16310,11025691108,31410
16311,1255704882,57660
16312,247916999,46440
16313,9966939481,21600
16314,4373329890,72100
16315,2436777196,71280
16316,342042513,66890
16317,1144048438,48250
16318,1351713246,80500
16319,66362318261,13350
16320,238295547,44380
16321,853388529,53740
16322,4433738207,356090
16323,355284019,42120
16324,1161709800,56630
16325,803787580,47960
16326,408881710,44240
16327,28089729007,31110
16328,405438678,38750
16329,2838091301,439140
16330,2850239164,74030
16331,124975234870,131360
16332,517739161,39810
16333,15706772192,17250
16334,13013575496,32340
16335,954684584,47900
16336,2551274877,88160
16337,84622031903,22130
16338,1168547802,88050
16339,46838785900,27880
16340,44802303961,17970
16341,18973023210,21200
16342,521084640,45000
16343,1277127650,37540
16344,691354610,35550
16345,41294672559,24540
16346,80532746381,128830
16347,1643631467,35950
16348,1890360831,66620
16349,1411060184,85320
16350,26954502836,21890
16351,2105572640,57850
16352,21319622040,18000
16353,34735369733,110150
16354,839909381,78000
16355,150764185261,29500
16356,18298812721,27600
16357,38379128084,14740
16358,81968479692,14320
16359,26794617770,13400
16360,1924708325,35010
16361,212303552895,29800
16362,137417871,46150
16363,15018153817,21660
16364,141255540,41950
16365,91259832415,14990
16366,34346403621,22250
16367,5344737690,76430
16368,59591093401,25820
16369,1985371109,47970
16370,1517132762,34250
16371,30859014812,23560
16372,33128794370,29190
16373,775088116,55490
16374,152267874,42000
16375,1536337998,72630
16376,1655272260,35850
16377,237003670,43450
16378,1566449225,87870
16379,179815424,42830
16380,61709873190,25610
16381,27153562936,19380
16382,16371576203,26900
16383,1454470038,55970
16384,25120547973,32530
16385,733159212,45210
16386,41052939509,18390
16387,36345144089,13520
16388,6169902025,306520
16389,34327482638,11420
16390,45403635847,105940
16391,19820949925,25090
16392,538782591,61650
16393,16956918425,12250
16394,106111499826,27580
16395,26381824151,30230
16396,94118417262,13690
16397,70417002287,100780
16398,1002553055,55010
16399,1752615712,83680
16400,5497574956,31420
16401,13612873729,22850
16402,278418155,43790
16403,153490949,42200
16404,137417871,46150
16405,3680650113,34600
16406,62611869151,20470
16407,1283557928,72160
16408,126518147855,125760
16409,839909381,78000
16410,16984413170,31730
16411,23927692354,26640
16412,42497628779,10360
16413,41196050480,18460
16414,21797622356,11800
16415,2237488569,484830
16416,3677979128,33900
16417,12635210498,23500
16418,42107518085,201050
16419,282279424,47410
16420,55126430988,14190
16421,1696590484,85500
16422,66586696979,151840
16423,14134858373,22310
16424,47285355961,194910
16425,15713574477,24100
16426,59933849294,16110
16427,85851341859,17180
16428,1609858635,37620
16429,331373844263,29590
16430,21562116980,12320
16431,48989402292,27190
16432,32025620892,24200
16433,28520159386,19300
16434,57545934402,24790
16435,49342341513,20050
16436,6968645360,13500
16437,2001257133,35070
16438,81584870803,26810
16439,16662598179,19520
16440,1328174283,49760
16441,37824081128,27060
16442,386703694,36200
16443,49424817345,17160
16444,1622178634,79020
16445,52728599236,17410
16446,1117191636,81020
16447,1531530356,55580
16448,1212350998,62560
16449,103627011522,139510
16450,107340651665,105270
16451,47788817752,18570
16452,2408460717,92510
16453,287045120,45070
16454,1033577746,36040
16455,1027613387,81150
16456,56890745277,19530
16457,21287332433,31890
16458,1243812753,42030
16459,590154290,36500
16460,986459807,57160
16461,34785681833,20740
16462,49464595245,165790
16463,293811909,43330
16464,1362720839,53290
16465,82370632,44340
16466,14119890972,32750
16467,326020670,40350
16468,22317738016,21350
16469,21779733392,16710
16470,1578430142,34190
16471,2434042015,91260
16472,98412530667,30370
16473,74337528164,16910
16474,39271554596,174040
16475,97161135608,29450
16476,1196475341,53400
16477,15716367775,26470
16478,4369277502,82500
16479,177803911,46320
16480,31634145708,23080
16481,5699166050,71890
16482,16621932651,17300
16483,24362149542,24150
16484,1353841300,70000
16485,229095780,43540
16486,1034853663,70190
16487,2896992793,50270
16488,10556791132,20780
16489,558687882,41030
16490,1011865248,52180
16491,36247893902,31820
16492,71791496825,112330
16493,1775157069,77640
16494,55658814898,29760
16495,67195225842,20010
16496,76901972793,23280
16497,1209411229,68000
16498,402646983,43590
16499,850683698,53500
16500,1952179910,33670
16501,236960803,37410
16502,29400030302,28450
16503,1517132762,34250
16504,1346372260,57170
16505,3383202057,94030
16506,109311569880,111300
16507,1750433418,94130
16508,1480637016,64780
16509,13074074288,19580
16510,59591093401,25820
16511,1074740555,78110
16512,855319314,36680
16513,15750815092,18660
16514,2098101491,467480
16515,129364709843,21830
16516,1862640781,51450
16517,2858702498,64040
16518,1274800634,50200
16519,1276226649,66200
16520,14253139298,23980
16521,3446548229,36510
16522,105820796759,20910
16523,1859526782,33480
16524,54813969200,15320
16525,5497574956,31420
16526,43265608639,30840
16527,37634954045,125310
16528,163010279825,29650
16529,17596863824,27450
16530,4204513659,92060
16531,84259873080,15820
16532,508607459,38340
16533,802217556,36420
16534,88608614331,19910
16535,1097818492,83120
16536,3484547434,57940
16537,35427407247,12100
16538,44984558600,12640
16539,143183014,47550
16540,3557917063,69500
16541,61222272028,24050
16542,1964612953,65510
16543,1725879853,49850
16544,55183628089,21870
16545,33181671837,27110
16546,36531313013,21100
16547,16856330150,15500
16548,2829868299,35340
16549,28520159386,19300
16550,164082568833,97190
16551,1165750545,35250
16552,2422621035,73730
16553,42086966196,21550
16554,51393903441,19510
16555,5482976746,69760
16556,825445965,37770
16557,92239702551,29220
16558,43982463921,20160
16559,352619721,41790
16560,80304750348,10850
16561,36554885532,25900
16562,15332473314,26460
16563,59329830220,14050
16564,5591434034,78810
16565,86513603601,112480
16566,36247893902,31820
16567,66918821,44060
16568,29096265241,15360
16569,91385771650,23180
16570,3120572862,81610
16571,50522153174,32420
16572,393415785,38630
16573,32277474896,18680
16574,1898348392,74340
16575,4521361319,32660
16576,5497574956,31420
16577,54583536254,22030
16578,71670533558,28840
16579,138963756,39500
16580,27021423680,23390
16581,27759015979,10200
16582,1455513658,82070
16583,15212996425,14000
16584,588564934,40390
16585,57850164142,105250
16586,1603853558,75340
16587,881015444,48220
16588,572433011,79100
16589,68577663858,16070
16590,3148862311,76340
16591,1457900754,63810
16592,2392560478,49030
16593,33685836978,17420
16594,16671615759,17000
16595,37866747690,26980
16596,8425910359,33410
16597,15632682407,13450
16598,97161135608,29450
16599,30051984842,15460
16600,26246875306,31010
16601,185815256100,96050
16602,47530310120,18590
16603,55658814898,29760
16604,80409751380,30320
16605,1441195531,90450
16606,26929532640,16960
16607,806802254,39920
16608,1205040522,77470
16609,16371576203,26900
16610,1295198668,64080
16611,18045084374,30440
16612,1197626263,60480
16613,1550538676,62800
16614,34229453564,21040
16615,2363197030,64540
16616,114052432718,29460
16617,19048350386,32000
16618,1631738995,1000000
16619,25574467318,20360
16620,248841417,45130
16621,23573752577,20830
16622,192894571,47540
16623,1736613897,48930
16624,52587001978,126190
16625,58091400410,14280
16626,76552850656,14450
16627,638638094,38800
16628,83045323947,125680
16629,13287800402,10460
16630,94645239809,30280
16631,32497885421,14680
16632,55553996954,179740
16633,1090967488,77440
16634,44802303961,17970
16635,46848216759,15760
16636,1553880175,35150
16637,84767214321,29920
16638,50500077393,23440
16639,16856330150,15500
16640,12800337729,19080
16641,2203545175,36130
16642,59119860557,17980
16643,730109728,38320
16644,4139972881,33920
16645,3076219343,56840
16646,43440528468,19050
16647,514580279,38650
16648,79432166244,21770
16649,1784591649,64340
16650,5549620249,33730
16651,278624276,41060
16652,12579447919,19550
16653,81252704002,26370
16654,912920580,40090
16655,55967057116,14920
16656,2870682526,94700
16657,69890019187,166490
16658,30195269319,25280
16659,1022909091,49300
16660,981231282,53840
16661,1908322068,59730
16662,1665837218,36020
16663,226757883,44570
16664,20214540506,24190
16665,67901394616,14260
16666,750345998,54270
16667,2122698568,71010
16668,1113508849,48570
16669,4469941215,35720
16670,13287800402,10460
16671,542319986,39060
16672,39733120972,27440
16673,187737179832,14330
16674,160415459,39720
16675,538524587,80600
16676,21509159440,21000
16677,77747470175,11610
16678,874510352,54740
16679,878815721,58460
16680,2580239509,51030
16681,1692834589,54540
16682,1072709312,33100
16683,366537015,40490
16684,28809671951,15600
16685,46847440574,28300
16686,18569873872,23300
16687,5299983942,52210
16688,333511825,46250
16689,42843779600,17660
16690,55484554170,23290
16691,36957900638,26660
16692,19578529441,30450
16693,51755226246,21920
16694,4396114894,95090
16695,4715169673,78850
16696,11659229337,30730
16697,734529805,41600
16698,44095473091,28180
16699,5073945079,32540
16700,47744486793,25080
16701,10545485697,32040
16702,3034302728,48280
16703,1349753984,51140
16704,135989993804,19640
16705,3976354130,77190
16706,57308021554,28980
16707,69486195,47140
16708,52954844225,27750
16709,971375384,50500
16710,1305526926,69870
16711,49290741506,10260
16712,6758280251,33370
16713,1654488397,49270
16714,1640042319,50160
16715,25259689223,24780
16716,86857621363,22760
16717,130334865464,18990
16718,1697515665,56930
16719,25958933629,23920
16720,876093111,36670
16721,73838320521,20630
16722,3725968853,88380
16723,26676025512,14700
16724,1859526782,33480
16725,120688312014,99840
16726,1428515793,83840
16727,472545976,42430
16728,116036772,44830
16729,3916109441,70580
16730,2407561270,50780
16731,4584263012,33070
16732,47721839131,13650
16733,32530626896,30620
16734,2377993442,77060
16735,61241520492,27130
16736,382059066,42660
16737,97074831095,20990
16738,686805446,36240
16739,330270936,44420
16740,4804702948,33250
16741,38946778013,25920
16742,65155562880,18910
16743,7336200024,34130
16744,635774859,56600
16745,1672330473,71080
16746,1224313746,60510
16747,13287800402,10460
16748,32635120117,11200
16749,26078725712,31810
16750,28361974087,11700
16751,1489166647,81260
16752,28113089979,19110
16753,1415510048,60150
16754,19621303841,19800
16755,37083274318,28440
16756,2016228025,89140
16757,5558577237,293800
16758,3985070804,33300
16759,1502193693,48150
16760,297387242,46080
16761,19049030128,13960
16762,43115760993,24410
16763,28382266408,21540
16764,35922754479,20350
16765,495586357,51000
16766,12635210498,23500
16767,26852757475,15650
16768,13453048540,26040
16769,473021194,38170
16770,54873856257,23130
16771,14755481980,26440
16772,19533110212,19500
16773,339957117,40830
16774,81590924239,114870
16775,25991851873,16090
16776,111600728831,14580
16777,1495104650,63690
16778,767671799,40990
16779,62813450997,97090
16780,2364483202,54380
16781,41972943163,28170
16782,163104065,42340
16783,1093004842,35480
16784,1002319617,60550
16785,1859526782,33480
16786,770721784,51750
16787,76114603242,126670
16788,1675926540,57820
16789,108856857270,29910
16790,35124105882,209160
16791,148140845,44800
16792,1061897496,55450
16793,169982122,45700
16794,14401704407,16500
16795,202293487,47700
16796,2901608177,57870
16797,75948616994,15290
16798,4545320590,35110
16799,9096597453,23940
16800,209394288066,12930
16801,833556389,39160
16802,1631738995,1000000
16803,29632216199,25470
16804,1859526782,33480
16805,564183957,38700
16806,42484091798,27700
16807,93960332121,21110
16808,5447022944,33760
16809,104695920952,12410
16810,513236362,37300
16811,2443047524,416490
16812,1758633356,70050
16813,26178609731,15960
16814,16425153791,30350
16815,95724542696,27640
16816,689272560,73300
16817,45276330903,16450
16818,2222247275,35310
16819,68515280690,20930
16820,1963160916,67360
16821,95724542696,27640
16822,22545849274,205170
16823,1927594420,51120
16824,1159485311,50740
16825,36086746685,23510
16826,2115514166,71500
16827,148366875366,100310
16828,1511961303,48200
16829,156350766652,107710
16830,54560372121,21280
16831,21201603300,14980
16832,15824340416,31220
16833,567022855,38500
16834,137182569270,13170
16835,1019271003,58990
16836,29967860642,16650
16837,32329734658,17380
16838,4239923995,84650
16839,1310398543,65310
16840,148942706897,29470
16841,3009299449,34350
16842,46555668858,123780
16843,317128054,39990
16844,1131377818,50220
16845,131268574839,118100
16846,47530310120,18590
16847,28532854762,20320
16848,3854371096,32140
16849,48347533,44860
16850,132612338,39070
16851,632345504,39600
16852,476636108,39420
16853,5223719939,32810
16854,50559388087,14490
16855,4596909356,34570
16856,74644239021,111360
16857,42029013416,26880
16858,250858413,47650
16859,12051415200,220190
16860,46745158604,24820
16861,1066595836,80920
16862,38240921045,26550
16863,891157635,86590
16864,13597838470,21400
16865,1060225033,51950
16866,32939692439,24350
16867,16671615759,17000
16868,14657600842,255000
16869,19876439793,30100
16870,3066692928,52930
16871,1172683727,48400
16872,24628664082,17600
16873,893604177,56650
16874,17699354512,15050
16875,742150344,62690
16876,47974690022,20670
16877,1443697767,78390
16878,46151090360,13250
16879,4871655515,65480
16880,2432682638,83700
16881,78256468095,11450
16882,12995868583,17580
16883,100976770798,15570
16884,151501434,39910
16885,112266243,42940
16886,4721190654,48160
16887,137850042621,117260
16888,28791790924,31830
16889,690324251,66810
16890,495539667,80380
16891,786067742,50340
16892,2092435391,34200
16893,21245108197,22380
16894,1631738995,1000000
16895,73155169420,27180
16896,2922464456,70430
16897,36554885532,25900
16898,1376312855,67560
16899,1238314076,74410
16900,175952284,43800
16901,33973621953,20850
16902,1562155096,35290
16903,30084375971,25250
16904,533881375,39200
16905,1387110742,62390
16906,12242582677,33710
16907,44758361049,25170
16908,1559492508,36070
16909,3577159207,70030
16910,114370697089,25290
16911,46756497319,22930
16912,7623443849,18500
16913,52524760859,25330
16914,5141947931,65220
16915,34721363845,26020
16916,190037387,42050
16917,638235790,57100
16918,1777108688,57020
16919,2667226902,33540
16920,3475875261,34010
16921,514580279,38650
16922,2218914274,81290
16923,19720899101,16660
16924,27485259660,29160
16925,832849063,82600
16926,1853552638,51470
16927,83219449699,16740
16928,62337635512,12950
16929,4469941215,35720
16930,114139552108,141800
16931,83243143,45190
16932,1797413814,74710
16933,3326394597,34360
16934,80264554741,28460
16935,18245872058,25530
16936,1389476515,51960
16937,28532854762,20320
16938,3271290830,81050
16939,43731534449,10980
16940,1165750545,35250
16941,1843760201,37080
16942,47262307720,19720
16943,23945119864,19740
16944,1704470963,65470
16945,2176335084,85940
16946,90058802408,140420
16947,130633377952,96600
16948,227813096866,29990
16949,21338612367,16930
16950,41213701,42920
16951,79877317941,111220
16952,118028329459,126400
16953,145866597608,107670
16954,1029271305,88360
16955,143801727045,30070
16956,4793695043,69490
16957,9699202289,251180
16958,3945401581,93850
16959,47295092406,24330
16960,74708566,47710
16961,6334527797,58430
16962,47385819368,22260
16963,19381245471,32370
16964,1856735312,34660
16965,33878940733,27930
16966,20738062485,13820
16967,31965056762,16400
16968,28229514027,18550
16969,1260035424,36450
16970,208808126,45020
16971,93814257728,23870
16972,31343462603,30850
16973,635774859,56600
16974,178712271835,97670
16975,456206539,40010
16976,597608919,61620
16977,19845625125,16240
16978,37213971332,123430
16979,24889431040,16260
16980,1694856333,83980
16981,3118721117,56810
16982,15713574477,24100
16983,706544623,53950
16984,119427252026,29260
16985,36531313013,21100
16986,15209110968,25300
16987,1217708896,38830
16988,48385818617,17560
16989,15209110968,25300
16990,1559492508,36070
16991,1601316770,54760
16992,36291091355,20440
16993,36531313013,21100
16994,59734376004,15830
16995,1565338415,35450
16996,28239510390,25450
16997,22851451315,30700
16998,1837003446,73330
16999,24848887610,27920
17000,14522310942,14060
17001,55022858458,18380
17002,1157145805,51770
17003,2742757395,86500
17004,55007371409,27560
17005,4274753450,32720
17006,3480658413,34470
17007,81252704002,26370
17008,9666645468,20920
17009,42212233279,10720
17010,3439547843,56470
17011,56362882366,99600
17012,80264554741,28460
17013,863237983,59400
17014,1718473849,71270
17015,155234056530,108130
17016,1120085119,37190
17017,71825248297,22560
17018,660495848,59160
17019,72024658162,19840
17020,3509026177,79840
17021,965912216,73500
17022,36488308375,12050
17023,87711931496,17780
17024,44991425420,110800
17025,27617768085,205180
17026,55967580342,14710
17027,13327051013,12800
17028,118484986,46380
17029,42212233279,10720
17030,93033423752,151720
17031,75333812626,15190
17032,237384393,40230
17033,28520159386,19300
17034,107335174215,29130
17035,6466075967,32690
17036,10556791132,20780
17037,31089882361,108760
17038,17872142543,14300
17039,13589429720,246180
17040,87408291606,13050
17041,23959612898,18750
17042,54741634366,18810
17043,28226788440,184750
17044,1286787511,69360
17045,116733273738,98480
17046,11025691108,31410
17047,32664879670,23620
17048,7851988117,34340
17049,66953439280,23470
17050,3049564264,363870
17051,10708572650,12900
17052,1589275372,85600
17053,900524591,68400
17054,97656246,43180
17055,283774035,41880
17056,624135090,55180
17057,118609779204,15210
17058,37378231467,25270
17059,81357340879,19160
17060,1328646718,74380
17061,72436479231,20420
17062,116983325494,28870
17063,310929357,37250
17064,59727396766,22140
17065,372969483,41580
17066,2627217410,82780
17067,163251837,40260
17068,2265369160,87000
17069,16045577416,16000
17070,153386643,43420
17071,1100532596,37480
17072,372410083,39690
17073,21509159440,21000
17074,2314560050,83130
17075,943909912,37950
17076,3013097861,36780
17077,86772968,46620
17078,80695974209,15060
17079,866197758,39630
17080,89402801630,12390
17081,3132237278,34370
17082,34346403621,22250
17083,1190299858,65830
17084,35796070103,23270
17085,1591215956,81640
17086,4230373443,84590
17087,1411430031,35270
17088,539714944,37680
17089,1457900754,63810
17090,46150388127,15280
17091,61598617140,25790
17092,670315080,77650
17093,1829242803,49260
17094,33555873981,12200
17095,609632980,37150
17096,33973621953,20850
17097,967689915,34700
17098,5328068108,34630
17099,1245807843,81840
17100,310943529135,29240
17101,9283190804,33130
17102,51879156942,11970
17103,47974690022,20670
17104,102475692965,28530
17105,126159770,40560
17106,42857675189,149440
17107,384747464,42700
17108,32025620892,24200
17109,956525554,60590
17110,28532854762,20320
17111,20164471771,17150
17112,1962523130,35130
17113,4937734187,89820
17114,33839203965,26500
17115,33103548418,30030
17116,2424872138,64630
17117,1141082640,39040
17118,101406211682,133040
17119,3577947703,54810
17120,28239510390,25450
17121,21338612367,16930
17122,1748479526,33170
17123,145679629,43500
17124,7720832534,17790
17125,52497291564,23210
17126,114889387313,18430
17127,93705033134,142340
17128,174546255,38420
17129,167306967246,29480
17130,239984672,46290
17131,37866747690,26980
17132,26848678271,32120
17133,3326394597,34360
17134,18032677363,18350
17135,17421661930,21930
17136,219542893,38910
17137,45439284353,166960
17138,2534725839,34430
17139,56934598928,20020
17140,5130609805,30750
17141,3677069550,81110
17142,11253340546,31780
17143,309535285,46490
17144,109885904996,28640
17145,1548226673,52340
17146,568458504,40550
17147,2672046220,51380
17148,2001824176,59390
17149,95911992245,97170
17150,22738853349,10080
17151,57968587629,14350
17152,1333987616,37430
17153,591837111,52100
17154,148060923060,28760
17155,295129914,41400
17156,2634609486,49100
17157,64532778744,28590
17158,4658656403,63180
17159,2617938791,35180
17160,26799977040,21720
17161,21924780750,21010
17162,1167967906,56200
17163,319011366,47740
17164,25238803212,20460
17165,26246875306,31010
17166,131493936,40240
17167,51618539927,27760
17168,1300177341,43610
17169,152893459175,100350
17170,1769420066,76280
17171,2608808999,66320
17172,1903813945,37850
17173,5348579323,75070
17174,76928677524,98530
17175,78518605,42990
17176,27391134488,28200
17177,24889431040,16260
17178,12564986713,25760
17179,874510352,54740
17180,46732446976,12340
17181,73507884068,136210
17182,34005205205,17920
17183,13378711542,12600
17184,2870725831,359450
17185,1553880175,35150
17186,1993016550,54660
17187,21509159440,21000
17188,1542502573,50050
17189,15878150283,15950
17190,2008751512,42480
17191,61847500193,99010
17192,7482461713,34480
17193,33036051309,25960
17194,508441697,40400
17195,55007371409,27560
17196,178944981287,12370
17197,24194323492,204630
17198,21319622040,18000
17199,42086966196,21550
17200,52816588168,12860
17201,802463687,52400
17202,21924780750,21010
17203,1411430031,35270
17204,25182861324,26220
17205,1251669780,73460
17206,1433115079,48790
17207,207998780,38890
17208,99034439950,143760
17209,31108790427,28160
17210,1426305222,59880
17211,1073453760,51400
17212,2395236987,51040
17213,100942184148,115260
17214,20483685045,24680
17215,30537873867,111780
17216,52022327352,15380
17217,1533853467,38250
17218,34051118165,16520
17219,1631738995,1000000
17220,5212274845,32640
17221,3480658413,34470
17222,36126099993,28700
17223,1730203396,53490
17224,46847440574,28300
17225,92465951863,27370
17226,69653039568,15430
17227,64908345929,30220
17228,4966059338,14200
17229,55810337924,97320
17230,33134217629,26630
17231,45964606960,30090
17232,12660304592,14100
17233,226110679192,29410
17234,71124421359,164960
17235,72024658162,19840
17236,1335767467,57190
17237,162100198337,15470
17238,72533899636,114730
17239,1751423990,36320
17240,1614967508,88560
17241,1061351690,70150
17242,22738853349,10080
17243,1613847698,978240
17244,16984526495,16610
17245,1080765144,35600
17246,2294200515,86070
17247,981297216,53440
17248,81584870803,26810
17249,110279791980,29340
17250,17317254802,14850
17251,1233861583,82160
17252,73377060446,130270
17253,786568730,56390
17254,237003670,43450
17255,1375493635,55710
17256,76552850656,14450
17257,82506241288,137930
17258,2737621213,35740
17259,797573944,51700
17260,62541083876,25570
17261,93909398929,13090
17262,1980582120,424600
17263,19888988268,12450
17264,74334401727,134840
17265,151288173974,29090
17266,163251837,40260
17267,987729963,38100
17268,52587001978,126190
17269,1655272260,35850
17270,111472771305,120740
17271,51679915133,17270
17272,16679862710,26290
17273,61148974457,25580
17274,91903229637,16080
17275,1123631499,64400
17276,18102980032,14800
17277,25958933629,23920
17278,108856857270,29910
17279,1215034794,55990
17280,182904087,45980
17281,69254992316,28820
17282,456206539,40010
17283,98977519401,17290
17284,43271837939,21480
17285,39733120972,27440
17286,3026703674,59470
17287,14253139298,23980
17288,14782752626,20560
17289,5566779312,54570
17290,33134217629,26630
17291,27382133872,24980
17292,58962650593,25750
17293,1175518397,55000
17294,1640042319,50160
17295,1120362800,38860
17296,44265390677,25620
17297,295791880,47260
17298,160706635,42020
17299,40310472754,23930
17300,2621019956,67630
17301,514580279,38650
17302,25182861324,26220
17303,24263189038,13000
17304,65378861284,15710
17305,125176589199,117530
17306,13851673776,19200
17307,41334335293,25600
17308,649714857,52800
17309,4689412440,31900
17310,4590206162,342860
17311,3599055313,50940
17312,1612156577,37810
17313,154821658190,28420
17314,39244436334,19620
17315,331019354533,29550
17316,24252413441,20200
17317,951750497,77220
17318,6404613422,33640
17319,5434086582,88150
17320,1907642101,90170
17321,163797698063,98760
17322,529826531,47370
17323,824946011,53800
17324,492256542,42150
17325,51141190576,187960
17326,1698024234,84860
17327,745431878,48840
17328,28969049305,17360
17329,18102980032,14800
17330,33839203965,26500
17331,17919348647,24840
17332,14575236336,11050
17333,1531506051,49380
17334,70120083483,15230
17335,42497628779,10360
17336,47262307720,19720
17337,46991134952,16770
17338,342042513,66890
17339,45212985624,96800
17340,559817451,41590
17341,1445526417,36860
17342,65567433837,115280
17343,2115846348,56850
17344,72896861688,12440
17345,18045084374,30440
17346,15978951658,28580
17347,24981432612,23780
17348,23927692354,26640
17349,1386883776,74560
17350,4691306121,72730
17351,24252413441,20200
17352,88143289912,125060
17353,87082410631,18870
17354,3951431052,32650
17355,50137442943,25460
17356,1631738995,1000000
17357,9075253256,32800
17358,1631738995,1000000
17359,29880351046,27520
17360,137417871,46150
17361,20311628600,31070
17362,1529438290,61260
17363,1571596295,35970
17364,1475056818,48480
17365,460217872,37920
17366,37806502832,19140
17367,2334328896,36700
17368,232807205,44330
17369,2591459633,35060
17370,1145327463,92960
17371,702386713,37990
17372,46461444748,175110
17373,265027913,43130
17374,128460365257,20770
17375,2236559233,70300
17376,912193339,51440
17377,1187118243,36550
17378,35427407247,12100
17379,27134392123,27830
17380,67841975325,143390
17381,1221733190,67610
17382,4521011669,32840
17383,760233125,38220
17384,586244091,39010
17385,5782621360,33320
17386,26290561592,28600
17387,319707934,44100
17388,925980872,39110
17389,850217919,61980
17390,18245872058,25530
17391,57635684120,28120
17392,54813969200,15320
17393,871600480,51550
17394,6536029761,12400
17395,78587580395,120380
17396,26224264781,12300
17397,29891347869,28270
17398,54813969200,15320
17399,93213766,42900
17400,10688901513,31100
17401,1259904570,77760
17402,15370197263,17860
17403,107120145,47380
17404,44394028370,14910
17405,181403119219,14830
17406,17913562656,22840
17407,69949035266,23670
17408,150764185261,29500
17409,95309022977,18770
17410,1593318118,58260
17411,83875446920,10940
17412,539715302,68950
17413,53840856249,19440
17414,65317430779,125840
17415,2048154646,68670
17416,5012283856,59140
17417,12175959216,13600
17418,309643652,39900
17419,1140785990,35560
17420,149140870,43190
17421,35235920,47200
17422,1116156053,35500
17423,1720037207,54420
17424,104148359716,130390
17425,83528814,41820
17426,1072061769,37020
17427,3195948330,49010
17428,53126990322,21460
17429,77863713959,25660
17430,13778644135,17070
17431,44160343987,11900
17432,106028725,47240
17433,374542274641,30430
17434,84545385984,95630
17435,84272278046,146490
17436,36144847948,26840
17437,88420066324,131640
17438,54741634366,18810
17439,202015720,41660
17440,1362368522,41230
17441,46609776660,13720
17442,1948438261,56310
17443,157998796845,100750
17444,254226091528,29580
17445,12635210498,23500
17446,20311628600,31070
17447,121966366,40100
17448,15952412483,14020
17449,28089660686,15900
17450,6377380700,22300
17451,15139950852,12000
17452,66182785335,11560
17453,28809671951,15600
17454,212303552895,29800
17455,6436334877,65570
17456,93793306391,145450
17457,72926475548,24420
17458,61406082,47620
17459,28532854762,20320
17460,58339597241,27220
17461,30051984842,15460
17462,116983325494,28870
17463,74803381851,23370
17464,128968076947,113170
17465,69254992316,28820
17466,695331164,55120
17467,37298728034,27550
17468,192894571,47540
17469,44984558600,12640
17470,2514082924,51280
17471,27776778220,22750
17472,51994472676,20860
17473,46732446976,12340
17474,4906785184,71750
17475,1452448662,63460
17476,104040411044,15410
17477,361595964,42980
17478,32664879670,23620
17479,60140852560,20880
17480,2147611686,89510
17481,3138287220,67660
17482,213452483,44080
17483,1123631499,64400
17484,2844699931,77740
17485,1840692042,36920
17486,1187200925,48270
17487,415863156537,29610
17488,1666117663,60930
17489,12669680225,31770
17490,7720832534,17790
17491,153452840744,106900
17492,1514128945,55650
17493,4965735198,33350
17494,105995622,44680
17495,23623676402,21560
17496,10021897467,23200
17497,132976765176,124170
17498,1920489781,32600
17499,43218310471,192090
17500,135604023,46800
17501,2413549571,72250
17502,132797188,42250
17503,75690663689,17930
17504,1118884128,73550
17505,12800337729,19080
17506,27520353423,30520
17507,1228262849,56920
17508,36488308375,12050
17509,522524241,41460
17510,1190453526,55460
17511,54740870568,135240
17512,355284019,42120
17513,45204939260,10900
17514,60585077113,30480
17515,342328213,42180
17516,1349376638,74270
17517,61739919244,10540
17518,987729963,38100
17519,1603118941,76130
17520,14490409743,25480
17521,78999070290,27980
17522,179081664,41780
17523,1993016550,54660
17524,1290273194,57370
17525,56663813217,20660
17526,13813563496,32060
17527,1771740210,91640
17528,68915649196,25650
17529,43638851183,25970
17530,10328407608,250750
17531,1732207667,48190
17532,46838785900,27880
17533,1602651494,64120
17534,853388529,53740
17535,5865317240,56160
17536,61349116586,21880
17537,741182903,40570
17538,8085474109,11000
17539,62485842,44300
17540,32383999663,189530
17541,95618918454,29890
17542,115329302,46240
17543,30859014812,23560
17544,1106750120,53810
17545,948927614,37060
17546,23801859917,22540
17547,19023259316,123750
17548,25950007188,23900
17549,48106561534,17680
17550,148068222890,30080
17551,42568519534,26190
17552,1835079381,71040
17553,43638851183,25970
17554,1227744012,54040
17555,22930910141,20960
17556,1593022972,36940
17557,2498230994,73010
17558,20244260098,31580
17559,37547961631,16900
17560,2101831373,72520
17561,1892327141,35210
17562,89535140048,149180
17563,26530295654,11950
17564,2247375375,52320
17565,26319852004,17820
17566,76901972793,23280
17567,1697210166,35810
17568,546734265,39410
17569,19913212122,14400
17570,54653907275,13480
17571,55484554170,23290
17572,3819599856,83330
17573,36200005581,28240
17574,2212698813,514300
17575,40962683772,20600
17576,36500486978,17110
17577,422345095,39590
17578,5223719939,32810
17579,2790850298,62620
17580,3807745321,48460
17581,1119759959,72900
17582,218254140,41040
17583,101819074353,29870
17584,13778644135,17070
17585,1027613387,81150
17586,1072673738,59580
17587,1041207695,34900
17588,28879409499,31330
17589,47788817752,18570
17590,27979223636,30880
17591,1068344487,85270
17592,13019544924,31490
17593,124613522134,23610
17594,58898481965,23360
17595,346671016,42160
17596,16045577416,16000
17597,52295047194,24020
17598,144866576645,11270
17599,59566748182,13320
17600,23164184064,14240
17601,151851617,41500
17602,2430546523,72500
17603,1255704882,57660
17604,4433781383,70470
17605,33407924764,186870
17606,258280869,45690
17607,176385990117,28960
17608,214509163012,29710
17609,920542991,79800
17610,149787762058,95650
17611,2254863194,83320
17612,14216936880,18600
17613,59153941576,148580
17614,1867668304,51240
17615,15332473314,26460
17616,14854935840,26000
17617,72436479231,20420
17618,1998360164,78630
17619,38294574307,24220
17620,282204831,40910
17621,13074164597,16600
17622,4223996079,48510
17623,1643117127,67720
17624,65381773729,27080
17625,2022074378,92710
17626,30661738016,19650
17627,128886428123,14270
17628,152267874,42000
17629,299431873,44770
17630,43389576198,18220
17631,792155054,57700
17632,32830187687,27900
17633,64433705350,11280
17634,1078975842,50010
17635,1406213558,74060
17636,1296334424,50320
17637,55488647090,17260
17638,83573141122,106700
17639,3783970305,34760
17640,213804296,40060
17641,1392109844,48780
17642,539714944,37680
17643,62363084328,18150
17644,3415632266,390010
17645,1471864953,53120
17646,2559178440,92620
17647,16428025198,219490
17648,1492260545,87750
17649,1222741054,66140
17650,204164666855,29490
17651,118021915086,103200
17652,23338015042,16100
17653,8384588150,35030
17654,1389577443,63170
17655,54560372121,21280
17656,148060923060,28760
17657,1013675216,90830
17658,15713574477,24100
17659,16471274664,16700
17660,26441271661,26250
17661,61699279243,11480
17662,68725560166,19420
17663,2881351931,32500
17664,11559347838,24300
17665,2974729138,325450
17666,346671016,42160
17667,12660304592,14100
17668,120779476889,111720
17669,1458940792,70960
17670,1067927975,76300
17671,43982463921,20160
17672,1060791960,36950
17673,45305963933,17170
17674,1479351498,63820
17675,2040521120,33550
17676,29634990721,24500
17677,919500002,37980
17678,184457709776,100170
17679,1411430031,35270
17680,385210910,42610
17681,767671799,40990
17682,31180941172,20690
17683,110349845736,15560
17684,51935406492,14110
17685,1821814973,85250
17686,759715768,40380
17687,304525348,42850
17688,46926914826,118600
17689,15075237399,20500
17690,1777108688,57020
17691,3153782276,57810
17692,151501434,39910
17693,23357523209,26850
17694,87687507498,17370
17695,2136722025,63980
17696,1074740555,78110
17697,2160661217,33240
17698,24711842653,22890
17699,126499091281,11520
17700,297387242,46080
17701,52057806061,19820
17702,1060225033,51950
17703,1106560539,48710
17704,1256802558,71650
17705,83192940617,106780
17706,543068630,47210
17707,40838574989,28040
17708,316546887,40660
17709,858940869,86750
17710,4666720563,82020
17711,29505504515,21260
17712,70148464889,25890
17713,1631738995,1000000
17714,4265968925,74720
17715,47572858350,28950
17716,15978951658,28580
17717,1529682767,52840
17718,1130099283,52250
17719,51994472676,20860
17720,43638851183,25970
17721,2665111018,33500
17722,1057210236,67510
17723,6605409452,32170
17724,642879385,91370
17725,72896861688,12440
17726,33340868631,179690
17727,232807205,44330
17728,1571596295,35970
17729,2984233312,94790
17730,77267421097,10520
17731,20751108190,23100
17732,13074164597,16600
17733,15635220941,25060
17734,635129153,92190
17735,2178070367,33230
17736,17358837590,27480
17737,166267515516,108070
17738,1231838437,77570
17739,16425153791,30350
17740,1550538676,62800
17741,35338417133,114260
17742,1071249015,81690
17743,24252413441,20200
17744,202243909,46340
17745,34174865717,27510
17746,1928558369,479960
17747,43897044541,23160
17748,635774859,56600
17749,1113508849,48570
17750,20047359759,28400
17751,77800198262,158540
17752,4866627166,66110
17753,1494433402,58490
17754,24628664082,17600
17755,49049046607,17120
17756,49067806679,11740
17757,173130108594,29850
17758,116720651,42800
17759,533881375,39200
17760,1037414594,36600
17761,6646232430,32730
17762,28817645643,24850
17763,1631738995,1000000
17764,25601318259,26490
17765,1343483013,38160
17766,455852946,39080
17767,42053547758,24320
17768,93004775597,102680
17769,1466703436,57400
17770,733940752,52950
17771,70347446419,16040
17772,1043184003,37840
17773,1251532470,60010
17774,120558737,44320
17775,598331337,37500
17776,25182861324,26220
17777,111302625502,136700
17778,71676708523,26390
17779,1621558385,67900
17780,151157526643,104090
17781,1810511419,76140
17782,52090496415,100970
17783,83272566880,29080
17784,13612873729,22850
17785,106009260,46700
17786,705780122,38660
17787,1631738995,1000000
17788,49105597402,23860
17789,109477212,46920
17790,2095861127,34850
17791,992037637,80690
17792,2845419643,75540
17793,2422165183,75350
17794,810620225,73720
17795,37717196238,21760
17796,14720086762,21150
17797,596472008,39210
17798,1117191636,81020
17799,1894806595,87700
17800,1924708325,35010
17801,55221508411,31170
17802,78950420165,26940
17803,1115258344,68110
17804,12175959216,13600
17805,1505414875,94240
17806,641033554,35280
17807,63796138004,145140
17808,1809368779,36150
17809,20271072387,19680
17810,145329341631,120170
17811,2187095369,48000
17812,32939692439,24350
17813,32821241123,11350
17814,12741993283,30860
17815,821881636,36370
17816,2009898974,90350
17817,15328257395,26340
17818,1703896043,50860
17819,107120145,47380
17820,15632682407,13450
17821,62050792018,17220
17822,1319463380,85110
17823,32814418308,25310
17824,768212974,54700
17825,388585460,42620
17826,1481769394,686800
17827,321337963,43100
17828,36034555568,165950
17829,1734621282,66190
17830,31703411293,188350
17831,1195103775,61560
17832,153386643,43420
17833,29092281328,20450
17834,57599509639,23380
17835,184195569242,29900
17836,36126099993,28700
17837,4258204031,71680
17838,352619721,41790
17839,16656548476,17500
17840,19845625125,16240
17841,71216475976,165130
17842,993384713,36400
17843,97535738059,29020
17844,10708572650,12900
17845,160353946018,100800
17846,16738498716,222230
17847,53744940,44890
17848,1845078000,64880
17849,10270772425,18700
17850,1374398176,53690
17851,42497628779,10360
17852,214510322,38400
17853,1441920835,52770
17854,4681105941,86340
17855,1481784264,60790
17856,1840692042,36920
17857,126357439696,97940
17858,407722534,40120
17859,56170220773,120620
17860,93090494388,14760
17861,739585399,60500
17862,4132222233,36610
17863,2765111949,48230
17864,5427773746,55160
17865,79121136335,21970
17866,146824871292,13780
17867,31965056762,16400
17868,77245059209,99410
17869,58192362683,29520
17870,2273365535,54730
17871,61805000561,27240
17872,1002859373,58860
17873,54032546352,21250
17874,45552700653,14080
17875,98568771226,151340
17876,1990829204,50520
17877,1533141000,836100
17878,432199265,40360
17879,679209690,80820
17880,41966739496,14030
17881,26983698392,30790
17882,498149660,40810
17883,14720086762,21150
17884,43988405080,18250
17885,4412905679,61930
17886,889756187,41890
17887,1358225610,614810
17888,23521342765,20400
17889,1748479526,33170
17890,11094753535,31000
17891,1107259558,69450
17892,21509159440,21000
17893,110630391843,124300
17894,86801961432,16190
17895,12738484404,20430
17896,8101115241,20840
17897,3303780769,48050
17898,31272637609,23520
17899,1064833483,53270
17900,178917078,41240
17901,1597101722,49060
17902,28817645643,24850
17903,76993929,44700
17904,2200663268,69200
17905,296078334,44210
17906,1252269077,974070
17907,64189111235,11490
17908,1839375263,60140
17909,97752786928,28060
17910,735572309,36460
17911,4127695335,34230
17912,161689032727,110670
17913,29296433783,30470
17914,24252413441,20200
17915,78202753357,16160
17916,3578281662,32400
17917,7860743686,289190
17918,137569860812,101340
17919,3457376276,386340
17920,28303784697,16720
17921,1962523130,35130
17922,5073945079,32540
17923,92239702551,29220
17924,1631738995,1000000
17925,20751108190,23100
17926,1231838437,77570
17927,3447142258,36030
17928,23430054225,14950
17929,3333029450,49670
17930,26595548043,18830
17931,1437069646,67740
17932,16587975028,18940
17933,76735373493,19870
17934,1042142250,62290
17935,36912513109,97120
17936,45616050575,26400
17937,75466212619,151240
17938,21894588801,23600
17939,60256838359,12760
17940,1731891694,35520
17941,42993873724,25540
17942,5506837978,33000
17943,530866962,59800
17944,4249635369,68150
17945,1474585498,91100
17946,1997738558,50750
17947,17500395948,24800
17948,11659229337,30730
17949,2682289955,76620
17950,60834298902,16470
17951,22012188432,19330
17952,1335487984,86190
17953,1420897545,68970
17954,1098342432,54180
17955,3236275601,32580
17956,30553606632,15750
17957,1042142250,62290
17958,1631738995,1000000
17959,15018153817,21660
17960,22051198415,10780
17961,128742187,39650
17962,34346403621,22250
17963,29634990721,24500
17964,2400103209,55110
17965,50776346732,12710
17966,1191269410,57120
17967,5637594068,67110
17968,32821241123,11350
17969,11559347838,24300
17970,57050127055,16050
17971,17913562656,22840
17972,525184698,41450
17973,784033480,64250
17974,893604177,56650
17975,1519044141,38950
17976,2740528740,61850
17977,22579894334,199460
17978,1965146457,33460
17979,17089269526,26120
17980,36858712786,14390
17981,6646232430,32730
17982,16471274664,16700
17983,47114185728,27210
17984,298739204,40200
17985,2292124661,55220
17986,99291744251,17830
17987,37298728034,27550
17988,68915649196,25650
17989,20751108190,23100
17990,1756027831,56360
17991,37291167699,22080
17992,28239210726,26100
17993,1304419090,48060
17994,21256246165,21800
17995,22851451315,30700
17996,3888364355,71430
17997,16656548476,17500
17998,58692211281,152900
17999,11253340546,31780
18000,68915649196,25650
18001,60866140858,12480
18002,58822293097,30720
18003,68742621656,120650
18004,32814418308,25310
18005,19558299507,14880
18006,1149037679,49250
18007,30284885466,27360
18008,23959612898,18750
18009,28028044957,15980
18010,1633132208,80160
18011,163594944,41850
18012,59329830220,14050
18013,1115306739,35200
18014,50339613122,126340
18015,45632610231,25040
18016,3511618748,75690
18017,2651955424,69990
18018,58458830799,23260
18019,12175959216,13600
18020,11253340546,31780
18021,26224264781,12300
18022,8296866576,21900
18023,64125362778,28720
18024,1488539811,67350
18025,28239510390,25450
18026,955770223,63750
18027,32470386257,28710
18028,11663075335,10800
18029,2293718620,52910
18030,1643130211,35460
18031,1313471676,69840
18032,224379405209,29390
18033,1977058169,67290
18034,131493936,40240
18035,292555488,40700
18036,18245872058,25530
18037,2719025468,64210
18038,1581208047,51480
18039,118546641724,23830
18040,46364741189,20750
18041,38782682113,25260
18042,2804073465,34880
18043,2363910100,87380
18044,586991972,36980
18045,71813943845,14460
18046,1704457285,48740
18047,24848887610,27920
18048,24263189038,13000
18049,1303620778,74840
18050,30860554806,10400
18051,760233125,38220
18052,49290741506,10260
18053,184125576,44970
18054,954122070,71000
18055,11578482888,23890
18056,63623718990,27940
18057,84767214321,29920
18058,1738094346,34440
18059,42407054391,19990
18060,87077584374,28630
18061,16984526495,16610
18062,1605069365,48140
18063,129828716,46200
18064,35922754479,20350
18065,91369064978,28730
18066,1406803856,61840
18067,1036580434,36690
18068,8809635874,33450
18069,236124064,45330
18070,4601338844,81600
18071,119559130,43360
18072,1328527287,52170
18073,17317560587,19180
18074,1044956962,74000
18075,6497365784,10750
18076,24981432612,23780
18077,1437212909,64730
18078,125053090484,120280
18079,140456318525,123410
18080,1377267831,52680
18081,943821303,91750
18082,715875897,54350
18083,12660304592,14100
18084,2574394073,35540
18085,47323197714,25370
18086,135316573121,109390
18087,9075253256,32800
18088,2199317834,53060
18089,28280242518,22970
18090,2080364940,48490
18091,601281229,37760
18092,165211464,40320
18093,32635120117,11200
18094,95606032774,110010
18095,28543263715,17460
18096,12242582677,33710
18097,66990287346,18160
18098,22259829553,32180
18099,9966939481,21600
18100,152781614428,117000
18101,802275519,53160
18102,4541963341,76000
18103,45228378494,19210
18104,31991224480,27270
18105,695821717,45030
18106,39777649591,135490
18107,14401704407,16500
18108,2414752389,71970
18109,3837211331,75090
18110,883120780,51860
18111,111885265,46880
18112,110865690,45590
18113,862465548,53600
18114,982700275,63280
18115,10021897467,23200
18116,17284174655,17940
18117,1513313968,94260
18118,23573752577,20830
18119,44758361049,25170
18120,84875575194,16870
18121,102434802783,136340
18122,16243443982,31230
18123,27451256944,26740
18124,22851451315,30700
18125,35404519616,11820
18126,79877317941,111220
18127,161069872,43400
18128,48966506890,187560
18129,63773249173,18360
18130,73042456545,14820
18131,943909912,37950
18132,36297534223,16840
18133,919500002,37980
18134,36879273869,17140
18135,210159210,42590
18136,2192794458,79860
18137,861673698,62310
18138,15241819764,13200
18139,342243612,44030
18140,638235790,57100
18141,972107437,63860
18142,4554098744,75700
18143,109690803987,16850
18144,419599617,47640
18145,66289101676,29950
18146,2174299884,36260
18147,22633287384,31190
18148,415863156537,29610
18149,64433705350,11280
18150,915439284,38120
18151,50200379051,18670
18152,959434548,52970
18153,1509546820,37330
18154,13327051013,12800
18155,358355550,45720
18156,16920717376,22800
18157,48528795678,14650
18158,65509051809,19760
18159,12370260581,17440
18160,842759148,58420
18161,66806253421,20240
18162,26692492132,28150
18163,61070687456,22150
18164,963259311,52820
18165,4125083057,80960
18166,422565642,41650
18167,1593758003,35630
18168,2452004275,48240
18169,62661577101,21940
18170,605910573,54900
18171,1068679149,58200
18172,62656499882,117310
18173,4218871284,74620
18174,47213622589,19040
18175,1720809394,37420
18176,1314972894,93820
18177,36250807017,21290
18178,28535155489,17700
18179,28831914222,15780
18180,931927472,69770
18181,1310635926,50840
18182,6221623681,287860
18183,36224244366,24440
18184,3675680351,32950
18185,13378711542,12600
18186,62817858468,27250
18187,14522310942,14060
18188,1204922452,50650
18189,134867510320,104060
18190,17699354512,15050
18191,20312580565,31710
18192,14401704407,16500
18193,66806253421,20240
18194,42086966196,21550
18195,61467253282,18790
18196,53467110784,19410
18197,4504775868,34640
18198,977011201,56300
18199,104919748191,15150
18200,37455535968,17760
18201,127027820859,16730
18202,236960803,37410
18203,131439049701,101660
18204,26983698392,30790
18205,18045084374,30440
18206,564183957,38700
18207,20173588938,25150
18208,326020670,40350
18209,18803265229,14600
18210,69562819063,31290
18211,2928307569,55190
18212,1046783688,34830
18213,153490949,42200
18214,154529519417,102840
18215,811298469,35980
18216,77148877943,30870
18217,27681409375,27000
18218,534415944,38230
18219,1191269410,57120
18220,21817176627,19120
18221,1080765144,35600
18222,64125362778,28720
18223,47188230093,14750
18224,1879133259,490700
18225,396238468,38760
18226,116846246844,128550
18227,735572309,36460
18228,310929357,37250
18229,25729367717,24830
18230,159793980,46900
18231,1312899200,63960
18232,28535155489,17700
18233,106390938,46860
18234,11702591275,20800
18235,1751423990,36320
18236,80264554741,28460
18237,8535140037,33160
18238,1581120741,53020
18239,2358425661,53830
18240,1237095266,34780
18241,2488944962,60870
18242,72593492330,159310
18243,179035308,42420
18244,217335387,39800
18245,1309868987,67830
18246,155381505812,29820
18247,961165424,89460
18248,54065916742,97800
18249,1678590102,84170
18250,32530626896,30620
18251,2681192011,53870
18252,11835720014,31850
18253,817111941,51050
18254,229520041119,29510
18255,28303784697,16720
18256,47114185728,27210
18257,26285418960,31200
18258,60969508536,114300
18259,4274753450,32720
18260,1483752476,49000
18261,136237660,45940
18262,166341955069,97710
18263,1295743187,86100
18264,1175518397,55000
18265,4378879372,89190
18266,44573769257,31090
18267,3677979128,33900
18268,69187120465,18470
18269,21338612367,16930
18270,1660633855,62050
18271,15269062707,11500
18272,1540994130,78930
18273,8597498625,15300
18274,44932950070,16990
18275,68916216496,19630
18276,27237505980,20300
18277,1485664932,78970
18278,686805446,36240
18279,28452409701,11650
18280,37455535968,17760
18281,145679629,43500
18282,1703896043,50860
18283,8522526669,30800
18284,6605409452,32170
18285,237003670,43450
18286,6787474719,262220
18287,4596909356,34570
18288,77668767617,137620
18289,119427252026,29260
18290,41972943163,28170
18291,13053346967,33150
18292,4689412440,31900
18293,48879509064,20260
18294,26011446033,28380
18295,1100532596,37480
18296,1860804225,64840
18297,1349070555,89970
18298,4362724242,88020
18299,962022378,37550
18300,25275200839,17350
18301,47213622589,19040
18302,76552850656,14450
18303,4971087104,323410
18304,1900768854,74400
18305,1631738995,1000000
18306,1448551774,52360
18307,35642391323,126650
18308,67557384640,13070
18309,1705143848,32200
18310,36531313013,21100
18311,24792833125,13940
18312,1180691360,65760
18313,31480814893,188450
18314,58962650593,25750
18315,279004289,44000
18316,813874141,59240
18317,7326877173,32850
18318,15484020783,13300
18319,92995696373,143910
18320,125653928792,106960
18321,1563761365,46810
18322,2445792587,48170
18323,60256838359,12760
18324,1385013389,35670
18325,977011201,56300
18326,80413445370,18580
18327,1674842288,74570
18328,13783665495,31430
18329,11563633982,32220
18330,1544493907,87100
18331,44447030406,19130
18332,30051984842,15460
18333,28303784697,16720
18334,202015720,41660
18335,1539822498,85920
18336,724963256,48950
18337,72829992292,30190
18338,4552172264,73620
18339,407722534,40120
18340,265648552,44880
18341,6129334715,56610
18342,1221696227,73260
18343,103920474236,23110
18344,18305845572,17240
18345,19452232416,23220
18346,1102595755,49140
18347,686805446,36240
18348,26178609731,15960
18349,3679467620,95410
18350,18628129908,24380
18351,627364668,38090
18352,195756165,41940
18353,12956944537,16200
18354,304326832,43290
18355,32025620892,24200
18356,27006917803,19260
18357,906316090,67440
18358,17620219142,229640
18359,56822468980,22880
18360,789846078,38410
18361,63308754043,164180
18362,506974138,40020
18363,160706635,42020
18364,30867560925,31390
18365,71813943845,14460
18366,33506409407,132770
18367,1046261340,48700
18368,2378644162,87340
18369,5921037305,10000
18370,1650756823,37270
18371,4792059582,68410
18372,802217556,36420
18373,116391788470,23990
18374,542702668,57180
18375,1074374723,51270
18376,49031173362,27310
18377,5554013629,59340
18378,36297534223,16840
18379,3141725760,59570
18380,7074936856,296760
18381,20982986249,28850
18382,38782682113,25260
18383,75999708624,105340
18384,1116156053,35500
18385,54254960880,178960
18386,21677571436,27160
18387,1773387824,39050
18388,18307813892,26600
18389,44276860685,114360
18390,658310822,58360
18391,705780122,38660
18392,71825248297,22560
18393,881194508,92560
18394,32841394868,25980
18395,104348526441,14430
18396,432346859,40250
18397,27839817214,10340
18398,40310472754,23930
18399,2060764608,34910
18400,83767852313,101170
18401,17825749906,26170
18402,213804296,40060
18403,53371998744,117520
18404,66362318261,13350
18405,1775269617,50620
18406,61225260345,18720
18407,27475232553,20550
18408,24836711839,21650
18409,42818496987,22700
18410,586991972,36980
18411,1362720839,53290
18412,176057823207,104210
18413,1631738995,1000000
18414,1912458300,86530
18415,21894588801,23600
18416,1913422562,55760
18417,83955547676,28750
18418,57545934402,24790
18419,15282441909,31600
18420,113423045910,17530
18421,2019268588,77820
18422,1421268512,35380
18423,37495008730,15350
18424,43685827197,19450
18425,419210962,42490
18426,69189115013,27500
18427,12175959216,13600
18428,1084013580,71150
18429,30949913968,189850
18430,28286652085,17040
18431,383566665,39890
18432,152441965236,111680
18433,719781309,54000
18434,15559218041,252830
18435,20008472283,220780
18436,72275575737,18690
18437,557418661,40860
18438,999521144,37820
18439,1146941319,76120
18440,1012483522,34000
18441,1822309602,54870
18442,26381824151,30230
18443,1474223270,55640
18444,1145660652,52310
18445,84908117919,22170
18446,2377875981,49280
18447,1899705042,58440
18448,751083944,58250
18449,173130108594,29850
18450,101975980531,20730
18451,1918357512,58370
18452,2256924673,413320
18453,70347446419,16040
18454,152829911664,101920
18455,614898278,90950
18456,149527371046,29300
18457,1631738995,1000000
18458,157437348877,108260
18459,17919348647,24840
18460,3326394597,34360
18461,32664879670,23620
18462,386703694,36200
18463,4457213477,68050
18464,149527371046,29300
18465,14488576352,30970
18466,246164863,39260
18467,21245108197,22380
18468,48326487621,18120
18469,63492136698,123720
18470,33104231917,10680
18471,5839299196,66690
18472,159616958,39490
18473,72189263017,15720
18474,164426425664,21030
18475,796762246,70110
18476,1655442586,67400
18477,1640042319,50160
18478,2121805636,84000
18479,46756497319,22930
18480,21538411805,22870
18481,1322357295,89450
18482,54561378707,25910
18483,759461395,55100
18484,991001074,34990
18485,12157445989,17800
18486,63956508796,140710
18487,280345467,39760
18488,759461395,55100
18489,29408358448,14140
18490,1650756823,37270
18491,2254358961,69210
18492,152267874,42000
18493,85471161680,149630
18494,1164730164,34180
18495,154275345422,26670
18496,21439255372,18110
18497,1069762860,48500
18498,1120085119,37190
18499,72572308796,102860
18500,49218116867,20120
18501,5405305342,86290
18502,240963705,43810
18503,64912555569,21090
18504,5463816249,74930
18505,210159210,42590
18506,1369554320,60610
18507,28532854762,20320
18508,32593402267,22350
18509,1531530356,55580
18510,84545385984,95630
18511,2610136349,34310
18512,567022855,38500
18513,35609020232,25110
18514,20214540506,24190
18515,3644563023,53920
18516,10136440557,30560
18517,107813967,41800
18518,34826781636,18040
18519,1453958851,80650
18520,5447022944,33760
18521,4331610762,70360
18522,2603490372,80810
18523,2127675535,83550
18524,1481886900,85140
18525,20763867777,19750
18526,4251556666,77800
18527,105929741,41000
18528,11846576564,12700
18529,71062243226,12520
18530,75455562305,17060
18531,64898290512,29050
18532,1984650853,49540
18533,2286376117,37660
18534,8980836246,32990
18535,65891255046,105960
18536,144866576645,11270
18537,23384686339,21680
18538,2652935245,83030
18539,160936538810,100430
18540,1376223777,55750
18541,1430609790,58010
18542,15680717211,23050
18543,90455418867,103540
18544,1895911929,78250
18545,30661738016,19650
18546,270644675,43380
18547,23384686339,21680
18548,121991860870,105420
18549,6062647024,32050
18550,28028044957,15980
18551,36200005581,28240
18552,40855257342,21360
18553,2794625181,34110
18554,69254992316,28820
18555,64753799997,22420
18556,12529736670,25180
18557,88521745532,30310
18558,30931706509,26560
18559,1083807726,61410
18560,59021098754,21990
18561,20164471771,17150
18562,15952412483,14020
18563,2696268362,47930
18564,4982246133,31680
18565,29930745110,183980
18566,4982246133,31680
18567,931927472,69770
18568,3306194592,49680
18569,97795001675,118210
18570,93150236190,102500
18571,55658814898,29760
18572,83892829452,11150
18573,164316455424,99300
18574,20753605114,20720
18575,41966739496,14030
18576,4256185202,70280
18577,8037842913,21950
18578,70148464889,25890
18579,1637512572,61940
18580,875063490,69420
18581,17290270887,11750
18582,1680360916,72030
18583,13977867678,24400
18584,81024868,44180
18585,225143170,42440
18586,1112554537,60580
18587,9451390383,31690
18588,44986743773,28570
18589,1262635962,75120
18590,20798791919,15850
18591,3028471753,63670
18592,16984413170,31730
18593,71741480937,26110
18594,51132409411,14540
18595,36766127593,24960
18596,19889035527,21700
18597,60331861771,97310
18598,23164184064,14240
18599,53684570409,187050
18600,17677778838,32890
18601,22317738016,21350
18602,2080364940,48490
18603,722439760,39940
18604,1962523130,35130
18605,2313591278,33800
18606,1238796644,65450
18607,2056166297,71230
18608,53799554756,21120
18609,1985371109,47970
18610,2508218174,79320
18611,786157991,62400
18612,98429904131,108400
18613,1037444559,95210
18614,1224554872,50360
18615,17317254802,14850
18616,619356231,64410
18617,20271072387,19680
18618,1296534590,75960
18619,26676025512,14700
18620,2266025657,72440
18621,26246875306,31010
18622,35154212207,19100
18623,2852754594,65550
18624,91431856244,16270
18625,10708572650,12900
18626,1985371109,47970
18627,298707558,40180
18628,63893674108,135420
18629,31991224480,27270
18630,2551621263,48130
18631,26676025512,14700
18632,302660278,37960
18633,20043163240,13800
18634,1131377818,50220
18635,593595130,38550
18636,1030325107,59420
18637,54628236901,125000
18638,627524386,60310
18639,30081491997,17620
18640,32610014329,22460
18641,34468336823,15010
18642,2349840485,83020
18643,254155153,47360
18644,76678653108,153640
18645,1563440665,82050
18646,1304419090,48060
18647,2087144451,50980
18648,1057210236,67510
18649,62661577101,21940
18650,110166808877,28970
18651,292555488,40700
18652,94899980341,24730
18653,42776227094,22290
18654,1187554868,77360
18655,112930925182,12730
18656,400087054,38240
18657,1879785855,935340
18658,81479096,40820
18659,175814999959,105810
18660,153490949,42200
18661,14522310942,14060
18662,1241743777,61960
18663,36766127593,24960
18664,110947920638,135650
18665,15721573027,21710
18666,1274312067,47840
18667,3522131365,35370
18668,1901153683,74250
18669,2501115111,56110
18670,53799554756,21120
18671,1302970112,49360
18672,14913710173,32310
18673,6605409452,32170
18674,4437166259,63350
18675,16250883444,22340
18676,1792533582,56710
18677,146372300,41560
18678,2150990018,55780
18679,74181651267,137500
18680,925902524,38690
18681,45173635137,23430
18682,66990287346,18160
18683,55126430988,14190
18684,277871032,45280
18685,2044347734,57380
18686,1149559910,86000
18687,64674009756,18780
18688,2294705697,54960
18689,3445143039,34100
18690,199430731,41480
18691,1072061769,37020
18692,1495785017,49580
18693,144276376,46680
18694,85469438992,29060
18695,108856857270,29910
18696,4595508780,36650
18697,6921954923,56670
18698,22930910141,20960
18699,4261738996,92280
18700,839678439,40530
18701,1172609876,51880
18702,6758280251,33370
18703,789749166,40270
18704,138109706,44780
18705,15212996425,14000
18706,37547961631,16900
18707,1376312855,67560
18708,2537256555,92780
18709,623343541,41010
18710,21194842459,218640
18711,58917924875,114180
18712,1888459436,696790
18713,57308021554,28980
18714,24707988149,13900
18715,26614884467,16800
18716,2378646999,54020
18717,68577663858,16070
18718,1677171162,88030
18719,86210728663,24310
18720,30960317809,18900
18721,4139972881,33920
18722,48848208179,95640
18723,116924186626,108310
18724,28592621127,21220
18725,1000363556,59660
18726,1020253916,62460
18727,37947213938,141810
18728,11578482888,23890
18729,78856755508,131350
18730,93015524300,25510
18731,65381773729,27080
18732,38199392376,11860
18733,133016869992,13490
18734,2092517864,393870
18735,476636108,39420
18736,338272219,40690
18737,26011446033,28380
18738,2366266600,70800
18739,107731290369,14310
18740,263361828,39290
18741,2142980631,36280
18742,81357340879,19160
18743,906169889,50810
18744,743266878,36760
18745,6035310102,31380
18746,31624462478,27350
18747,68186973,41320
18748,36498411058,31440
18749,1591020765,51320
18750,17483253829,26420
18751,102881528287,147800
18752,15212895968,181450
18753,216522743,46040
18754,2143624630,67570
18755,2779059179,35700
18756,3717965658,32920
18757,1720809394,37420
18758,16555497187,13680
18759,1385013389,35670
18760,33854502558,23450
18761,394927874,38300
18762,513236362,37300
18763,126390371353,131050
18764,97236810,44950
18765,63773249173,18360
18766,6799409598,32210
18767,5073945079,32540
18768,6710646339,33880
18769,187571086,43700
18770,4721190654,48160
18771,75102237735,99490
18772,283791912,41170
18773,713115969,38460
18774,299065959,41090
18775,16696015260,30900
18776,83243143,45190
18777,504465393,36340
18778,4435790173,361610
18779,123315162113,124570
18780,12460692893,24920
18781,6837950701,31860
18782,1478148334,51940
18783,36297534223,16840
18784,45204939260,10900
18785,17317560587,19180
18786,2492420179,34970
18787,269975335,44730
18788,1730203396,53490
18789,46578377715,30650
18790,79245177194,28800
18791,60958797746,11780
18792,1840692042,36920
18793,23338015042,16100
18794,2344932417,52860
18795,508441697,40400
18796,1808390984,77140
18797,33973621953,20850
18798,4198959378,34210
18799,5527201538,80000
18800,36227790955,19310
18801,48326487621,18120
18802,8471584346,31240
18803,533581486,39240
18804,2868597426,84080
18805,42776227094,22290
18806,17089269526,26120
18807,4808683776,61360
18808,1048776802,53250
18809,47323197714,25370
18810,59734376004,15830
18811,58834641795,20890
18812,56269074847,13660
18813,33631823894,11340
18814,853388529,53740
18815,33685836978,17420
18816,2571548603,484840
18817,1643197770,91850
18818,32530626896,30620
18819,560550319,35750
18820,30051984842,15460
18821,1098342432,54180
18822,991001074,34990
18823,158230077,46430
18824,222466020,40710
18825,84710804,42690
18826,1010410204,583000
18827,1672330473,71080
18828,64912555569,21090
18829,15256087012,10300
18830,93272237793,106670
18831,1287964189,63270
18832,268726467,44520
18833,38379128084,14740
18834,2155454462,70260
18835,21924780750,21010
18836,1830358843,87880
18837,4877802533,92660
18838,37947213938,141810
18839,51935406492,14110
18840,1456394858,56070
18841,14203848435,13040
18842,28028044957,15980
18843,43891319466,21470
18844,8233894125,273090
18845,524484664,57500
18846,53467110784,19410
18847,300688973,47420
18848,61070687456,22150
18849,41713220542,28000
18850,51154213914,14660
18851,1349053144,87890
18852,12580749760,266220
18853,58091400410,14280
18854,928505880,59280
18855,40107433283,15040
18856,125223383683,15510
18857,8474295221,255810
18858,961165424,89460
18859,961165424,89460
18860,38379128084,14740
18861,59941466032,31910
18862,70561652119,164250
18863,37045766564,25640
18864,1421268512,35380
18865,81354161288,24990
18866,178944981287,12370
18867,700124582,58950
18868,1182759027,35840
18869,2054049516,85420
18870,92556731889,106570
18871,1522418408,88350
18872,20927200744,15450
18873,25390870946,21340
18874,1608603375,482160
18875,1386947012,92860
18876,5100693088,66660
18877,15484020783,13300
18878,4993592386,75260
18879,131990457321,99590
18880,152300602,39380
18881,25950007188,23900
18882,695331164,55120
18883,735503252,37380
18884,2610507576,465680
18885,54813969200,15320
18886,708454354,46710
18887,28817645643,24850
18888,64387235118,22490
18889,1059366348,56530
18890,134217642915,129090
18891,44707290022,18930
18892,61699279243,11480
18893,1697210166,35810
18894,2901608177,57870
18895,402845661,37260
18896,18635719324,15100
18897,31265914644,11600
18898,223208169,44110
18899,8172250064,33180
18900,28727425069,29030
18901,46549464576,14860
18902,38294574307,24220
18903,1419522640,51060
18904,233220419,45960
18905,5207892040,10600
18906,37291167699,22080
18907,40107433283,15040
18908,1195103775,61560
18909,57516114629,11080
18910,1631738995,1000000
18911,1890360831,66620
18912,12635210498,23500
18913,1057815704,55920
18914,1276226649,66200
18915,42072761828,24030
18916,9471677657,250960
18917,133219095,43310
18918,954122070,71000
18919,1272051310,50460
18920,2896307625,50890
18921,45305963933,17170
18922,33689322989,24610
18923,6825304777,31500
18924,13937887246,31160
18925,5370666784,32760
18926,368250558,41670
18927,20022503287,20060
18928,45791166894,180930
18929,26025000339,26760
18930,1803159665,398090
18931,26597638451,11980
18932,50684659701,25410
18933,22051198415,10780
18934,52243000685,22470
18935,585470461,56990
18936,735572309,36460
18937,13882870228,26070
18938,116892276,47100
18939,53467110784,19410
18940,34721363845,26020
18941,30719654234,22320
18942,1984198473,60650
18943,70347446419,16040
18944,27153562936,19380
18945,605910573,54900
18946,1030534069,54550
18947,879826163,93910
18948,1930797868,59970
18949,6536029761,12400
18950,89834610099,107690
18951,1705143848,32200
18952,1257746418,74650
18953,12199064894,32610
18954,16656548476,17500
18955,28239210726,26100
18956,37495008730,15350
18957,809260772,52440
18958,9816664858,31180
18959,16310027550,25050
18960,56732653310,118500
18961,564183957,38700
18962,74708566,47710
18963,27153562936,19380
18964,16371576203,26900
18965,28532854762,20320
18966,35154212207,19100
18967,302660278,37960
18968,1547058868,59350
18969,2386574498,35360
18970,17692850331,15940
18971,72701688509,20130
18972,46751427815,161070
18973,60140852560,20880
18974,28532854762,20320
18975,1494648836,84240
18976,6973303396,51220
18977,49063758173,23020
18978,2387778533,84250
18979,28286652085,17040
18980,103215863394,123670
18981,17596863824,27450
18982,151092871204,29600
18983,1539279228,47890
18984,1400640808,36820
18985,4630741101,74920
18986,56191503927,24740
18987,67195225842,20010
18988,37547961631,16900
18989,25009359999,15920
18990,71416975581,22780
18991,36144847948,26840
18992,38722239880,25800
18993,229095780,43540
18994,91654633352,102060
18995,90396508691,12540
18996,62451478749,123900
18997,1781474749,62320
18998,889693211,66230
18999,19820949925,25090
19000,267098031,46100
19001,981297216,53440
19002,751083944,58250
19003,4929988594,62510
19004,1576680477,52520
19005,1456394858,56070
19006,1631738995,1000000
19007,3009299449,34350
19008,46991134952,16770
19009,13696731951,20480
19010,5921037305,10000
19011,525710008,38360
19012,33128794370,29190
19013,1724192311,60180
19014,1740441176,48350
19015,9639593844,34610
19016,4965735198,33350
19017,115329302,46240
19018,509600067,39880
19019,12956944537,16200
19020,11544330483,18820
19021,106332430,41700
19022,2255116204,49220
19023,1000363556,59660
19024,16090103748,31340
19025,1164730164,34180
19026,28089729007,31110
19027,65139576623,17430
19028,76162062669,161760
19029,2983604386,35660
19030,2293617913,36470
19031,62080968171,11850
19032,46232729183,169710
19033,9617972623,20540
19034,119559130,43360
19035,26178609731,15960
19036,53840856249,19440
19037,2164373349,73580
19038,1705685294,61550
19039,36308356891,114580
19040,6933802340,51710
19041,4380452010,67910
19042,287272676,42270
19043,32277474896,18680
19044,730046525,40470
19045,10588033325,23680
19046,9096597453,23940
19047,1651352251,56370
19048,16956918425,12250
19049,967689915,34700
19050,28969049305,17360
19051,2012350411,55900
19052,908925691,40580
19053,78132681,43520
19054,963584159,38810
19055,1295087770,87400
19056,292213082,45600
19057,2178070367,33230
19058,87818480862,10580
19059,111164141689,15390
19060,521103493,44840
19061,4041503944,81760
19062,1338280096,71730
19063,1005249725,74790
19064,75333812626,15190
19065,89418250370,144830
19066,3964805195,68810
19067,549604735,45920
19068,75468881950,23570
19069,1293903312,55910
19070,50892730586,26520
19071,2458056571,52420
19072,902383557,50770
19073,61278958959,28110
19074,66806253421,20240
19075,14522310942,14060
19076,9451390383,31690
19077,7525980662,33060
19078,13453048540,26040
19079,97556001357,119000
19080,297630474,47470
19081,94782662331,26680
19082,152756057,46300
19083,78007317755,13360
19084,1950416706,34120
19085,3560378030,93430
19086,1388690664,54630
19087,1633878280,64590
19088,3435777742,90220
19089,89637957998,29330
19090,1465363738,86660
19091,15824340416,31220
19092,15172273050,32130
19093,72964523408,23840
19094,1417482006,49450
19095,1630410371,80940
19096,44868604935,142230
19097,1125709515,61230
19098,2649774732,33750
19099,19845625125,16240
19100,5549620249,33730
19101,2610749738,34800
19102,47095388432,21080
19103,417573801,41860
19104,18290663502,21840
19105,1697843459,50190
19106,101898895604,97530
19107,2560112034,37040
19108,1445683913,52780
19109,197152104,40300
19110,37083274318,28440
19111,56335760220,29750
19112,1074374723,51270
19113,1611355995,90740
19114,1962572045,61400
19115,166242710035,105540
19116,33104231917,10680
19117,1660765218,57740
19118,62409364740,18840
19119,44461683118,10240
19120,38969729298,14930
19121,6029379588,58090
19122,456206539,40010
19123,98419112192,141620
19124,12694562021,26800
19125,5840690826,68520
19126,3676435029,323160
19127,2012854466,81850
19128,25991851873,16090
19129,1197574582,76730
19130,7163533745,33380
19131,1184696056,52040
19132,24263189038,13000
19133,17352688335,13240
19134,29519184146,29040
19135,13977867678,24400
19136,90252737233,12360
19137,145414483844,124250
19138,56171645173,176340
19139,57308021554,28980
19140,8788397572,33470
19141,568458504,40550
19142,2307325313,70880
19143,26799977040,21720
19144,198014651,46650
19145,13618910578,19900
19146,876093111,36670
19147,32830187687,27900
19148,55967580342,14710
19149,973751862,75080
19150,66066370,42550
19151,3356420522,35590
19152,41442873078,21580
19153,627524386,60310
19154,2313591278,33800
19155,1631738995,1000000
19156,217335387,39800
19157,1512488269,79290
19158,119857806,43640
19159,49757579097,12560
19160,15580325925,32870
19161,1792230918,66300
19162,43501996949,24530
19163,1057631781,95360
19164,59083013007,13140
19165,38128071798,206230
19166,670315080,77650
19167,1109346495,51350
19168,3628169124,85720
19169,690324251,66810
19170,1631738995,1000000
19171,28361974087,11700
19172,1346657706,64620
19173,26416815952,21300
19174,60140852560,20880
19175,40838574989,28040
19176,63773249173,18360
19177,29648005691,16060
19178,54740870568,135240
19179,3135886130,87660
19180,2492420179,34970
19181,42358022409,167310
19182,33103548418,30030
19183,29967860642,16650
19184,739585399,60500
19185,705716521,84600
19186,2368906458,34220
19187,49342341513,20050
19188,782703438,45740
19189,45248625895,13280
19190,26381824151,30230
19191,967689915,34700
19192,28229514027,18550
19193,45440822326,30180
19194,34816312754,14470
19195,217615589,45760
19196,21639659977,19390
19197,8021072985,52940
19198,48932072348,19030
19199,52386653634,29120
19200,73001812274,135010
19201,108897026763,24110
19202,48880466305,24210
19203,4437913312,87790
19204,958549335,50990
19205,802275519,53160
19206,2192809826,33420
19207,77497555020,127960
19208,28817645643,24850
19209,1186908578,48110
19210,13074164597,16600
19211,117210791201,24970
19212,2917408077,69830
19213,1550538676,62800
19214,85376013248,28410
19215,2398425953,47990
19216,1631738995,1000000
19217,24792833125,13940
19218,19068532632,12940
19219,14219690356,15630
19220,18911838573,28280
19221,19621303841,19800
19222,2818132770,52710
19223,34051118165,16520
19224,64324404296,17640
19225,64864154,44620
19226,152267874,42000
19227,2180976166,73670
19228,119819066,47500
19229,32670578675,26700
19230,2913021873,69120
19231,45616050575,26400
19232,217335387,39800
19233,26285418960,31200
19234,42685269622,22770
19235,92253982151,147010
19236,41111666437,20870
19237,31705464373,12970
19238,167530346,40850
19239,67761898719,28330
19240,2233258423,452240
19241,38722239880,25800
19242,1631738995,1000000
19243,943909912,37950
19244,1829242803,49260
19245,136153451640,111850
19246,81968479692,14320
19247,8581767922,32550
19248,45942275295,13950
19249,521103493,44840
19250,1151738606,54950
19251,606486561,44410
19252,2199594155,62280
19253,1186202406,63680
19254,4966059338,14200
19255,98056849165,17130
19256,31634145708,23080
19257,83360458105,97360
19258,91369064978,28730
19259,17913562656,22840
19260,6099385257,57770
19261,40594907107,26590
19262,23521342765,20400
19263,839678439,40530
19264,36957900638,26660
19265,70094774695,118030
19266,16984526495,16610
19267,77280774631,19730
19268,36500486978,17110
19269,215652556,43320
19270,750345998,54270
19271,671646324,62700
19272,2084098603,37970
19273,35154212207,19100
19274,25312099205,15110
19275,114177850,44350
19276,25275200839,17350
19277,1152596396,60370
19278,45940864219,18280
19279,674882483,37450
19280,48848208179,95640
19281,16911672567,26580
19282,2998373815,34030
19283,1492066379,51250
19284,674617499,64330
19285,80958676723,135570
19286,78074623714,16220
19287,2092435391,34200
19288,1829242803,49260
19289,1765653200,49780
19290,1809368779,36150
19291,1720057529,35920
19292,476636108,39420
19293,124613522134,23610
19294,5130609805,30750
19295,42967339330,20970
19296,1322325802,83200
19297,1951360074,51160
19298,15118294498,27010
19299,12995868583,17580
19300,105929741,41000
19301,97431212785,21610
19302,1558267474,77090
19303,2001257133,35070
19304,1388690664,54630
19305,1481784264,60790
19306,29092281328,20450
19307,119819066,47500
19308,1547344793,77620
19309,1494231887,62340
19310,92360541779,141700
19311,59119860557,17980
19312,25275200839,17350
19313,105820796759,20910
19314,49359018714,15250
19315,862465548,53600
19316,130780453847,102480
19317,25390870946,21340
19318,1631738995,1000000
19319,51627841728,17080
19320,55126430988,14190
19321,27237505980,20300
19322,691354610,35550
19323,37547961631,16900
19324,2087485443,90290
19325,583181080,38200
19326,29891347869,28270
19327,1240499468,51650
19328,4521382213,55980
19329,7171896670,18400
19330,28239510390,25450
19331,2916084824,35780
19332,1116156053,35500
19333,42484091798,27700
19334,63164869252,169560
19335,2036664112,50830
19336,63357620363,22330
19337,24280202958,17950
19338,7799241001,32970
19339,25114083678,11190
19340,110349845736,15560
19341,33438027393,162100
19342,713115969,38460
19343,119857806,43640
19344,40581309322,21180
19345,12635210498,23500
19346,20047359759,28400
19347,30931706509,26560
19348,6618928776,31350
19349,47570883871,22530
19350,590154290,36500
19351,953393809,35120
19352,39709193489,18920
19353,42843779600,17660
19354,1092328277,70310
19355,735503252,37380
19356,109447499262,116790
19357,46609776660,13720
19358,12694562021,26800
19359,10460628957,25000
19360,2829868299,35340
19361,10411227263,278930
19362,114919085133,138740
19363,2742390603,32900
19364,1633066182,53430
19365,2193115670,52410
19366,19452232416,23220
19367,1537935129,75330
19368,60734190187,22550
19369,1872927047,51520
19370,4688531651,52530
19371,1894500725,76090
19372,4528041213,358300
19373,76474439181,28190
19374,20209723738,17710
19375,1285460878,92970
19376,2627253301,63770
19377,1241220681,531990
19378,13519111647,21740
19379,338272219,40690
19380,8085474109,11000
19381,148305854610,29560
19382,78221692149,13850
19383,24953211633,28020
19384,75969812078,147780
19385,2381508863,34750
19386,21639659977,19390
19387,70225726971,147940
19388,15139950852,12000
19389,106332430,41700
19390,50522153174,32420
19391,56013076995,16820
19392,55010430037,26160
19393,47590817538,15700
19394,65321368387,28550
19395,38782682113,25260
19396,1360456133,63380
19397,106750588859,113820
19398,1495104650,63690
19399,2152646533,48320
19400,3613167337,69410
19401,43685827197,19450
19402,484409014,39860
19403,1438163572,655610
19404,38782682113,25260
19405,61467253282,18790
19406,53467110784,19410
19407,238295547,44380
19408,153169842,45100
19409,14260621217,23650
19410,55378221550,27380
19411,1588951347,88200
19412,121622319344,25810
19413,36372739840,19960
19414,11322932870,14040
19415,174546255,38420
19416,2941099843,372440
19417,58138179192,26930
19418,23067459600,16620
19419,65589543783,11550
19420,97197720020,14970
19421,1339249386,51780
19422,23735100865,25780
19423,278801205,45160
19424,1169033083,37870
19425,21332525229,18200
19426,1663291256,49160
19427,160706635,42020
19428,21245108197,22380
19429,54349301320,24460
19430,9108554624,31740
19431,119427252026,29260
19432,62050792018,17220
19433,339957117,40830
19434,999240298,84180
19435,1095472545,66590
19436,35404519616,11820
19437,59143909418,26360
19438,2666194362,77290
19439,2737621213,35740
19440,17967957924,18030
19441,14112508657,31980
19442,15885102275,21750
19443,479224048,40960
19444,50197576655,22190
19445,1919119578,764750
19446,94782662331,26680
19447,78518605,42990
19448,20047359759,28400
19449,3617961302,32100
19450,6007370089,304430
19451,764568562,39140
19452,1918293445,68570
19453,18032677363,18350
19454,2617938791,35180
19455,29519184146,29040
19456,1168145265,50870
19457,2794625181,34110
19458,66017402123,24160
19459,56792157328,13580
19460,2517732161,50690
19461,2540688061,58610
19462,47565396463,154840
19463,16128464735,16150
19464,79121136335,21970
19465,1871840352,76010
19466,6062647024,32050
19467,75455562305,17060
19468,29891347869,28270
19469,1274800634,50200
19470,91020757658,96960
19471,15256087012,10300
19472,3406584300,34520
19473,6794665272,33360
19474,19844523867,19020
19475,52954844225,27750
19476,1260568693,69010
19477,1333777695,57980
19478,75484254726,26310
19479,35427407247,12100
19480,45159626041,17050
19481,35927370258,16140
19482,2149283233,50070
19483,1006713557,57270
19484,21631552444,26750
19485,18187169458,25340
19486,60256838359,12760
19487,261344160,46980
19488,15016173997,20700
19489,76122229016,15310
19490,113423045910,17530
19491,1442756139,53460
19492,1488943050,35930
19493,2918197614,93810
19494,1014087521,37360
19495,11331466254,262860
19496,19221989618,21850
19497,53172929564,22820
19498,1836771751,50570
19499,60071347121,24710
19500,208686901,44760
19501,4909566148,33050
19502,184195569242,29900
19503,8037842913,21950
19504,21319622040,18000
19505,676105244,39610
19506,627524386,60310
19507,98361755870,28680
19508,28239516012,25200
19509,24287704285,18740
19510,609632980,37150
19511,1873038560,35760
19512,73929846927,18070
19513,3236275601,32580
19514,20633379777,31360
19515,1853020167,52150
19516,963584159,38810
19517,572206676,40600
19518,890798603,57490
19519,28239516012,25200
19520,19621303841,19800
19521,1094495902,60040
19522,2329006145,53130
19523,31624462478,27350
19524,1218546002,59900
19525,1232882764,55840
19526,121966366,40100
19527,1592087188,67340
19528,2580239509,51030
19529,295033679,38490
19530,2375490786,58510
19531,25574467318,20360
19532,56878540841,13930
19533,374047654,41930
19534,16696015260,30900
19535,142126143376,28920
19536,5207892040,10600
19537,144112788874,103510
19538,1047695139,36640
19539,596472008,39210
19540,3233412643,89830
19541,2127675535,83550
19542,45083877970,19610
19543,47562198606,167620
19544,1199268074,67780
19545,637003518,56340
19546,15721573027,21710
19547,49427172601,30040
19548,18305845572,17240
19549,1593758003,35630
19550,355284019,42120
19551,92116688823,98600
19552,187397207463,29370
19553,24953211633,28020
19554,18258613188,10450
19555,906877153,52140
19556,1291075738,89520
19557,1837042852,67840
19558,1470172253,72580
19559,1656425328,57650
19560,21439255372,18110
19561,84781656825,148300
19562,18102980032,14800
19563,96497170884,21910
19564,1577414887,88780
19565,42993873724,25540
19566,1744107747,69520
19567,68827732899,25160
19568,78518605,42990
19569,49591181675,30380
19570,1643631467,35950
19571,26530295654,11950
19572,3729506770,33580
19573,2476668061,48340
19574,86634682,46820
19575,4970471705,341960
19576,55908798925,185020
19577,79748411645,28320
19578,24981432612,23780
19579,1294997156,67580
19580,4854570977,31700
19581,1807994498,94990
19582,802463687,52400
19583,49783597064,14780
19584,91903229637,16080
19585,31634145708,23080
19586,1631738995,1000000
19587,29634990721,24500
19588,61148974457,25580
19589,64307640,47530
19590,1059076716,581050
19591,868116865,55960
19592,56663813217,20660
19593,254226091528,29580
19594,56618718920,27680
19595,9073676657,24880
19596,40962683772,20600
19597,39603242522,29780
19598,284665383,43840
19599,2351342404,49430
19600,30628819627,211640
19601,2571545405,49960
19602,56730751704,22520
19603,1210094349,38980
19604,49207048783,21960
19605,44666807001,15580
19606,2944965805,88990
19607,1548645699,849490
19608,33854502558,23450
19609,1724192311,60180
19610,47262307720,19720
19611,60958797746,11780
19612,1951964637,59870
19613,5620132594,79480
19614,210852314,42290
19615,2178070367,33230
19616,102475692965,28530
19617,1206769635,61050
19618,39059444512,25850
19619,17040484266,23950
19620,1047788409,37210
19621,134360779664,29430
19622,239984672,46290
19623,1937719630,77410
19624,22881111223,202050
19625,5507049610,288200
19626,153467040,41180
19627,41851576292,15400
19628,2881351931,32500
19629,1322608488,89610
19630,28575728644,21860
19631,336725235879,16430
19632,101975980531,20730
19633,356588253,45270
19634,8134293297,32780
19635,91899531385,106020
19636,1935742425,52890
19637,2107614226,81300
19638,1351466665,91500
19639,4102048485,57230
19640,823961845,59440
19641,62661577101,21940
19642,85851341859,17180
19643,105872462044,138340
19644,4267033868,60130
19645,28303784697,16720
19646,321407856,45010
19647,1102126295,76190
19648,73072512307,19060
19649,16621932651,17300
19650,80432649,40080
19651,1494049925,54060
19652,167049769,41270
19653,39520178022,154900
19654,15016173997,20700
19655,55293907816,25350
19656,44095473091,28180
19657,18635719324,15100
19658,386703694,36200
19659,90396508691,12540
19660,837503861,78700
19661,614402784,37490
19662,27475232553,20550
19663,20751108190,23100
19664,1650163375,57780
19665,736721323,77300
19666,117569282325,122320
19667,2301824773,81060
19668,47587072634,16460
19669,476636108,39420
19670,1082159705,69750
19671,3132237278,34370
19672,259519562136,24480
19673,1598351374,57800
19674,77575422683,116230
19675,79245177194,28800
19676,101855822514,137000
19677,18658263160,30460
19678,62504361229,29400
19679,1414768155,58570
19680,1416291125,66280
19681,20646758302,114290
19682,1732207667,48190
19683,1055669548,58780
19684,711674046,53850
19685,1849805416,33780
19686,43988405080,18250
19687,15824340416,31220
19688,42029013416,26880
19689,3884280119,51080
19690,175181366,47320
19691,1316543277,63640
19692,18803265229,14600
19693,1187118243,36550
19694,1564217845,68530
19695,72979627957,28470
19696,28239210726,26100
19697,24252413441,20200
19698,13327051013,12800
19699,2956533340,48300
19700,76992690621,127640
19701,1603853558,75340
19702,85323155985,24690
19703,82917039713,148210
19704,627524386,60310
19705,635774859,56600
19706,654061617,38510
19707,39723842489,19880
19708,34202441186,22400
19709,46150388127,15280
19710,1375217247,80100
19711,4139972881,33920
19712,36811050346,18850
19713,31343462603,30850
19714,16696319811,22580
19715,2344159088,33700
19716,43988405080,18250
19717,15484020783,13300
19718,25390870946,21340
19719,25950007188,23900
19720,21894588801,23600
19721,23214113792,32630
19722,1865253164,37030
19723,4424944880,32620
19724,1678301001,67970
19725,147699194585,118580
19726,62234736374,15990
19727,16856330150,15500
19728,1576456905,75100
19729,41132067628,27300
19730,77358320092,25870
19731,82011306999,27030
19732,15016173997,20700
19733,797573944,51700
19734,5281333709,326520
19735,5370666784,32760
19736,6466075967,32690
19737,23741234218,100200
19738,2681192011,53870
19739,20483685045,24680
19740,304525348,42850
19741,1307570941,52050
19742,61225260345,18720
19743,1951360074,51160
19744,1270584420,91080
19745,1012483522,34000
19746,28575728644,21860
19747,1060791960,36950
19748,23560162431,18710
19749,4526259606,76410
19750,78202753357,16160
19751,1773387824,39050
19752,7336200024,34130
19753,79528422771,162870
19754,1072673738,59580
19755,5782621360,33320
19756,74240862370,24280
19757,310240902,46670
19758,249824200,46270
19759,35149095400,22280
19760,54741634366,18810
19761,6968645360,13500
19762,9131255530,17200
19763,967689915,34700
19764,1665829483,53900
19765,61699279243,11480
19766,1340343187,58720
19767,356202685,43530
19768,1042940702,48440
19769,24665681208,17100
19770,89115064498,24290
19771,78155017496,20680
19772,3390898536,86740
19773,18741652662,21500
19774,69486195,47140
19775,24942410999,13550
19776,72275575737,18690
19777,270577793,40150
19778,14406325076,28100
19779,1251239695,51300
19780,6536029761,12400
19781,1795306695,55020
19782,21894588801,23600
19783,14755481980,26440
19784,30809472740,20620
19785,170482567480,96340
19786,1819332909,85520
19787,32929114522,17720
19788,1270584420,91080
19789,15713574477,24100
19790,200720067,42280
19791,727324879,64300
19792,2920275994,63720
19793,58852466552,14380
19794,23530631499,26320
19795,114223554972,29180
19796,38443478585,13630
19797,12051415200,220190
19798,205936537,42960
19799,15101702599,12500
19800,500180676,38930
19801,1792533582,56710
19802,65378861284,15710
19803,2703839543,50600
19804,68577663858,16070
19805,372410083,39690
19806,14406325076,28100
19807,11740205694,25700
19808,43897044541,23160
19809,1453138586,52000
19810,85346111931,100040
19811,35213785935,27800
19812,29634990721,24500
19813,15680717211,23050
19814,512139464,39280
19815,11171899613,24450
19816,1238314076,74410
19817,1781781400,51790
19818,18973023210,21200
19819,891157635,86590
19820,1675679609,82000
19821,496555472,36050
19822,45184795444,14360
19823,1099500483,63490
19824,11702591275,20800
19825,1331698110,56220
19826,13851673776,19200
19827,402826796,44550
19828,1048776802,53250
19829,71825248297,22560
19830,54561378707,25910
19831,293126043,41430
19832,62157265372,14150
19833,613705540,39700
19834,21817176627,19120
19835,100596830161,29700
19836,1528666910,71830
19837,137864928504,17020
19838,36811050346,18850
19839,24055718990,198550
19840,2027480615,70220
19841,86027768469,20380
19842,1796942189,63070
19843,3770611690,34550
19844,30688222926,18130
19845,45173635137,23430
19846,45204939260,10900
19847,530805181,64920
19848,30081491997,17620
19849,1357362796,65770
19850,386703694,36200
19851,1338831933,72610
19852,33527478892,19660
19853,34051118165,16520
19854,2338382910,92150
19855,205936537,42960
19856,5370666784,32760
19857,5921037305,10000
19858,61073622396,23340
19859,1310635926,50840
19860,280345467,39760
19861,1602321798,73480
19862,1990829204,50520
19863,278624276,41060
19864,1631738995,1000000
19865,72257839175,29350
19866,2406320647,58280
19867,771354941,37120
19868,25922689803,25100
19869,19889035527,21700
19870,586991972,36980
19871,34434721222,13710
19872,3011330685,34920
19873,1456537149,61780
19874,402845661,37260
19875,25275200839,17350
19876,540955788,39750
19877,21332525229,18200
19878,86007273344,27630
19879,1628413143,66650
19880,43964464699,16280
19881,789749166,40270
19882,26785007357,24570
19883,35149095400,22280
19884,23493083807,18950
19885,516857788,48100
19886,15016173997,20700
19887,62517854534,20150
19888,38678525659,152480
19889,4125523889,34300
19890,70758428673,11920
19891,1890926846,68980
19892,751083944,58250
19893,2193159158,36560
19894,2696268362,47930
19895,802463687,52400
19896,62331320667,175280
19897,72787882081,24130
19898,88608614331,19910
19899,16250883444,22340
19900,12747976938,241370
19901,2206300998,34070
19902,1519867384,79340
19903,1508168578,92010
19904,3999006060,36430
19905,24628664082,17600
19906,1168547802,88050
19907,42053547758,24320
19908,10379975085,30400
19909,20798791919,15850
19910,601281229,37760
19911,932425658,38850
19912,1063372437,56960
19913,28239516012,25200
19914,19533110212,19500
19915,116720651,42800
19916,2055280452,35440
19917,1059157434,65700
19918,2227642435,75170
19919,357850812,58600
19920,58192362683,29520
19921,138963756,39500
19922,39059444512,25850
19923,1450494928,75550
19924,1037414594,36600
19925,9283190804,33130
19926,159793980,46900
19927,37103997546,12720
19928,1232882764,55840
19929,207230984,39180
19930,2338097222,56250
19931,2319379118,79780
19932,2048490622,64240
19933,54873856257,23130
19934,4477860533,35390
19935,23357523209,26850
19936,1190480370,48180
19937,119157909,47630
19938,1705143848,32200
19939,75125954302,28210
19940,25784050372,22000
19941,30661738016,19650
19942,44983229310,16170
19943,55353179998,18530
19944,62485842,44300
19945,25238803212,20460
19946,41213701,42920
19947,7171896670,18400
19948,1522612028,68760
19949,963584159,38810
19950,15706772192,17250
19951,1845078000,64880
19952,21538411805,22870
19953,1631738995,1000000
19954,40962683772,20600
19955,1451011643,40650
19956,29721041732,19340
19957,311408651,43340
19958,15328257395,26340
19959,153307044021,15370
19960,20483685045,24680
19961,1873038560,35760
19962,43580075260,20250
19963,1039009451,91140
19964,1494231887,62340
19965,254524967,45350
19966,2344866946,51620
19967,33322034218,31590
19968,495586357,51000
19969,54074103915,13640
19970,7719595736,33270
19971,48932072348,19030
19972,55241510149,29100
19973,1933009877,67690
19974,496555472,36050
19975,12564986713,25760
19976,697319039,44220
19977,307021607,39130
19978,2002897377,83420
19979,68993720916,122500
19980,109477212,46920
19981,2217498872,49090
19982,36133620209,186600
19983,1731891694,35520
19984,16984526495,16610
19985,28592621127,21220
19986,62245281583,121650
19987,17919348647,24840
19988,2775019564,65230
19989,2255317749,50210
19990,22851451315,30700
19991,67098565156,102200
19992,55488647090,17260
19993,532428215,41390
19994,20927200744,15450
19995,214510322,38400
19996,553654429,39350
19997,1690717450,70170
19998,3226634564,49740
19999,64674009756,18780
20000,5042840499,78570
20001,65940592301,106550
20002,1254673458,38430
20003,250867977,37200
20004,51182012863,97650
20005,3709163718,76840
20006,6035310102,31380
20007,183865535,42890
20008,1843103391,50260
20009,144294738,44980
20010,1864721389,65500
20011,826738536,62260
20012,1715736302,68460
20013,43518029514,164600
20014,2607253612,52690
20015,82925456600,24560
20016,24547816617,203670
20017,63131551527,148800
20018,19221989618,21850
20019,90256966638,29660
20020,97161135608,29450
20021,306086293788,29320
20022,122094269892,101210
20023,215915717,47170
20024,33661785903,26790
20025,1256195853,70390
20026,1242770466,56520
20027,925032490,56800
20028,75470879077,16340
20029,1295678159,62200
20030,77863713959,25660
20031,10460628957,25000
20032,17128374143,32910
20033,2315328096,59720
20034,71584274498,102030
20035,169631376,41300
20036,151636519,47670
20037,158580372,43300
20038,18635719324,15100
20039,13597838470,21400
20040,51393903441,19510
20041,15075237399,20500
20042,49235057290,20100
20043,2049879598,438940
20044,1042940702,48440
20045,378341183,40640
20046,14203848435,13040
20047,52065406763,22020
20048,4486537366,76490
20049,3080295852,49460
20050,153763734186,10660
20051,13977867678,24400
20052,75470879077,16340
20053,1622094122,71400
20054,12175959216,13600
20055,5497574956,31420
20056,28028044957,15980
20057,3460397229,89730
20058,2936885700,88610
20059,27776778220,22750
20060,2498230994,73010
20061,62206717779,13220
20062,1631738995,1000000
20063,6618928776,31350
20064,68542529613,22630
20065,9505263951,32590
20066,52981205796,11590
20067,184125576,44970
20068,15348844245,17480
20069,91431856244,16270
20070,64908345929,30220
20071,2268927280,60690
20072,6968645360,13500
20073,1508173234,73540
20074,13977867678,24400
20075,55658814898,29760
20076,1433115079,48790
20077,289209913,44850
20078,1259509624,65270
20079,3182091335,62910
20080,7720832534,17790
20081,61307349242,124110
20082,7742634553,34860
20083,383566665,39890
20084,51349319228,27490
20085,86084812260,110100
20086,11559053251,24340
20087,158230077,46430
20088,1609858635,37620
20089,42086966196,21550
20090,79849030588,27970
20091,12995868583,17580
20092,2480919287,82130
20093,36482134180,30530
20094,97888066610,138390
20095,26583099214,26300
20096,31130056273,21240
20097,1637512572,61940
20098,1631738995,1000000
20099,5352032196,52870
20100,3680650113,34600
20101,11835160642,32860
20102,27762926584,25500
20103,85800874681,20230
20104,1869571294,84330
20105,48932072348,19030
20106,36498411058,31440
20107,405438678,38750
20108,40640402580,25770
20109,63357620363,22330
20110,143183014,47550
20111,48879509064,20260
20112,141989265372,18410
20113,327021674,39930
20114,5165734982,73440
20115,1386883776,74560
20116,52254634753,30390
20117,960806645,37310
20118,131600299708,125150
20119,1369554320,60610
20120,163792207,46350
20121,33839203965,26500
20122,12182235393,16920
20123,749752075,57290
20124,21018328003,25940
20125,7799241001,32970
20126,1177348060,88500
20127,46578377715,30650
20128,1135105699,64160
20129,32881649327,16860
20130,10708572650,12900
20131,8933766969,10120
20132,68798509268,18440
20133,55183628089,21870
20134,104248444609,121320
20135,6003662795,59840
20136,15256087012,10300
20137,81098926703,11140
20138,54916054073,23630
20139,5514459437,67060
20140,1641885928,76930
20141,432746269,41360
20142,804019452,40620
20143,3783970305,34760
20144,66289101676,29950
20145,100275085420,28490
20146,51618539927,27760
20147,47145317344,16890
20148,13618910578,19900
20149,47530310120,18590
20150,619306389,58550
20151,91903229637,16080
20152,78752490858,26830
20153,76901972793,23280
20154,11578482888,23890
20155,52243000685,22470
20156,54349301320,24460
20157,195819684,43600
20158,30310855411,11640
20159,11702591275,20800
20160,87350561743,146820
20161,214510322,38400
20162,846924114,61800
20163,4051755039,86720
20164,1377465902,82880
20165,48538423419,22040
20166,38443478585,13630
20167,144276376,46680
20168,1441816731,52480
20169,37083274318,28440
20170,49783597064,14780
20171,153169842,45100
20172,309643652,39900
20173,384404229,41610
20174,46646968672,107430
20175,47590817538,15700
20176,58321181402,12290
20177,49067806679,11740
20178,3193024123,93940
20179,59269671238,102690
20180,44831831469,182160
20181,222382913,38600
20182,65012503117,24910
20183,1090532987,52370
20184,1927027895,36270
20185,1404498551,50420
20186,9975585772,19360
20187,3537288274,91470
20188,120558737,44320
20189,144524017651,113720
20190,67199066508,166460
20191,64890665743,26240
20192,2217307148,73090
20193,619306389,58550
20194,26983698392,30790
20195,2249133312,62820
20196,50618437140,109820
20197,950832765,63300
20198,132797188,42250
20199,7602017647,32410
20200,33555873981,12200
20201,14853559028,18560
20202,27237505980,20300
20203,1525900791,61320
20204,31130056273,21240
20205,1206555222,51980
20206,75738004561,27770
20207,47188230093,14750
20208,5084091016,70320
20209,24976397681,164890
20210,116720651,42800
20211,156878674799,16030
20212,49105597402,23860
20213,28817645643,24850
20214,28361974087,11700
20215,190037387,42050
20216,37866747690,26980
20217,27671774509,208780
20218,62039307124,102890
20219,131493936,40240
20220,71062243226,12520
20221,2813222283,33950
20222,38782961621,15440
20223,2406794113,86900
20224,10777764971,11400
20225,93213766,42900
20226,80734094062,12190
20227,29813193179,183680
20228,973751862,75080
20229,271300194,43030
20230,1691634481,57890
20231,112514015947,19290
20232,49424817345,17160
20233,4917104563,68920
20234,766491088,38780
20235,79597539855,148360
20236,1233846852,78350
20237,2632640510,54320
20238,310943529135,29240
20239,1333428994,78170
20240,1305674784,60270
20241,1761245488,53210
20242,187305399,43120
20243,41442873078,21580
20244,31965056762,16400
20245,1817160414,54130
20246,6466075967,32690
20247,817111941,51050
20248,6710646339,33880
20249,91259832415,14990
20250,1270584420,91080
20251,2533631926,36730
20252,71345114861,131110
20253,373789449,37940
20254,14854935840,26000
20255,36489171794,25010
20256,156230957,44690
20257,966607496,36100
20258,93015524300,25510
20259,3814964572,35530
20260,104901608231,103140
20261,866302718,40760
20262,1853552638,51470
20263,1820263706,52650
20264,2839379375,57350
20265,16984413170,31730
20266,81648706161,134080
20267,43271837939,21480
20268,906877153,52140
20269,18307813892,26600
20270,745431878,48840
20271,4897244715,65460
20272,5207854371,71370
20273,26583099214,26300
20274,57925406744,15220
20275,363929049,36660
20276,62721023855,30210
20277,407722534,40120
20278,105888030,46450
20279,1863952322,74940
20280,86772672167,118890
20281,14789513945,19790
20282,1464000125,38570
20283,1806458844,646970
20284,31473491054,24700
20285,1378201334,52900
20286,2307892964,89950
20287,117710392325,135350
20288,1705178955,49880
20289,54801139311,30420
20290,210330962,43440
20291,61794661422,15550
20292,90924982837,124220
20293,89432759781,29140
20294,227726680,39710
20295,14260621217,23650
20296,117287800870,24370
20297,37547961631,16900
20298,81405124243,99940
20299,48233420339,25240
20300,22574448053,28520
20301,1514124327,50730
20302,1361621052,812570
20303,10021897467,23200
20304,1631738995,1000000
20305,11831712228,238240
20306,15016173997,20700
20307,432346859,40250
20308,1396458249,85550
20309,61070687456,22150
20310,21948421961,221350
20311,751083944,58250
20312,88500753266,13420
20313,528564721,57620
20314,71399643081,16310
20315,20328737308,27660
20316,15269062707,11500
20317,19889035527,21700
20318,46416427689,22600
20319,74894149910,26890
20320,15484020783,13300
20321,47420037135,21790
20322,668040133,52120
20323,4001804754,79930
20324,1449605088,33650
20325,14687326283,31540
20326,154238727806,28910
20327,2040521120,33550
20328,1089130858,65840
20329,54801139311,30420
20330,1492260545,87750
20331,11253340546,31780
20332,159616958,39490
20333,95618918454,29890
20334,258788012,42240
20335,1641490488,36970
20336,31980352960,19540
20337,97697249580,23690
20338,70825573759,26430
20339,40838574989,28040
20340,114370697089,25290
20341,815937496,67180
20342,67069395640,21490
20343,810003039,61750
20344,40962683772,20600
20345,15139950852,12000
20346,19381245471,32370
20347,42685269622,22770
20348,9666645468,20920
20349,47095388432,21080
20350,2222247275,35310
20351,39341073855,22100
20352,1814702980,483410
20353,38403288276,135660
20354,13851673776,19200
20355,5165356091,86380
20356,108074763434,114450
20357,167402673,39270
20358,19876439793,30100
20359,59269671238,102690
20360,74165287901,30130
20361,289105316,37510
20362,207929605,46590
20363,674882483,37450
20364,1779667945,50370
20365,2591459633,35060
20366,114607454828,17740
20367,54653907275,13480
20368,996243223,57680
20369,9975585772,19360
20370,414655614,39460
20371,22738853349,10080
20372,25390870946,21340
20373,5207892040,10600
20374,201931355,45430
20375,107731290369,14310
20376,2178052381,71200
20377,60191018003,129510
20378,124914670722,97830
20379,10545485697,32040
20380,72566402099,28030
20381,1397574382,67820
20382,120558737,44320
20383,245443850,42470
20384,471868313,41810
20385,1846625561,65900
20386,1351713246,80500
20387,58091400410,14280
20388,3445820375,88950
20389,83383630653,97070
20390,22210244914,32830
20391,94899980341,24730
20392,35668694476,15120
20393,49591181675,30380
20394,152549351101,96100
20395,19166847708,16480
20396,295129914,41400
20397,1903166029,52010
20398,986348817,34390
20399,62337635512,12950
20400,97697249580,23690
20401,45440822326,30180
20402,2846401848,56290
20403,718375719,39360
20404,4126560036,48730
20405,4045238011,86490
20406,4897782541,31560
20407,16371576203,26900
20408,526448295,38640
20409,1366734943,68200
20410,25259689223,24780
20411,1371970622,63830
20412,1736613897,48930
20413,51132409411,14540
20414,590154290,36500
20415,72751336000,96460
20416,67652384114,10700
20417,78999070290,27980
20418,15256087012,10300
20419,3535379960,55070
20420,1002319617,60550
20421,786568730,56390
20422,17290270887,11750
20423,65889157625,24930
20424,1641490488,36970
20425,55117435225,120100
20426,16090103748,31340
20427,9562877263,258640
20428,126888602996,29860
20429,44771031966,30550
20430,4964876850,50090
20431,845600984,66500
20432,55474904428,12850
20433,809260772,52440
20434,32189655749,100520
20435,29648005691,16060
20436,21631552444,26750
20437,52979731247,155540
20438,64799861,47120
20439,87890898938,122110
20440,962307346,55520
20441,40143322519,25720
20442,123409189134,95840
20443,3414551065,80320
20444,16666559748,22200
20445,26530295654,11950
20446,1775987998,54250
20447,613915523,40190
20448,137243064175,95920
20449,17925682744,232940
20450,151851617,41500
20451,2202216440,63220
20452,42716089974,30910
20453,1168145265,50870
20454,424756252,44590
20455,467625318,44190
20456,43865790894,19280
20457,85468325261,20950
20458,47114185728,27210
20459,982700275,63280
20460,62923519,46140
20461,79849030588,27970
20462,1416581140,73050
20463,32974521076,10950
20464,15075237399,20500
20465,25132530789,22360
20466,5195435764,65610
20467,35154212207,19100
20468,1090224046,48410
20469,52212028291,24490
20470,151092871204,29600
20471,29996142229,28860
20472,152907000674,30260
20473,91181218764,11840
20474,270161958,45480
20475,38199392376,11860
20476,2381508863,34750
20477,1771199922,55810
20478,5506837978,33000
20479,35846434103,12550
20480,12182235393,16920
20481,96497170884,21910
20482,27759015979,10200
20483,32470386257,28710
20484,36178077994,22180
20485,9666645468,20920
20486,76901972793,23280
20487,1657650363,58240
20488,8961575045,33570
20489,8248201123,34260
20490,4424944880,32620
20491,52386653634,29120
20492,1190299858,65830
20493,74852945202,22240
20494,857386299,38710
20495,558687882,41030
20496,28969049305,17360
20497,2868083201,88390
20498,2296422168,61810
20499,23735100865,25780
20500,47721839131,13650
20501,1312832502,58320
20502,1475056818,48480
20503,77418419883,18210
20504,1463088335,73360
20505,4864762711,32980
20506,38224446984,190360
20507,53537785008,15520
20508,238836015079,30010
20509,16845581696,11410
20510,60991101392,13310
20511,829358399,59040
20512,15721573027,21710
20513,30152653742,14940
20514,78508744,42300
20515,585470461,56990
20516,2399827597,48430
20517,1491645082,36880
20518,1463336641,58730
20519,72964523408,23840
20520,660495848,59160
20521,47744486793,25080
20522,2790720011,420630
20523,25553867219,28340
20524,517616088,38900
20525,3283615039,84190
20526,1405592789,35140
20527,993295507,56400
20528,62142363351,24390
20529,36291091355,20440
20530,4982246133,31680
20531,39945137540,22900
20532,278624276,41060
20533,62705133170,112110
20534,27382587360,217780
20535,1848522896,37320
20536,24263189038,13000
20537,608064957,94890
20538,1431257500,85410
20539,1870988809,66240
20540,1303247585,73660
20541,71669866242,11880
20542,578587727,45770
20543,1660421545,89400
20544,778170920,71840
20545,14853559028,18560
20546,42393855705,18050
20547,20707959506,18860
20548,1226277430,55800
20549,64908345929,30220
20550,5370666784,32760
20551,97161135608,29450
20552,39368373109,23720
20553,39244436334,19620
20554,1552587141,56260
20555,76901972793,23280
20556,2221254959,928580
20557,55065325562,23540
20558,17284911426,22990
20559,4448963045,69290
20560,9975585772,19360
20561,60828581097,26410
20562,2097954495,34160
20563,48385818617,17560
20564,97880133,45450
20565,26629296406,31930
20566,27825526306,17900
20567,103154597632,137770
20568,74887879477,24950
20569,218254140,41040
20570,427991296,40670
20571,9131255530,17200
20572,2352620525,70930
20573,53790511802,31370
20574,590154290,36500
20575,2441971086,54160
20576,1011865248,52180
20577,103895973113,126410
20578,24263189038,13000
20579,30195269319,25280
20580,27382133872,24980
20581,104180525074,130000
20582,1149037679,49250
20583,1950994194,694790
20584,3248575844,389050
20585,3684025360,40410
20586,4052766603,86310
20587,55429551497,169610
20588,24234773005,33810
20589,1676183383,68260
20590,81252962545,131550
20591,2727877506,61200
20592,76916233090,158440
20593,145510997400,104700
20594,1590342922,67710
20595,21621514595,21450
20596,37045766564,25640
20597,5006451271,54220
20598,35149095400,22280
20599,104246320,42370
20600,46150388127,15280
20601,61709873190,25610
20602,141771872065,100920
20603,2440211566,82610
20604,55482136423,22570
20605,241480383,40000
20606,58339597241,27220
20607,41310928181,12990
20608,16310027550,25050
20609,76993929,44700
20610,114152055080,111080
20611,4689412440,31900
20612,1090037166,40950
20613,150764185261,29500
20614,1809368779,36150
20615,26381824151,30230
20616,97535738059,29020
20617,1460930708,55360
20618,19483650662,30820
20619,11942868994,33520
20620,29880351046,27520
20621,11663075335,10800
20622,4542522426,76590
20623,449962127,42950
20624,214770472605,29720
20625,24665681208,17100
20626,1631738995,1000000
20627,1660765218,57740
20628,49067806679,11740
20629,53799554756,21120
20630,103956192075,13230
20631,14522310942,14060
20632,14073065206,23250
20633,319486385,44600
20634,358643074,40050
20635,172769859,41720
20636,8085474109,11000
20637,84507726573,28500
20638,2014089021,76760
20639,19733236061,17650
20640,1787285992,53680
20641,1094495902,60040
20642,26441271661,26250
20643,5921037305,10000
20644,4469941215,35720
20645,20751108190,23100
20646,189187624,40750
20647,34785681833,20740
20648,46706625020,165020
20649,110737670019,109270
20650,1820813130,78960
20651,3477602606,84350
20652,10992144526,35430
20653,881015444,48220
20654,997782266,34020
20655,2344159088,33700
20656,1207305544,57630
20657,28700930732,30570
20658,606486561,44410
20659,46745158604,24820
20660,1848395580,37140
20661,509600067,39880
20662,8027386235,31480
20663,39907846228,160590
20664,36291091355,20440
20665,3690034555,90120
20666,48880466305,24210
20667,411328572,77600
20668,41353196028,12140
20669,3630431752,66640
20670,237384393,40230
20671,16496210356,23850
20672,14953140135,32930
20673,44739121196,18240
20674,260224629858,15130
20675,29546151516,192170
20676,16253970402,30760
20677,144294738,44980
20678,2334328896,36700
20679,1116875487,77350
20680,1180308577,54920
20681,12182235393,16920
20682,406556693,47460
20683,736160521,87920
20684,16680645035,13750
20685,12956944537,16200
20686,763813651,47050
20687,1970687867,84820
20688,1973489107,70340
20689,2650769718,34950
20690,3578281662,32400
20691,360673622,45340
20692,93015524300,25510
20693,1827091444,77170
20694,2772866169,52990
20695,1259904570,77760
20696,3152359672,432160
20697,2002897377,83420
20698,4077505210,31450
20699,148942706897,29470
20700,46175117175,122080
20701,2648203473,49720
20702,15952412483,14020
20703,8390631189,256270
20704,4477860533,35390
20705,96749548081,25840
20706,4951604647,86170
20707,152267874,42000
20708,33631823894,11340
20709,27285891240,22640
20710,93434303349,149900
20711,1094657149,76540
20712,1631738995,1000000
20713,2607253612,52690
20714,1816470159,50350
20715,268295937,39660
20716,1280673861,93440
20717,171950718,43200
20718,298739204,40200
20719,128522310772,29200
20720,33973621953,20850
20721,28535155489,17700
20722,56792157328,13580
20723,16671615759,17000
20724,44932950070,16990
20725,68660692992,26230
20726,59329830220,14050
20727,6605409452,32170
20728,10021897467,23200
20729,338272219,40690
20730,3576022235,34620
20731,432346859,40250
20732,3678518010,61770
20733,1548226673,52340
20734,1940175008,68450
20735,1922944845,49610
20736,1849805416,33780
20737,73802628198,27170
20738,367477754,43770
20739,1033771264,62530
20740,4127695335,34230
20741,31265914644,11600
20742,9073676657,24880
20743,8018007742,33440
20744,104909524275,120410
20745,53443551626,23660
20746,148068222890,30080
20747,33950951213,23140
20748,17290270887,11750
20749,482519922,40870
20750,3980112610,66530
20751,49591181675,30380
20752,1729653495,51420
20753,1177348060,88500
20754,9666645468,20920
20755,1962523130,35130
20756,2086779934,49930
20757,8597498625,15300
20758,1093607619,61640
20759,49342341513,20050
20760,1501628763,59690
20761,42029013416,26880
20762,30412907126,18640
20763,61826941059,106130
20764,1531744985,90720
20765,627364668,38090
20766,36911250830,20940
20767,53172929564,22820
20768,246649414,45870
20769,26246875306,31010
20770,1675380605,70080
20771,1066932586,63440
20772,55022858458,18380
20773,2343389332,51500
20774,173244596,46840
20775,745305738,68680
20776,17760313786,23320
20777,1261089054,54600
20778,1622094122,71400
20779,75738004561,27770
20780,723556486,36580
20781,16700383763,244130
20782,128645761906,13260
20783,51663141348,97500
20784,17141299216,31300
20785,31120345513,27610
20786,862465548,53600
20787,2509398886,466400
20788,1984650853,49540
20789,28299653801,187200
20790,130964437213,16830
20791,70910051151,24180
20792,144276376,46680
20793,3445729343,82650
20794,15282441909,31600
20795,97563933307,28350
20796,141904917580,11120
20797,955770223,63750
20798,33454510396,26210
20799,2373947519,72260
20800,1705143848,32200
20801,10358530455,16510
20802,85376013248,28410
20803,1921975135,58140
20804,77535530255,14770
20805,552578811,54300
20806,42871947931,113160
20807,8101115241,20840
20808,168113176090,99640
20809,156230957,44690
20810,2401561723,56550
20811,26597638451,11980
20812,109688146453,18170
20813,55810337924,97320
20814,126888602996,29860
20815,30384092519,215100
20816,907107768,67450
20817,34721363845,26020
20818,59763139801,30580
20819,2108058912,58760
20820,134360779664,29430
20821,224379405209,29390
20822,1932846252,48650
20823,25950007188,23900
20824,21797622356,11800
20825,29648005691,16060
20826,8967539344,32150
20827,996735443,61510
20828,45016106005,22740
20829,6714501360,11440
20830,793801377,64200
20831,1000363556,59660
20832,1818227392,33820
20833,32673247777,22670
20834,41501229438,23000
20835,1612156577,37810
20836,6245579100,34380
20837,16371576203,26900
20838,8961575045,33570
20839,1954227484,48850
20840,13074164597,16600
20841,19516679946,24000
20842,31991224480,27270
20843,184200659,39370
20844,20751108190,23100
20845,918065630,57390
20846,72643908819,12920
20847,51154213914,14660
20848,49031173362,27310
20849,6714501360,11440
20850,1157145805,51770
20851,45108795749,17310
20852,2090270059,81160
20853,8535140037,33160
20854,605910573,54900
20855,3265697488,77730
20856,31634145708,23080
20857,218123823,44820
20858,59763139801,30580
20859,582446178,38180
20860,83680402609,20710
20861,48385818617,17560
20862,817664057,46460
20863,27347796363,223300
20864,993295507,56400
20865,3640163796,84760
20866,629996214,68750
20867,55567680928,98160
20868,1328527287,52170
20869,279004289,44000
20870,139281622869,114010
20871,1249796966,57920
20872,12694562021,26800
20873,31473491054,24700
20874,54137859436,148400
20875,33518149284,12080
20876,79748411645,28320
20877,66289101676,29950
20878,24848887610,27920
20879,239984672,46290
20880,22830933389,24890
20881,85575873,45050
20882,83334316,45780
20883,17902020508,227900
20884,49235057290,20100
20885,12660304592,14100
20886,425454493,44460
20887,1781781400,51790
20888,16496210356,23850
20889,1076951788,66780
20890,83680402609,20710
20891,18962208214,240720
20892,170481357541,13790
20893,1025405426,62250
20894,691147981,36540
20895,381266268,42320
20896,863237983,59400
20897,2754729547,67330
20898,59329830220,14050
20899,1920489781,32600
20900,31889305836,19000
20901,162862396807,29690
20902,930706624,52700
20903,66017402123,24160
20904,9880973131,31720
20905,28543263715,17460
20906,638235790,57100
20907,1044956962,74000
20908,97841515022,104810
20909,61709873190,25610
20910,1318413446,79230
20911,192825352,43720
20912,1331698110,56220
20913,4692332416,79150
20914,522524241,41460
20915,839909381,78000
20916,8903345832,18180
20917,1247830221,49110
20918,28452409701,11650
20919,54349301320,24460
20920,47385819368,22260
20921,163104065,42340
20922,15632682407,13450
20923,1637457051,71990
20924,116448414505,129780
20925,8809635874,33450
20926,3696434366,82330
20927,1000363556,59660
20928,601281229,37760
20929,29278399330,17320
20930,22077591852,19150
20931,50197576655,22190
20932,3479917036,332470
20933,16045577416,16000
20934,1494433402,58490
20935,31272637609,23520
20936,981671806,49950
20937,60958797746,11780
20938,20164471771,17150
20939,22274522030,18300
20940,6377380700,22300
20941,173364507,45990
20942,44309838449,104760
20943,156849624146,101620
20944,1822092993,91000
20945,1310635926,50840
20946,57635684120,28120
20947,43069409942,10840
20948,13618910578,19900
20949,72486092345,19490
20950,27759015979,10200
20951,1958040229,68300
20952,1752444812,70530
20953,1631738995,1000000
20954,130503630981,110990
20955,3262702814,34420
20956,34561022451,16570
20957,94899980341,24730
20958,21319622040,18000
20959,113661622215,110970
20960,21654796659,21380
20961,75312824819,30160
20962,14357635981,225260
20963,1849805416,33780
20964,282204831,40910
20965,92227222146,144920
20966,824644192,57080
20967,39864628972,96950
20968,1147993671,66560
20969,45177524148,19230
20970,2067336964,49630
20971,190767518,44920
20972,1650361804,65650
20973,200720067,42280
20974,871600480,51550
20975,214770472605,29720
20976,66060105252,123480
20977,63975877,45460
20978,53799554756,21120
20979,91952240978,122210
20980,130474595905,116190
20981,1590260608,82440
20982,2408460717,92510
20983,80171413799,21310
20984,152609627895,109700
20985,133704853279,29420
20986,1923283442,68180
20987,19533110212,19500
20988,44415337667,28260
20989,951750497,77220
20990,85376013248,28410
20991,822351231,53170
20992,918065630,57390
20993,106457964150,21640
20994,593595130,38550
20995,3375560790,78140
20996,4539414376,86140
20997,1453958851,80650
20998,802463687,52400
20999,44707290022,18930
21000,1509523421,988460
21001,1172609876,51880
21002,104660607595,138900
21003,36811050346,18850
21004,151501434,39910
21005,133281925,45080
21006,29632216199,25470
21007,45228378494,19210
21008,20047359759,28400
21009,15269062707,11500
21010,54666065301,30670
21011,109885904996,28640
21012,37809039347,17750
21013,61349116586,21880
21014,21654796659,21380
21015,127209588057,99570
21016,59119266873,27120
21017,210892546,46890
21018,1167967906,56200
21019,16155825035,32270
21020,1311369927,57730
21021,590154290,36500
21022,93090494388,14760
21023,905649754,66050
21024,29083726643,17520
21025,863855022,50280
21026,54729884543,19170
21027,23239345271,12650
21028,4966059338,14200
21029,22913369903,22650
21030,60828581097,26410
21031,188335218,46870
21032,1346057886,81450
21033,12564986713,25760
21034,48326487621,18120
21035,815937496,67180
21036,49950318601,26950
21037,1471864953,53120
21038,387763191,43270
21039,85468325261,20950
21040,16956918425,12250
21041,2916084824,35780
21042,16696319811,22580
21043,70348835290,25930
21044,2197441813,77970
21045,824644192,57080
21046,424654004,39850
21047,83052142214,11680
21048,26929532640,16960
21049,83370306140,145490
21050,26929532640,16960
21051,1158563011,62940
21052,32189655749,100520
21053,8522526669,30800
21054,293126043,41430
21055,62087726496,27070
21056,41196050480,18460
21057,99567606040,14220
21058,52057806061,19820
21059,55851652410,27720
21060,1094648866,36850
21061,95159958857,12660
21062,22228222233,24010
21063,1631738995,1000000
21064,2254358961,69210
21065,3761179966,51190
21066,638235790,57100
21067,48105516504,21330
21068,408881710,44240
21069,577621887,38150
21070,45231475671,16560
21071,1346657706,64620
21072,76659105760,10480
21073,32942908226,16300
21074,94828010645,118800
21075,25297291654,13590
21076,2308509609,398660
21077,2439814721,80200
21078,1158300016,67370
21079,30155432199,16290
21080,739585399,60500
21081,15016173997,20700
21082,374557932,41540
21083,28286652085,17040
21084,55814701855,98270
21085,2542760329,65250
21086,2081847448,66450
21087,76067151635,150160
21088,9464623711,32390
21089,17317254802,14850
21090,90099603000,11620
21091,2380857566,37110
21092,1226986637,65190
21093,1218546002,59900
21094,6633188074,32510
21095,183938076,43880
21096,33555873981,12200
21097,3650153705,36590
21098,3576022235,34620
21099,196034455,41290
21100,47005371111,18420
21101,30194424427,198060
21102,78752490858,26830
21103,18305845572,17240
21104,60716104085,106180
21105,15878150283,15950
21106,478526148,41530
21107,526448295,38640
21108,30226971708,27790
21109,292272884,41520
21110,131880573332,108480
21111,61241520492,27130
21112,927743744,76990
21113,239227393,43550
21114,62541970504,130450
21115,1970687867,84820
21116,100176358627,29380
21117,302270237,41920
21118,45624891976,11540
21119,1303247585,73660
21120,484409014,39860
21121,2881351931,32500
21122,963584159,38810
21123,333511825,46250
21124,27825526306,17900
21125,863237983,59400
21126,163010279825,29650
21127,634159836,38960
21128,202293487,47700
21129,58192362683,29520
21130,1587680425,55830
21131,179815424,42830
21132,1787285992,53680
21133,13687546273,236220
21134,40107433283,15040
21135,38782961621,15440
21136,80413445370,18580
21137,3617961302,32100
21138,78372795876,123000
21139,2040521120,33550
21140,2368906458,34220
21141,2214451065,80150
21142,63927202057,140400
21143,40509875064,19090
21144,372155866,45150
21145,702043340,50080
21146,649714857,52800
21147,27946580149,18090
21148,20043163240,13800
21149,74894149910,26890
21150,56758722264,161320
21151,24628664082,17600
21152,13612873729,22850
21153,1094495902,60040
21154,2610136349,34310
21155,46732446976,12340
21156,2928334040,57440
21157,63247325082,25950
21158,55947192914,98660
21159,1633066182,53430
21160,31718287740,20520
21161,192933984326,23090
21162,24362149542,24150
21163,74033076805,124720
21164,33973621953,20850
21165,36500486978,17110
21166,44984558600,12640
21167,34197580549,15200
21168,25565025425,20190
21169,45083877970,19610
21170,46151090360,13250
21171,5328068108,34630
21172,1487019132,78560
21173,959023675,60090
21174,15836834070,22160
21175,10777764971,11400
21176,24738267138,216060
21177,16920717376,22800
21178,1656347348,39470
21179,187571086,43700
21180,1116156053,35500
21181,81505193061,27730
21182,28089729007,31110
21183,9073676657,24880
21184,28535155489,17700
21185,165588562337,10640
21186,56822468980,22880
21187,94131203944,133530
21188,126698850927,30020
21189,55474904428,12850
21190,80547999181,21390
21191,19621655952,13920
21192,43067181063,130310
21193,1575050887,69150
21194,1864697580,63030
21195,1779400393,93200
21196,23551713681,13880
21197,1628240813,61490
21198,7694107713,24900
21199,49591181675,30380
21200,148068222890,30080
21201,72257839175,29350
21202,1456537149,61780
21203,36554885532,25900
21204,24628664082,17600
21205,1631738995,1000000
21206,18646345859,20000
21207,146248251644,29680
21208,56505869603,28740
21209,46410459391,174860
21210,925902524,38690
21211,19533110212,19500
21212,1631738995,1000000
21213,161080205,43430
21214,17089269526,26120
21215,605910573,54900
21216,66289101676,29950
21217,2285214183,84740
21218,51480690814,19920
21219,1959147690,51920
21220,290690343,38350
21221,49342341513,20050
21222,36531313013,21100
21223,25958933629,23920
21224,2020230996,52750
21225,141420827156,17010
21226,2210625021,51130
21227,1359086769,48600
21228,19452232416,23220
21229,34005205205,17920
21230,1210094349,38980
21231,115329302,46240
21232,24836711839,21650
21233,20492040810,31990
21234,670293721,36120
21235,1842677428,68380
21236,67069395640,21490
21237,310467925,46230
21238,29571437943,24270
21239,27021423680,23390
21240,41972943163,28170
21241,59722378236,99250
21242,1310951546,79200
21243,38470708918,13380
21244,57281640009,19190
21245,3952155455,87170
21246,1668177928,662650
21247,2514082924,51280
21248,51180551841,23750
21249,34681628225,27040
21250,328193623,42820
21251,1526709645,41120
21252,4306182478,91550
21253,2261121433,77130
21254,33878940733,27930
21255,11740205694,25700
21256,16155825035,32270
21257,2036067964,80230
21258,330270936,44420
21259,45226368374,176520
21260,1036374932,75030
21261,65139576623,17430
21262,126674021106,123340
21263,89779729227,27330
21264,2695058968,57220
21265,49532693812,13560
21266,41851576292,15400
21267,2559762195,52190
21268,31689794583,28050
21269,222382913,38600
21270,79766442212,23530
21271,23328308469,28670
21272,116075986845,27530
21273,4479169311,33910
21274,40377304640,177380
21275,144432893889,28360
21276,10093236863,19400
21277,6050149114,55330
21278,62485842,44300
21279,71416975581,22780
21280,1309006301,36750
21281,647389033,54110
21282,21319622040,18000
21283,156960420293,106610
21284,144403142536,104900
21285,956485407,37720
21286,1251239695,51300
21287,4756924645,68480
21288,90004036657,150290
21289,12635210498,23500
21290,1572957639,54890
21291,52756244431,16680
21292,148184581515,118300
21293,1218589847,66880
21294,25182861324,26220
21295,1631738995,1000000
21296,167306967246,29480
21297,1634380701,93930
21298,12660304592,14100
21299,28089660686,15900
21300,19015833190,20900
21301,33555873981,12200
21302,39992523669,14670
21303,422565642,41650
21304,10688901513,31100
21305,144724362765,12980
21306,20633379777,31360
21307,1014087521,37360
21308,3586151364,38060
21309,3200723221,33530
21310,1153810921,40780
21311,786030857,88540
21312,16856330150,15500
21313,270644675,43380
21314,120975776686,107750
21315,5073945079,32540
21316,675049638,47310
21317,326793235,39870
21318,20164471771,17150
21319,22061453679,17340
21320,36821475109,19320
21321,141553285,45800
21322,36134329859,13110
21323,1080765144,35600
21324,31130056273,21240
21325,49342341513,20050
21326,60824477132,125270
21327,1159991754,36900
21328,25782815157,19980
21329,3782730170,34490
21330,102347723766,26730
21331,27530071116,17550
21332,2338097222,56250
21333,802463687,52400
21334,2104614983,36620
21335,62460921962,176910
21336,27485259660,29160
21337,2040521120,33550
21338,230291343,41490
21339,76993929,44700
21340,941343937,62660
21341,4586467411,32700
21342,27134392123,27830
21343,1626868253,524150
21344,100976770798,15570
21345,31980352960,19540
21346,3196093679,33850
21347,673564716,64380
21348,118045263429,27810
21349,627364668,38090
21350,72130215093,112980
21351,45964606960,30090
21352,46732446976,12340
21353,960806645,37310
21354,950415436,67430
21355,42497628779,10360
21356,600071557,44740
21357,991001074,34990
21358,97656246,43180
21359,572457435,37700
21360,141255540,41950
21361,4545320590,35110
21362,417703744,35900
21363,35681395866,25400
21364,40962683772,20600
21365,49757579097,12560
21366,3578281662,32400
21367,1932929809,62840
21368,11171899613,24450
21369,86857621363,22760
21370,2743034131,60830
21371,51084301213,158360
21372,377899170,46850
21373,69112026655,23070
21374,67250095591,16020
21375,11612366711,22590
21376,12175959216,13600
21377,26794617770,13400
21378,209063261,46420
21379,19106552719,31320
21380,19876439793,30100
21381,81355524747,17400
21382,149527371046,29300
21383,51627841728,17080
21384,981671806,49950
21385,27485259660,29160
21386,829358399,59040
21387,33103548418,30030
21388,2296422168,61810
21389,5458998769,33310
21390,58751333326,132840
21391,49683074408,180400
21392,292765098092,29770
21393,1539641778,69220
21394,195756165,41940
21395,1456335692,49980
21396,31965056762,16400
21397,116036772,44830
21398,874510352,54740
21399,19068532632,12940
21400,1850483599,60950
21401,24707988149,13900
21402,97563933307,28350
21403,1140785990,35560
21404,533881375,39200
21405,56730751704,22520
21406,56498784100,28810
21407,2261012796,64310
21408,15706772192,17250
21409,13074164597,16600
21410,19621303841,19800
21411,378468355,38080
21412,1115218982,53520
21413,345934961,41190
21414,42901171653,160840
21415,23035858811,22050
21416,57538257616,25230
21417,53300729576,23590
21418,146372300,41560
21419,1901153683,74250
21420,292555488,40700
21421,796762246,70110
21422,7602017647,32410
21423,19781196089,23640
21424,87818480862,10580
21425,2240451850,59300
21426,6740202111,31940
21427,2902714838,59120
21428,1392109844,48780
21429,58909798910,22370
21430,287077495,39580
21431,68515280690,20930
21432,143604743239,29540
21433,52029375826,28290
21434,17284174655,17940
21435,1227524420,69190
21436,802217556,36420
21437,83955547676,28750
21438,1662305993,52760
21439,87687507498,17370
21440,61629364772,118550
21441,164236707785,109850
21442,50157663560,16760
21443,60703267154,128300
21444,1328174283,49760
21445,23560162431,18710
21446,46676930728,99620
21447,87082410631,18870
21448,1239447018,36300
21449,59143909418,26360
21450,39603242522,29780
21451,1154788768,56700
21452,39149199429,14900
21453,40838574989,28040
21454,65541575233,20210
21455,3877468480,54290
21456,48932072348,19030
21457,46151090360,13250
21458,109760246954,106450
21459,82370632,44340
21460,20047359759,28400
21461,1951360074,51160
21462,19771437940,28480
21463,31108790427,28160
21464,4232797910,84930
21465,5825637606,57880
21466,21338612367,16930
21467,985071251,52660
21468,22940211578,13700
21469,18911838573,28280
21470,146657492754,12310
21471,47729122033,103460
21472,18061541782,27710
21473,34468336823,15010
21474,100176358627,29380
21475,1001716380,35100
21476,52037401887,22120
21477,2487095206,377200
21478,36957900638,26660
21479,4364546592,91220
21480,826738536,62260
21481,2025844673,74050
21482,50805719022,13180
21483,2794338947,71480
21484,61997123714,97760
21485,43556446718,195740
21486,2383015478,60330
21487,83573141122,106700
21488,2309399575,35000
21489,19720899101,16660
21490,2373339863,59520
21491,1158300016,67370
21492,86809755530,99750
21493,11702591275,20800
21494,91385771650,23180
21495,1853175704,765220
21496,41851576292,15400
21497,5921037305,10000
21498,5640221134,34280
21499,268458850,41210
21500,112598488982,23740
21501,128515933376,124460
21502,9075253256,32800
21503,928759657,35790
21504,1120347656,38680
21505,44461683118,10240
21506,29519184146,29040
21507,1631738995,1000000
21508,64898290512,29050
21509,1250102507,56660
21510,13882870228,26070
21511,1080765144,35600
21512,52952058521,14640
21513,18569873872,23300
21514,16045577416,16000
21515,21319622040,18000
21516,13705718578,18370
21517,4982246133,31680
21518,158218983,40420
21519,82544420506,109720
21520,38782961621,15440
21521,1299941120,51260
21522,1598226978,75390
21523,51154213914,14660
21524,144682939,44040
21525,38240921045,26550
21526,411328572,77600
21527,28286652085,17040
21528,62567339635,22450
21529,124880012639,28230
21530,67869473195,22730
21531,829909192,54400
21532,1977737927,80420
21533,1830345120,43160
21534,2206300998,34070
21535,75102237735,99490
21536,145494981639,110930
21537,2073471585,59200
21538,22940211578,13700
21539,882778274,35160
21540,15230553707,33940
21541,25253714483,23240
21542,53537785008,15520
21543,18298812721,27600
21544,1755254181,49350
21545,33128794370,29190
21546,663833715,79420
21547,172769859,41720
21548,52057806061,19820
21549,24622745401,31920
21550,14720086762,21150
21551,30688222926,18130
21552,779268274,39150
21553,6633188074,32510
21554,82016039828,22220
21555,1966323101,34710
21556,80215777848,100600
21557,691354610,35550
21558,167476567,45650
21559,903720987,57750
21560,330837736,42520
21561,40962683772,20600
21562,19621655952,13920
21563,21332525229,18200
21564,28520159386,19300
21565,45632610231,25040
21566,3263876554,91890
21567,197607675,41830
21568,8085474109,11000
21569,81645518828,140330
21570,15269062707,11500
21571,240474175,39830
21572,357850812,58600
21573,47188230093,14750
21574,509634744,46580
21575,42568519534,26190
21576,37345174129,19470
21577,1564260300,52450
21578,93909398929,13090
21579,39959697672,198470
21580,114889387313,18430
21581,36489171794,25010
21582,65800996925,20650
21583,130770920798,11230
21584,15348844245,17480
21585,68915649196,25650
21586,1820721564,54150
21587,935579474,58700
21588,88502171292,143820
21589,1411430031,35270
21590,325550878,41690
21591,926886691,53620
21592,44276860685,114360
21593,80104964039,29280
21594,528564721,57620
21595,41294672559,24540
21596,418907708,39020
21597,289209913,44850
21598,92603711266,27780
21599,1627343277,87530
21600,138287961062,96880
21601,55563151224,181040
21602,996119850,54080
21603,74003790274,14810
21604,22830933389,24890
21605,56335760220,29750
21606,83985160666,21060
21607,2916084824,35780
21608,638638094,38800
21609,28137966581,12960
21610,45629561310,20340
21611,29092594232,112260
21612,791065333,51340
21613,177803911,46320
21614,8597498625,15300
21615,768994749,40040
21616,2681192011,53870
21617,24371933729,22950
21618,291505201,42220
21619,48880466305,24210
21620,3583055366,85000
21621,47744486793,25080
21622,49375053451,24600
21623,596472008,39210
21624,2681587839,55240
21625,17089269526,26120
21626,1631738995,1000000
21627,26614884467,16800
21628,1606286875,61600
21629,864353070,55510
21630,70637172344,120700
21631,1041207695,34900
21632,57538257616,25230
21633,81354161288,24990
21634,261865260,42460
21635,132011555,41370
21636,217335387,39800
21637,28520159386,19300
21638,2107647433,81700
21639,12021004839,31310
21640,41334335293,25600
21641,1305006384,49900
21642,188461729141,96530
21643,39341073855,22100
21644,634159836,38960
21645,529826531,47370
21646,20483685045,24680
21647,102475692965,28530
21648,17421661930,21930
21649,689272560,73300
21650,46991134952,16770
21651,59329830220,14050
21652,1283691323,92130
21653,109269829709,11320
21654,9108554624,31740
21655,572754060,73880
21656,3014944442,93990
21657,94194144581,14340
21658,304732152,44640
21659,40107433283,15040
21660,27453873209,26690
21661,9131255530,17200
21662,5242646293,60890
21663,19533110212,19500
21664,6113327451,33120
21665,1687962234,51460
21666,4830180230,87470
21667,68449865957,127560
21668,2460958984,51730
21669,1977137595,64700
21670,1002961399,37800
21671,1589275372,85600
21672,66017402123,24160
21673,1631738995,1000000
21674,4274753450,32720
21675,64153904362,20220
21676,27759015979,10200
21677,4050145904,64220
21678,7331698429,285980
21679,8018007742,33440
21680,1099860567,50380
21681,1870360023,64370
21682,118484986,46380
21683,277263165,45540
21684,406883978,36800
21685,47327142953,30120
21686,1956031661,58840
21687,578546494,37740
21688,63578466333,18620
21689,159793980,46900
21690,1236080881,71740
21691,66257876289,22270
21692,163744988,46660
21693,9464623711,32390
21694,3561044538,36770
21695,63302159470,143290
21696,2547789246,36530
21697,81968479692,14320
21698,1710832223,53480
21699,92561148780,95990
21700,1414768155,58570
21701,1552587141,56260
21702,125789467885,132500
21703,1375217247,80100
21704,28239210726,26100
21705,2037603144,66920
21706,3985070804,33300
21707,137195328,47480
21708,25922689803,25100
21709,1140785990,35560
21710,39577525050,19780
21711,99816501731,142940
21712,15016173997,20700
21713,28543263715,17460
21714,36247893902,31820
21715,45177524148,19230
21716,52022327352,15380
21717,97431212785,21610
21718,212303552895,29800
21719,68798509268,18440
21720,99905516331,12590
21721,711674046,53850
21722,121418773943,23710
21723,1818227392,33820
21724,46151090360,13250
21725,35154212207,19100
21726,1837080216,56590
21727,61241520492,27130
21728,7719595736,33270
21729,15212996425,14000
21730,12282619838,32030
21731,23521342765,20400
21732,1859526782,33480
21733,1822824215,71870
21734,204627454877,12010
21735,97697249580,23690
21736,28727425069,29030
21737,115390912834,28660
21738,83218267813,27400
21739,52492706153,12810
21740,47188230093,14750
21741,93960332121,21110
21742,26954502836,21890
21743,110709887757,124120
21744,34217485574,30940
21745,4982246133,31680
21746,20311628600,31070
21747,137636890,46210
21748,342328213,42180
21749,12874612989,32350
21750,578546494,37740
21751,1765150838,883130
21752,31107276306,26860
21753,3862992440,348780
21754,144724362765,12980
21755,5207892040,10600
21756,45305963933,17170
21757,14216936880,18600
21758,1317780887,56490
21759,876093111,36670
21760,992700083,661210
21761,62087726496,27070
21762,946465514,64320
21763,2737621213,35740
21764,1878979416,85810
21765,39604028268,18020
21766,42497628779,10360
21767,14755481980,26440
21768,15484020783,13300
21769,1447036868,63140
21770,832849063,82600
21771,1079913582,80460
21772,25220216931,26530
21773,1555818632,48540
21774,320051644,43570
21775,69106044301,112290
21776,1237141348,68600
21777,124132070,43940
21778,21621514595,21450
21779,24263189038,13000
21780,2277140084,74830
21781,661790663,39950
21782,1888037944,94100
21783,11248132422,32300
21784,21708211240,24810
21785,271843632,44290
21786,37806502832,19140
21787,20798791919,15850
21788,671646324,62700
21789,1120085119,37190
21790,148305854610,29560
21791,31718287740,20520
21792,163744988,46660
21793,83243143,45190
21794,1030534069,54550
21795,7171896670,18400
21796,19913212122,14400
21797,31634145708,23080
21798,4689412440,31900
21799,31343462603,30850
21800,1474223270,55640
21801,1107259558,69450
21802,1043184003,37840
21803,4804702948,33250
21804,151135517049,11960
21805,12506893704,18270
21806,24846613522,18800
21807,27681409375,27000
21808,270577793,40150
21809,30709358619,17510
21810,4077505210,31450
21811,30081491997,17620
21812,75172070515,124650
21813,238694377,45640
21814,31912611665,100980
21815,151092871204,29600
21816,78858019503,158300
21817,30115678114,18480
21818,102347723766,26730
21819,1449605088,33650
21820,2245069063,80060
21821,23338015042,16100
21822,82566953902,25430
21823,633021312,43070
21824,36291091355,20440
21825,201206146,47160
21826,478457447,40890
21827,26676025512,14700
21828,19558299507,14880
21829,80089119654,142600
21830,3861863498,36110
21831,1390696218,52020
21832,310467925,46230
21833,30561579825,25520
21834,107073859638,16590
21835,29721041732,19340
21836,61349116586,21880
21837,2055280452,35440
21838,84014344117,115770
21839,1106750120,53810
21840,196280735775,30170
21841,1526902801,94720
21842,5506837978,33000
21843,106606170765,29930
21844,10136440557,30560
21845,22851451315,30700
21846,47673360988,12270
21847,11009089692,262060
21848,22274522030,18300
21849,104348526441,14430
21850,131333318,46010
21851,107120145,47380
21852,18569873872,23300
21853,64387235118,22490
21854,13597838470,21400
21855,993384713,36400
21856,50892730586,26520
21857,13262870369,30950
21858,4480252682,79940
21859,1345768938,63900
21860,43501996949,24530
21861,147947861,41630
21862,8134293297,32780
21863,60310951953,14630
21864,55701451700,10380
21865,292272884,41520
21866,1666161934,70710
21867,187268051407,98840
21868,155193458811,108320
21869,3216871134,54480
21870,237128462,41730
21871,8471584346,31240
21872,192825352,43720
21873,131152378,45380
21874,210259093,41340
21875,802217556,36420
21876,22274522030,18300
21877,369665979,42260
21878,17358837590,27480
21879,53479211274,173850
21880,45184795444,14360
21881,43223920572,27840
21882,2036927683,47810
21883,47615883511,27100
21884,34069048433,14620
21885,131764973497,97030
21886,1631738995,1000000
21887,22638781700,12580
21888,19889035527,21700
21889,42812727105,164510
21890,83272566880,29080
21891,3984106217,80040
21892,21319622040,18000
21893,28239510390,25450
21894,41385627040,19220
21895,19447024870,25860
21896,28575728644,21860
21897,6546652745,34320
21898,148305854610,29560
21899,299065959,41090
21900,824644192,57080
21901,370171284,42400
21902,270577793,40150
21903,163010279825,29650
21904,128704968,42570
21905,40855257342,21360
21906,2022930686,73590
21907,31180941172,20690
21908,1833648437,35420
21909,1172993327,52810
21910,1572957639,54890
21911,1090224046,48410
21912,16911672567,26580
21913,89432759781,29140
21914,1355606615,56240
21915,118398206951,21230
21916,460217872,37920
21917,23338015042,16100
21918,2064487787,59760
21919,1157145805,51770
21920,3009299449,34350
21921,21924780750,21010
21922,1631738995,1000000
21923,41085533680,12280
21924,394927874,38300
21925,197866973,42680
21926,40838574989,28040
21927,3236275601,32580
21928,2357209512,66290
21929,952542409,61740
21930,59402604795,158340
21931,68915649196,25650
21932,127826099337,103960
21933,2709373180,65590
21934,5921037305,10000
21935,2958721959,78460
21936,59083013007,13140
21937,396238468,38760
21938,374104493,43870
21939,63357620363,22330
21940,3666277614,79640
21941,47262781,47000
21942,44278541434,116930
21943,71885048,43750
21944,29505504515,21260
21945,854883682,63360
21946,1667284222,63190
21947,20763867777,19750
21948,20244260098,31580
21949,5027674299,93540
21950,21509159440,21000
21951,745305738,68680
21952,3387321502,92370
21953,3160772944,88860
21954,1494648836,84240
21955,82195051469,130280
21956,12738484404,20430
21957,1580150443,474250
21958,41385627040,19220
21959,2804073465,34880
21960,26692492132,28150
21961,21790335268,30340
21962,12175959216,13600
21963,24942410999,13550
21964,1524529093,36390
21965,2060797254,48770
21966,1080765144,35600
21967,26285418960,31200
21968,15750815092,18660
21969,1516883747,73270
21970,2906666452,49180
21971,1814498708,55200
21972,2048490622,64240
21973,20312580565,31710
21974,20170337196,25630
21975,52037401887,22120
21976,17577069175,13760
21977,14755481980,26440
21978,761420229,46970
21979,108897026763,24110
21980,1512656912,37580
21981,16621932651,17300
21982,4897782541,31560
21983,115014292,45230
21984,17500395948,24800
21985,1581120741,53020
21986,43115760993,24410
21987,141989265372,18410
21988,7525980662,33060
21989,26224264781,12300
21990,85765772996,102870
21991,23857905050,30300
21992,107428359488,133570
21993,1413337760,70900
21994,1204922452,50650
21995,49207048783,21960
21996,4584263012,33070
21997,64912555569,21090
21998,1731008531,57110
21999,20798791919,15850
22000,9880973131,31720
22001,1099860567,50380
22002,23521342765,20400
22003,354842260,41130
22004,948927614,37060
22005,26799977040,21720
22006,13813563496,32060
22007,875954773,67540
22008,124150062066,27540
22009,12800337729,19080
22010,77747470175,11610
22011,119819066,47500
22012,383483995,43670
22013,50137442943,25460
22014,1631738995,1000000
22015,1040576527,62630
22016,624135090,55180
22017,26583099214,26300
22018,295129914,41400
22019,78026959772,13740
22020,26224264781,12300
22021,68916216496,19630
22022,1843760201,37080
22023,45248625895,13280
22024,47327142953,30120
22025,23122731626,31260
22026,1892249347,55340
22027,1258910853,59080
22028,21696165110,207500
22029,282204831,40910
22030,84147779500,152040
22031,55374624092,12040
22032,198014651,46650
22033,64570007221,15810
22034,26416815952,21300
22035,77017899036,18230
22036,2055280452,35440
22037,2023501148,74470
22038,5921037305,10000
22039,113731537245,113530
22040,11202247979,32380
22041,58898481965,23360
22042,144294738,44980
22043,27681409375,27000
22044,22930910141,20960
22045,2860435119,51590
22046,111575305185,24670
22047,2488979068,65170
22048,1036732897,61290
22049,107323519,43080
22050,43638851183,25970
22051,18741652662,21500
22052,43897044541,23160
22053,22875006614,30060
22054,476704625,47230
22055,118560027824,105390
22056,1796991707,95170
22057,21201603300,14980
22058,24371933729,22950
22059,903704102,59110
22060,62760612558,26610
22061,151403046,42880
22062,20164471771,17150
22063,1101482311,79600
22064,155381505812,29820
22065,66289101676,29950
22066,4174696959,65820
22067,1532552453,92550
22068,33322034218,31590
22069,189997976259,96770
22070,16920717376,22800
22071,36200005581,28240
22072,97236810,44950
22073,572457435,37700
22074,52550416674,121220
22075,906169889,50810
22076,64898290512,29050
22077,1511150460,89300
22078,1633066182,53430
22079,1755254181,49350
22080,775088116,55490
22081,368844630,44560
22082,11169498489,31800
22083,539715302,68950
22084,19889035527,21700
22085,334552513,37790
22086,97020392152,15530
22087,1582953761,50580
22088,1912458300,86530
22089,138953499081,125110
22090,66362318261,13350
22091,14037398643,14500
22092,45231475671,16560
22093,672272035,60000
22094,2476668061,48340
22095,27762926584,25500
22096,1190480370,48180
22097,15680717211,23050
22098,70026105738,160670
22099,1833815698,58900
22100,226757883,44570
22101,39709193489,18920
22102,2947782293,60450
22103,23735100865,25780
22104,1144048438,48250
22105,500180676,38930
22106,1681436285,88140
22107,11659229337,30730
22108,71676708523,26390
22109,11794287464,266880
22110,34785681833,20740
22111,106606170765,29930
22112,43115760993,24410
22113,344440628,41350
22114,16072268789,188330
22115,1691634481,57890
22116,872431084,55050
22117,25825608462,209380
22118,57635684120,28120
22119,1631738995,1000000
22120,26676025512,14700
22121,37535518720,10060
22122,2080515969,78220
22123,41334335293,25600
22124,230809744,47350
22125,50430057183,99210
22126,4771370415,85430
22127,24836711839,21650
22128,1106560539,48710
22129,14466649155,34150
22130,4142245630,32460
22131,938260626,78880
22132,2362501811,34960
22133,1858777499,75480
22134,14119890972,32750
22135,66066370,42550
22136,13705718578,18370
22137,1251532470,60010
22138,129828716,46200
22139,735572309,36460
22140,37347066625,204000
22141,46416427689,22600
22142,119569756,46360
22143,856073182,53580
22144,464261240,39510
22145,13074164597,16600
22146,1631738995,1000000
22147,15209110968,25300
22148,57757055267,24470
22149,6347987900,299090
22150,304732152,44640
22151,32881649327,16860
22152,42964357972,182200
22153,2334509286,53450
22154,4216648344,92490
22155,1390368337,59700
22156,49950318601,26950
22157,287077495,39580
22158,1816470159,50350
22159,1537435620,79760
22160,1555818632,48540
22161,20798791919,15850
22162,100176358627,29380
22163,39709193489,18920
22164,1036580434,36690
22165,12175959216,13600
22166,691354610,35550
22167,51633815393,23030
22168,163249079584,10530
22169,56362882366,99600
22170,1503643839,47850
22171,236960803,37410
22172,62151632458,137750
22173,1036339873,57090
22174,967689915,34700
22175,302588764,43150
22176,191639277,45220
22177,84908117919,22170
22178,15680717211,23050
22179,63480429815,16670
22180,1389577443,63170
22181,946465514,64320
22182,2501056199,36220
22183,15680717211,23050
22184,60562307280,140160
22185,995801081,68560
22186,14782752626,20560
22187,11663075335,10800
22188,1097790830,76830
22189,3366105726,61330
22190,1740441176,48350
22191,2061805403,78610
22192,881919199,57040
22193,1540419024,76900
22194,2928307569,55190
22195,51633815393,23030
22196,1254631340,59930
22197,16843158054,21410
22198,25991851873,16090
22199,78601325154,157140
22200,112484568451,107560
22201,43194945133,12780
22202,99952419654,119980
22203,44447030406,19130
22204,45082679850,116950
22205,293811909,43330
22206,59119266873,27120
22207,49782289265,99160
22208,72701688509,20130
22209,19516679946,24000
22210,40418768993,21070
22211,17317254802,14850
22212,8444407677,33930
22213,821797924,59490
22214,28146690571,220840
22215,154590498126,115190
22216,2498739587,83290
22217,19516679946,24000
22218,1803774131,86320
22219,36583370302,198530
22220,2187276473,61040
22221,65509051809,19760
22222,531109532,40840
22223,13074164597,16600
22224,23964761158,15840
22225,73474521844,167600
22226,25729367717,24830
22227,94694487240,95800
22228,33973621953,20850
22229,23211945639,26450
22230,116892276,47100
22231,16621932651,17300
22232,19781196089,23640
22233,1285602987,84310
22234,17825749906,26170
22235,55241510149,29100
22236,56024051247,160470
22237,134380200879,10350
22238,21631552444,26750
22239,1787285992,53680
22240,59143909418,26360
22241,771354941,37120
22242,86811787279,106850
22243,49591181675,30380
22244,74708566,47710
22245,26794617770,13400
22246,28831914222,15780
22247,1340343187,58720
22248,10708572650,12900
22249,3654550034,54240
22250,43865790894,19280
22251,11428586638,26080
22252,81968479692,14320
22253,57925406744,15220
22254,500180676,38930
22255,23623676402,21560
22256,2627922325,34690
22257,44095473091,28180
22258,51180551841,23750
22259,33555873981,12200
22260,49375053451,24600
22261,2319893286,49170
22262,15978951658,28580
22263,79152900939,120720
22264,638638094,38800
22265,2986036708,58640
22266,11659229337,30730
22267,1471837414,52070
22268,118457917069,116920
22269,1640295002,52080
22270,98334747153,22010
22271,1972799734,64390
22272,10136440557,30560
22273,143948962726,116300
22274,30860554806,10400
22275,1277127650,37540
22276,1140785990,35560
22277,127093745955,126630
22278,98467339457,17610
22279,1152365111,83060
22280,1449605088,33650
22281,55482136423,22570
22282,63247325082,25950
22283,151115620726,14790
22284,351091521,42070
22285,66066370,42550
22286,1987432763,70480
22287,1648112867,60460
22288,49757579097,12560
22289,76735373493,19870
22290,1631738995,1000000
22291,903110811,50120
22292,44707290022,18930
22293,1736613897,48930
22294,22887395746,19600
22295,89432759781,29140
22296,602975433,76640
22297,89261862724,18510
22298,96809165356,15610
22299,3385409317,79820
22300,57752642392,106760
22301,62409364740,18840
22302,25690367682,27230
22303,19621303841,19800
22304,18305845572,17240
22305,45964665779,24090
22306,822260496,39970
22307,55010430037,26160
22308,5563729457,34240
22309,18569873872,23300
22310,16666559748,22200
22311,1033693647,65640
22312,1310398543,65310
22313,108977504074,129840
22314,30553606632,15750
22315,230291343,41490
22316,44739121196,18240
22317,128522310772,29200
22318,972107437,63860
22319,5438715240,34720
22320,1923799216,48090
22321,155712531239,97850
22322,2125656074,50000
22323,83334316,45780
22324,27520353423,30520
22325,101154471879,99780
22326,673564716,64380
22327,34561022451,16570
22328,409974773,41200
22329,5928275318,54770
22330,417573801,41860
22331,6343691357,276860
22332,930526162,58340
22333,39603242522,29780
22334,1453138586,52000
22335,1163621673,49860
22336,86387290615,113320
22337,414655614,39460
22338,150237864312,17870
22339,829909192,54400
22340,292294986,40770
22341,179081664,41780
22342,1901107494,76500
22343,26766140139,17590
22344,1949046203,50930
22345,874510352,54740
22346,107323519,43080
22347,38046327726,25130
22348,248416745,44540
22349,3430458143,35400
22350,406883978,36800
22351,39604028268,18020
22352,39937412905,22960
22353,154296468181,102470
22354,1525044832,58680
22355,23927692354,26640
22356,133840229,45520
22357,25275200839,17350
22358,16696319811,22580
22359,1710077468,83720
22360,331019354533,29550
22361,37806502832,19140
22362,92318074912,25220
22363,66362318261,13350
22364,2395974107,35960
22365,31473491054,24700
22366,588564934,40390
22367,14073065206,23250
22368,1631738995,1000000
22369,19816244666,30990
22370,3564967825,32450
22371,24371933729,22950
22372,55046797757,100900
22373,41204110587,20810
22374,1466271160,53540
22375,3339688532,35240
22376,59734376004,15830
22377,7008715096,289430
22378,30870185810,16790
22379,770721784,51750
22380,1679186379,78010
22381,1563046872,54670
22382,25690367682,27230
22383,41966739496,14030
22384,22012188432,19330
22385,2008683938,63240
22386,1372462473,70120
22387,4076520160,94010
22388,19915537953,19690
22389,3536894218,88680
22390,12066502163,33020
22391,25260575034,24170
22392,81505193061,27730
22393,16587975028,18940
22394,1631738995,1000000
22395,764568562,39140
22396,3582508493,80430
22397,18045084374,30440
22398,41353196028,12140
22399,134927606,44090
22400,700124582,58950
22401,2685223976,35800
22402,13886955570,213050
22403,28239210726,26100
22404,796762246,70110
22405,45570373914,196840
22406,701293897,42640
22407,1346657706,64620
22408,1577151904,71220
22409,218123823,44820
22410,3617961302,32100
22411,159102163,38880
22412,81814301138,163300
22413,44802303961,17970
22414,3272275136,74680
22415,1190801289,58080
22416,114052432718,29460
22417,52476067609,108510
22418,25950007188,23900
22419,2596602658,47940
22420,138613638,45790
22421,30561579825,25520
22422,2172561448,37610
22423,58822293097,30720
22424,17358837590,27480
22425,1449605088,33650
22426,162784489293,101310
22427,1129902148,37890
22428,1054922676,38210
22429,67586908115,125460
22430,108434797150,141110
22431,18911838573,28280
22432,5207892040,10600
22433,17483253829,26420
22434,34051118165,16520
22435,167306967246,29480
22436,597608919,61620
22437,75948616994,15290
22438,105888030,46450
22439,119314940980,20270
22440,1113102121,64280
22441,222382913,38600
22442,10204559468,273710
22443,12542145494,32790
22444,64262334195,15880
22445,18628129908,24380
22446,59905225582,23170
22447,1422802798,57760
22448,2610136349,34310
22449,47295092406,24330
22450,37423098053,20980
22451,1022909091,49300
22452,1444366678,60320
22453,24826996500,31020
22454,3578464701,32160
22455,156118339739,12770
22456,1269250563,85690
22457,1865253164,37030
22458,33128794370,29190
22459,2095437168,72590
22460,4513188469,56770
22461,1172609876,51880
22462,504496466,39960
22463,1154788768,56700
22464,27475232553,20550
22465,8296866576,21900
22466,13705718578,18370
22467,19889035527,21700
22468,883120780,51860
22469,23891581283,31060
22470,1400640808,36820
22471,71062243226,12520
22472,43906743230,107300
22473,32416660137,30770
22474,28239210726,26100
22475,1285069965,725910
22476,49361607235,19480
22477,1072709312,33100
22478,6163544484,63470
22479,1131377818,50220
22480,922757198,67500
22481,542291409,38820
22482,156249934782,116910
22483,1246571561,62330
22484,72729121021,30590
22485,45942275295,13950
22486,58360795530,100120
22487,23927692354,26640
22488,151501434,39910
22489,1850616720,68360
22490,10270772425,18700
22491,893604177,56650
22492,10710322980,32770
22493,1316558223,81920
22494,116075986845,27530
22495,627432508,86570
22496,15332473314,26460
22497,15824340416,31220
22498,25601318259,26490
22499,1016190184,77940
22500,2066243096,55530
22501,524484664,57500
22502,873159096,40730
22503,135808379706,118690
22504,1314972894,93820
22505,86872266679,144730
22506,721629565,39190
22507,4909566148,33050
22508,20767119537,178250
22509,695331164,55120
22510,1943459116,58940
22511,34681628225,27040
22512,4077505210,31450
22513,4787315883,54200
22514,3718582074,32190
22515,10688901513,31100
22516,576198569,36810
22517,1696559660,90520
22518,1353841300,70000
22519,3121022883,84030
22520,2696134795,83660
22521,25574467318,20360
22522,1440700484,65090
22523,253425413,38450
22524,23328308469,28670
22525,1305006384,49900
22526,1843103391,50260
22527,64387235118,22490
22528,7694107713,24900
22529,4065756620,85370
22530,113745719230,119750
22531,14854935840,26000
22532,1391187023,52550
22533,39723842489,19880
22534,1327954837,56430
22535,1317780887,56490
22536,26290561592,28600
22537,33036051309,25960
22538,64552754153,101900
22539,2534784064,33840
22540,830793017,41160
22541,24628664082,17600
22542,97880133,45450
22543,627432508,86570
22544,930706624,52700
22545,1106560539,48710
22546,1818227392,33820
22547,107286756140,108980
22548,18305845572,17240
22549,1859526782,33480
22550,121966366,40100
22551,3382419082,37560
22552,60217269,43920
22553,932425658,38850
22554,1246744945,61080
22555,4846977896,61610
22556,34229453564,21040
22557,150512298814,111840
22558,128522310772,29200
22559,854883682,63360
22560,27681409375,27000
22561,977510170,60200
22562,1960640991,506100
22563,196892517987,24510
22564,11171899613,24450
22565,4731026750,84090
22566,3445143039,34100
22567,34202441186,22400
22568,1448985896,36870
22569,14488576352,30970
22570,1571432186,65150
22571,2513185912,89060
22572,251591762,45820
22573,2498739587,83290
22574,56335760220,29750
22575,43594620464,136370
22576,382059066,42660
22577,195496223706,95880
22578,54841802336,166840
22579,74593825278,117950
22580,33555873981,12200
22581,9073676657,24880
22582,6549228786,59450
22583,33854502558,23450
22584,881919199,57040
22585,40509875064,19090
22586,49396298672,20490
22587,52037401887,22120
22588,1757687966,80680
22589,1263110742,51360
22590,46293022597,114200
22591,138963756,39500
22592,711674046,53850
22593,112200877437,111870
22594,1260035424,36450
22595,28229514027,18550
22596,158218983,40420
22597,14406325076,28100
22598,49063758173,23020
22599,61148974457,25580
22600,15878150283,15950
22601,31180941172,20690
22602,1770721317,68220
22603,89115064498,24290
22604,68660692992,26230
22605,69254992316,28820
22606,12579447919,19550
22607,48222549379,153040
22608,1272051310,50460
22609,115078824305,110490
22610,67869473195,22730
22611,23338015042,16100
22612,105929741,41000
22613,246649414,45870
22614,1734621282,66190
22615,113605749,44440
22616,17668780075,184380
22617,423769892,40510
22618,35427407247,12100
22619,78069990246,155150
22620,31889305836,19000
22621,41111666437,20870
22622,40248886135,16540
22623,2899596974,49810
22624,57599509639,23380
22625,1915566237,65960
22626,40838574989,28040
22627,555403545,47250
22628,2893918961,73200
22629,4002707751,77480
22630,3268991370,91510
22631,1862459709,49570
22632,26331644967,224690
22633,12157445989,17800
22634,739585399,60500
22635,989457518,36330
22636,906877153,52140
22637,8746143840,15800
22638,203602797,43110
22639,6847361817,24080
22640,27391134488,28200
22641,1594590186,52920
22642,97236810,44950
22643,168316291173,18730
22644,8592713409,16550
22645,557418661,40860
22646,1752616200,48940
22647,4596909356,34570
22648,39957048884,18650
22649,90455418867,103540
22650,20767119537,178250
22651,66918821,44060
22652,374557932,41540
22653,13074164597,16600
22654,25369830504,134300
22655,49413258698,22810
22656,762762186,53960
22657,42086966196,21550
22658,22199368675,26540
22659,3641459255,34730
22660,121381613445,134480
22661,1615365488,69040
22662,20646758302,114290
22663,1286787511,69360
22664,32610014329,22460
22665,60958797746,11780
22666,55126430988,14190
22667,49361607235,19480
22668,2084586980,50040
22669,4688279662,87600
22670,696359794,87320
22671,4750965480,75510
22672,61406082,47620
22673,10777764971,11400
22674,15486099417,26720
22675,47530310120,18590
22676,15212996425,14000
22677,69067941716,24120
22678,13937887246,31160
22679,238836015079,30010
22680,41085533680,12280
22681,67285132865,161340
22682,59521091475,17810
22683,27040456284,12380
22684,25009359999,15920
22685,2916597756,33340
22686,35149095400,22280
22687,35668694476,15120
22688,1051372532,529820
22689,54032546352,21250
22690,29083726643,17520
22691,142061313968,99220
22692,24792833125,13940
22693,817050770,47880
22694,26441271661,26250
22695,21562116980,12320
22696,41334335293,25600
22697,1338480339,81380
22698,62846203965,147660
22699,38137425611,30680
22700,775257020,42170
22701,1745335418,84220
22702,297227885,42740
22703,56663813217,20660
22704,82041544492,148280
22705,1952632530,93270
22706,13696731951,20480
22707,767671799,40990
22708,1340343187,58720
22709,47572858350,28950
22710,1622919162,48960
22711,11663075335,10800
22712,421511376,41280
22713,39341073855,22100
22714,1016731139,84420
22715,30809472740,20620
22716,1349376638,74270
22717,1055669548,58780
22718,148522245,45860
22719,2349063167,90600
22720,59030774603,176240
22721,56505869603,28740
22722,2829868299,35340
22723,88500753266,13420
22724,54325580362,11300
22725,332591425,40480
22726,3326394597,34360
22727,2829868299,35340
22728,1474223270,55640
22729,1164747559,83900
22730,154093044983,106150
22731,54017203707,18450
22732,1094648866,36850
22733,37378231467,25270
22734,248802877884,12170
22735,43134529375,19850
22736,1495785017,49580
22737,95146548460,140640
22738,39244436334,19620
22739,60191018003,129510
22740,35213785935,27800
22741,18061541782,27710
22742,34561022451,16570
22743,16680645035,13750
22744,4139972881,33920
22745,1251743866,461480
22746,996243223,57680
22747,5297349550,72720
22748,15978951658,28580
22749,1749197112,53080
22750,78256468095,11450
22751,17967957924,18030
22752,2351575947,82930
22753,13074074288,19580
22754,897402388,80310
22755,25950007188,23900
22756,15635220941,25060
22757,97074831095,20990
22758,1049140050,50300
22759,38722239880,25800
22760,13262870369,30950
22761,1714393455,550670
22762,103496654,45240
22763,30860554806,10400
22764,1904097304,67230
22765,572754060,73880
22766,2045022444,57280
22767,1975712178,432830
22768,1455513658,82070
22769,968103564,62150
22770,3016183235,91800
22771,1204335177,68740
22772,855279357,57200
22773,15968964813,19560
22774,23741234218,100200
22775,1430033040,48590
22776,70825573759,26430
22777,20483685045,24680
22778,76499235718,21430
22779,91603993888,12220
22780,1948324979,680020
22781,32470386257,28710
22782,1631738995,1000000
22783,96772012595,132240
22784,41204110587,20810
22785,107335174215,29130
22786,66129756375,12350
22787,2685223976,35800
22788,1794566137,63250
22789,2534725839,34430
22790,43964464699,16280
22791,2001257133,35070
22792,6847361817,24080
22793,206665880,46500
22794,15739671791,31840
22795,1217757231,92940
22796,122503654433,16210
22797,118608075122,104260
22798,45116285441,15670
22799,43265608639,30840
22800,82544420506,109720
22801,2557112974,34840
22802,1456335692,49980
22803,118484986,46380
22804,19048350386,32000
22805,1335249047,94550
22806,61709873190,25610
22807,5921037305,10000
22808,1064289268,61180
22809,65983781497,26570
22810,66652365847,143210
22811,19888988268,12450
22812,27681409375,27000
22813,26852757475,15650
22814,80481483215,127100
22815,94194144581,14340
22816,373789449,37940
22817,1393246816,81440
22818,1501628763,59690
22819,97535738059,29020
22820,802212922,62040
22821,49424817345,17160
22822,87082410631,18870
22823,184195569242,29900
22824,3148839669,49150
22825,35922754479,20350
22826,199430731,41480
22827,72896861688,12440
22828,922696172,84730
22829,48105516504,21330
22830,140205711796,120920
22831,147074571454,29880
22832,24263189038,13000
22833,1251239695,51300
22834,23338015042,16100
22835,5454099269,82940
22836,27979223636,30880
22837,1221733190,67610
22838,848831306,87130
22839,19516679946,24000
22840,2080364940,48490
22841,8592713409,16550
22842,770505462,38840
22843,73929846927,18070
22844,32025620892,24200
22845,1581120741,53020
22846,55967057116,14920
22847,14216936880,18600
22848,222645114,41250
22849,168465024,47440
22850,91181218764,11840
22851,7171896670,18400
22852,171950718,43200
22853,2115846348,56850
22854,1037444559,95210
22855,2157427914,66570
22856,2622127703,76970
22857,28137966581,12960
22858,129909555493,100400
22859,1000117552,55620
22860,35618083107,15260
22861,1867668304,51240
22862,126698850927,30020
22863,5027349939,65540
22864,1193032635,72090
22865,22930910141,20960
22866,11559053251,24340
22867,1227431902,53370
22868,3480981914,52110
22869,418257067985,29440
22870,66017402123,24160
22871,19447024870,25860
22872,47530310120,18590
22873,67069395640,21490
22874,1518008875,58480
22875,57599509639,23380
22876,2334328896,36700
22877,30960317809,18900
22878,488441464,43740
22879,26025000339,26760
22880,109888375014,27820
22881,106457964150,21640
22882,640002084,39680
22883,286525382,42710
22884,163010279825,29650
22885,552835291,40450
22886,37298728034,27550
22887,73001452579,12260
22888,586991972,36980
22889,33555873981,12200
22890,199049820,43560
22891,3806258318,52470
22892,935579474,58700
22893,256501072,46260
22894,83784153285,28900
22895,77267421097,10520
22896,117246029400,125050
22897,1631738995,1000000
22898,57806500123,24550
22899,1623891017,95150
22900,6377380700,22300
22901,159793980,46900
22902,670293721,36120
22903,539714944,37680
22904,146824871292,13780
22905,48233420339,25240
22906,1655272260,35850
22907,249824200,46270
22908,37378231467,25270
22909,103916719061,112500
22910,17837658980,30980
22911,27134392123,27830
22912,2613185389,65120
22913,6039823274,57450
22914,64630757742,103850
22915,1416291125,66280
22916,2392560478,49030
22917,1198898535,36990
22918,135874898,39840
22919,99265120503,133450
22920,88528741,45320
22921,62409364740,18840
22922,2508218174,79320
22923,22077591852,19150
22924,278624276,41060
22925,1843760201,37080
22926,1872274372,972760
22927,1059366348,56530
22928,1163741143,52600
22929,76549848977,163790
22930,54032546352,21250
22931,3736822851,33790
22932,20043163240,13800
22933,1769549346,79220
22934,47327142953,30120
22935,29273113327,140880
22936,14854935840,26000
22937,135214843987,14440
22938,40412903977,108610
22939,1092214102,38610
22940,1883940894,66800
22941,9880973131,31720
22942,286525382,42710
22943,40239095341,31250
22944,1144440856,75780
22945,202015720,41660
22946,4087281575,51200
22947,63133683249,107720
22948,31343462603,30850
22949,26085220253,12060
22950,1218546002,59900
22951,1308178081,52880
22952,33134217629,26630
22953,29571437943,24270
22954,821797924,59490
22955,3522131365,35370
22956,120496895567,106340
22957,107148863950,14570
22958,96155377,41110
22959,32593402267,22350
22960,2667911478,62110
22961,1033722074,65390
22962,20961781294,26960
22963,1893780377,75050
22964,962022378,37550
22965,519809320,46090
22966,1135227918,94900
22967,844668835,60350
22968,55374624092,12040
22969,85837162827,115230
22970,25320306351,22860
22971,32670578675,26700
22972,5610407060,61540
22973,1741720458,51530
22974,4584263012,33070
22975,307021607,39130
22976,817664057,46460
22977,23357523209,26850
22978,208808126,45020
22979,41213701,42920
22980,1099860567,50380
22981,253211928,38720
22982,75125954302,28210
22983,2244802283,61270
22984,160415459,39720
22985,1055669548,58780
22986,2642522957,64550
22987,75987939921,161800
22988,115014292,45230
22989,151092871204,29600
22990,12620925627,253590
22991,198014651,46650
22992,84345509095,113760
22993,48600534478,22090
22994,477888695,41680
22995,329709884,39340
22996,749752075,57290
22997,138250028846,14870
22998,2395974107,35960
22999,30809472740,20620
23000,882415535,83510
23001,270577793,40150
23002,1241295410,72600
23003,382059066,42660
23004,5354987411,33200
23005,33128794370,29190
23006,24953211633,28020
23007,532525883,37640
23008,31272637609,23520
23009,1838218188,49320
23010,4909566148,33050
23011,3148839669,49150
23012,6714501360,11440
23013,954684584,47900
23014,634159836,38960
23015,270203828,43240
23016,75690663689,17930
23017,57599509639,23380
23018,33973621953,20850
23019,832985005,54370
23020,3011330685,34920
23021,47587072634,16460
23022,19516679946,24000
23023,1593758003,35630
23024,2277140084,74830
23025,35058865075,185070
23026,8425910359,33410
23027,109297986591,120970
23028,114177850,44350
23029,2203404480,90250
23030,1980189109,78660
23031,17731168558,232630
23032,1265260946,33680
23033,152926924713,12690
23034,968103564,62150
23035,100176358627,29380
23036,60327809007,28650
23037,135760116070,121600
23038,167049769,41270
23039,1834858544,71450
23040,2428040434,48450
23041,788645052,46030
23042,33103548418,30030
23043,13749746627,18260
23044,37045766564,25640
23045,414655614,39460
23046,1168742252,50800
23047,391776302,40340
23048,49892685755,188240
23049,78221692149,13850
23050,1588880290,49390
23051,23035858811,22050
23052,5163189664,87060
23053,29634990721,24500
23054,624135090,55180
23055,928759657,35790
23056,52065406763,22020
23057,6968645360,13500
23058,109159589654,110980
23059,207607573,47600
23060,5782621360,33320
23061,1131650149,38140
23062,539714944,37680
23063,309244363,43370
23064,21509159440,21000
23065,1113508849,48570
23066,45016106005,22740
23067,2574394073,35540
23068,41132067628,27300
23069,6902951593,33830
23070,52550416674,121220
23071,950832765,63300
23072,114174616,43680
23073,18692663989,227160
23074,517739161,39810
23075,638332189,50560
23076,300222469,44720
23077,1913422562,55760
23078,1208372127,49310
23079,62720867153,163450
23080,1705143848,32200
23081,4825833753,81200
23082,1724774500,70980
23083,59244522580,139910
23084,38969729298,14930
23085,71275229269,22440
23086,3218973869,79210
23087,3564967825,32450
23088,2875440181,64930
23089,1072709312,33100
23090,132211609,46940
23091,48422643274,26180
23092,22983261045,228500
23093,15957156660,22510
23094,3431400822,56560
23095,43440528468,19050
23096,5438696329,53530
23097,51245873680,20640
23098,78999070290,27980
23099,25958933629,23920
23100,85468325261,20950
23101,62080968171,11850
23102,86639781085,127680
23103,52607696761,23040
23104,2322716852,53260
23105,77859726070,12130
23106,8581767922,32550
23107,2431315239,86860
23108,495539667,80380
23109,1173132761,67880
23110,48556488290,190970
23111,19106552719,31320
23112,27237505980,20300
23113,36489171794,25010
23114,62923519,46140
23115,62363084328,18150
23116,16045577416,16000
23117,2993944362,87720
23118,736160521,87920
23119,1693940630,65400
23120,2452532696,76580
23121,51132409411,14540
23122,1319463380,85110
23123,45204939260,10900
23124,57050127055,16050
23125,928772192,72000
23126,3941429135,53380
23127,1175518397,55000
23128,621792606,43470
23129,35154212207,19100
23130,88502758852,114400
23131,25260575034,24170
23132,35681395866,25400
23133,4965735198,33350
23134,3795341557,90310
23135,134819223028,111150
23136,2865705987,60260
23137,1080501026,59830
23138,53126990322,21460
23139,2574394073,35540
23140,31130056273,21240
23141,12529736670,25180
23142,68915649196,25650
23143,54653907275,13480
23144,1662305993,52760
23145,432858644,37750
23146,96183231348,13510
23147,40695073799,190620
23148,39244436334,19620
23149,1238314076,74410
23150,120214420160,116990
23151,66894745633,165140
23152,9072882406,266210
23153,1117191636,81020
23154,1898348392,74340
23155,65983781497,26570
23156,1410148687,65180
23157,18478125009,31790
23158,15269062707,11500
23159,93090494388,14760
23160,4260836579,74300
23161,24665681208,17100
23162,1853249643,82490
23163,118917630577,21160
23164,31288720708,155110
23165,82594191852,121720
23166,48105516504,21330
23167,84856818456,148540
23168,1826630976,52200
23169,227434353,45180
23170,1932492338,515010
23171,3356420522,35590
23172,8597498625,15300
23173,1135494895,82860
23174,1426305222,59880
23175,126922650107,19710
23176,12182235393,16920
23177,1878134533,84140
23178,1631738995,1000000
23179,39244436334,19620
23180,54560372121,21280
23181,1976942485,78800
23182,963676411,36520
23183,1456394858,56070
23184,49496830942,19070
23185,32974521076,10950
23186,81575937732,116530
23187,269739029,44870
23188,1927027895,36270
23189,369908415,39250
23190,2702203827,61110
23191,968830042,48420
23192,297070175,42720
23193,40509875064,19090
23194,2528787605,52290
23195,146372300,41560
23196,2401561723,56550
23197,15282441909,31600
23198,1401188657,57930
23199,37495008730,15350
23200,7623443849,18500
23201,46364741189,20750
23202,2017921718,500280
23203,160541414308,17030
23204,3085562009,92260
23205,14914349186,243180
23206,1952179910,33670
23207,3141725760,59570
23208,881015444,48220
23209,19888988268,12450
23210,15750815092,18660
23211,30931706509,26560
23212,302588764,43150
23213,112691330545,10960
23214,128460365257,20770
23215,265841866,46180
23216,903704102,59110
23217,858940869,86750
23218,1975081611,79450
23219,129727782415,14960
23220,1239987960,76100
23221,2557112974,34840
23222,4003083115,35040
23223,2461647408,70640
23224,1221105049,86390
23225,32939692439,24350
23226,27391134488,28200
23227,1080879465,79810
23228,1290273194,57370
23229,972303517,51820
23230,4259692372,80660
23231,24707988149,13900
23232,32664879670,23620
23233,118546641724,23830
23234,26595548043,18830
23235,2095861127,34850
23236,1479542950,68640
23237,53605580266,21630
23238,54056916280,19570
23239,89675087783,102320
23240,342243612,44030
23241,81024868,44180
23242,16662598179,19520
23243,1927027895,36270
23244,26416815952,21300
23245,129828716,46200
23246,161166276978,23730
23247,16696319811,22580
23248,639456169,40790
23249,2580239509,51030
23250,16471274664,16700
23251,1631738995,1000000
23252,2238311212,48580
23253,36306342004,103440
23254,91631393656,112400
23255,204164666855,29490
23256,4258366212,81240
23257,1317780887,56490
23258,270644675,43380
23259,1505414875,94240
23260,1466271160,53540
23261,75484254726,26310
23262,1046783688,34830
23263,133016869992,13490
23264,5921037305,10000
23265,36134329859,13110
23266,152027485246,13410
23267,170643365637,97740
23268,1161709800,56630
23269,1436691956,36830
23270,1452448662,63460
23271,81024868,44180
23272,38978792540,21590
23273,1356335367,93180
23274,89181507787,157750
23275,2025692169,70090
23276,2085146629,49600
23277,56262710088,177820
23278,820041598,66100
23279,1623677241,55150
23280,46847440574,28300
23281,18187169458,25340
23282,56618718920,27680
23283,27759015979,10200
23284,52524760859,25330
23285,1358865881,55690
23286,2917291465,76290
23287,46221251118,31120
23288,1853249643,82490
23289,37824081128,27060
23290,417703744,35900
23291,2554714068,34270
23292,539714944,37680
23293,19771437940,28480
23294,1140785990,35560
23295,26848678271,32120
23296,705780122,38660
23297,67590525876,168000
23298,23384686339,21680
23299,229520041119,29510
23300,4439063547,80860
23301,138414954298,123330
23302,20927200744,15450
23303,43194945133,12780
23304,5085178544,56350
23305,3319012431,48390
23306,2649064207,379170
23307,42696556036,31870
23308,22274522030,18300
23309,18298812721,27600
23310,823416883,64100
23311,72189263017,15720
23312,38470708918,13380
23313,49235057290,20100
23314,91556315041,24770
23315,2403651017,63320
23316,16371576203,26900
23317,84507726573,28500
23318,2935362429,48330
23319,2370638666,69140
23320,20328737308,27660
23321,6404613422,33640
23322,3066692928,52930
23323,240474175,39830
23324,10460628957,25000
23325,83875446920,10940
23326,97679083174,151080
23327,1125074183,63200
23328,1782167693,50910
23329,1964050833,59560
23330,352619721,41790
23331,37673201671,24140
23332,38025505020,18060
23333,56013076995,16820
23334,602975433,76640
23335,27021423680,23390
23336,3475875261,34010
23337,1080765144,35600
23338,32841394868,25980
23339,1323663407,69540
23340,1466303822,66700
23341,98467339457,17610
23342,27237505980,20300
23343,1165750545,35250
23344,50197576655,22190
23345,42573208319,166040
23346,174795820432,105830
23347,90099603000,11620
23348,9783894568,33620
23349,197141194414,22720
23350,41294672559,24540
23351,13618910578,19900
23352,76659105760,10480
23353,145411673178,106630
23354,148140845,44800
23355,103956192075,13230
23356,996119850,54080
23357,9966939481,21600
23358,142799541,42100
23359,55484554170,23290
23360,1537435620,79760
23361,5281845718,34790
23362,2452004275,48240
23363,4087281575,51200
23364,1480637016,64780
23365,105597755066,106470
23366,10460628957,25000
23367,850015741,41840
23368,670315080,77650
23369,1223137732,73210
23370,2779059179,35700
23371,1544493907,87100
23372,2864541139,70400
23373,37291167699,22080
23374,26929532640,16960
23375,786568730,56390
23376,36144847948,26840
23377,48106561534,17680
23378,1565125458,61580
23379,28700930732,30570
23380,1130576654,36230
23381,66860808852,18760
23382,2331027939,59850
23383,1147993671,66560
23384,2160661217,33240
23385,1014046146,79000
23386,7257186632,33990
23387,13293694114,31520
23388,53255920574,113450
23389,1082208274,72110
23390,3605174711,73030
23391,4864762711,32980
23392,95793436851,135530
23393,20311628600,31070
23394,1192712548,65790
23395,104695920952,12410
23396,28817645643,24850
23397,64433705350,11280
23398,137396957,41140
23399,993169686,78780
23400,1524529093,36390
23401,825775683,69600
23402,1030325107,59420
23403,1665837218,36020
23404,418831927,42770
23405,64570007221,15810
23406,52059997494,30640
23407,6787474719,262220
23408,1597101722,49060
23409,91556315041,24770
23410,334552513,37790
23411,32664879670,23620
23412,1812848416,55350
23413,24942410999,13550
23414,2086779934,49930
23415,68131431493,117040
23416,3336149319,56010
23417,26614884467,16800
23418,2422597203,34170
23419,67761898719,28330
23420,1099860567,50380
23421,51245873680,20640
23422,2264584686,58820
23423,1191076510,64790
23424,1366734943,68200
23425,18102980032,14800
23426,1897604496,64940
23427,42086966196,21550
23428,2845281577,60420
23429,106332430,41700
23430,34075787416,13460
23431,18307813892,26600
23432,1436032479,72150
23433,1524682480,93400
23434,1241295410,72600
23435,2092435391,34200
23436,28286652085,17040
23437,30709358619,17510
23438,372571834,43990
23439,79766442212,23530
23440,766491088,38780
23441,32329734658,17380
23442,262709266,44160
23443,1584791361,37050
23444,1922151906,65520
23445,344661726520,10510
23446,1822824215,71870
23447,16856330150,15500
23448,1767527202,68960
23449,45305963933,17170
23450,22317738016,21350
23451,26929532640,16960
23452,69067941716,24120
23453,74354120579,26990
23454,22317738016,21350
23455,27253192711,21820
23456,1656388370,66120
23457,51417615010,182840
23458,30809472740,20620
23459,2216068328,53100
23460,1274800634,50200
23461,59119860557,17980
23462,54561378707,25910
23463,73642083145,14010
23464,17500395948,24800
23465,356202685,43530
23466,1598785642,50720
23467,2073471585,59200
23468,27839817214,10340
23469,2859188088,52830
23470,84507726573,28500
23471,862541609,38990
23472,70825573759,26430
23473,137231538500,114670
23474,967689915,34700
23475,833669750,80700
23476,59119860557,17980
23477,5047676192,54050
23478,61073622396,23340
23479,979196730,42510
23480,58822293097,30720
23481,54287868971,102900
23482,115329302,46240
23483,1290874953,34820
23484,1740441176,48350
23485,1290273194,57370
23486,7135782721,33660
23487,598331337,37500
23488,1264337163,64090
23489,83426881032,103100
23490,1773931839,83100
23491,1031361441,62060
23492,2204956728,48820
23493,429448171,39560
23494,86210728663,24310
23495,47327142953,30120
23496,49535555271,12750
23497,38215353071,19240
23498,98140781662,14550
23499,32987055981,213440
23500,4477860533,35390
23501,50805719022,13180
23502,63805452713,95820
23503,1043748304,53300
23504,578546494,37740
23505,42818496987,22700
23506,121328006,42790
23507,12157445989,17800
23508,1410148687,65180
23509,66974640180,150540
23510,4093727172,34290
23511,26794617770,13400
23512,331019354533,29550
23513,58360795530,100120
23514,1615873407,53420
23515,1224554872,50360
23516,2439367630,55890
23517,86371082020,108720
23518,69131269682,101950
23519,1256802558,71650
23520,54325580362,11300
23521,21654796659,21380
23522,2400103209,55110
23523,18886533744,20790
23524,2294705697,54960
23525,2441550991,36170
23526,19049030128,13960
23527,98334747153,22010
23528,369665979,42260
23529,1631738995,1000000
23530,69085430114,23410
23531,1565125458,61580
23532,17500395948,24800
23533,6062647024,32050
23534,37326142645,25360
23535,44290276242,23700
23536,37083274318,28440
23537,959023675,60090
23538,3406584300,34520
23539,183938076,43880
23540,261865260,42460
23541,21288505553,14520
23542,1791691723,79630
23543,2874702311,65130
23544,1109346495,51350
23545,57050127055,16050
23546,145177249047,111650
23547,1802884820,64970
23548,46115259429,165700
23549,43865790894,19280
23550,69112026655,23070
23551,25601318259,26490
23552,94194144581,14340
23553,55378221550,27380
23554,102391360286,96400
23555,9096597453,23940
23556,1190801289,58080
23557,68051055196,143600
23558,23035858811,22050
23559,35338417133,114260
23560,1830685048,74120
23561,207998780,38890
23562,52509947800,117190
23563,82016039828,22220
23564,250867977,37200
23565,58819867748,16420
23566,4250146741,33600
23567,2613981657,72740
23568,33511148757,207970
23569,802275519,53160
23570,15241819764,13200
23571,1153810921,40780
23572,2107647433,81700
23573,2684612870,72050
23574,5497574956,31420
23575,57050127055,16050
23576,13074164597,16600
23577,823961845,59440
23578,1254673458,38430
23579,2074499570,61170
23580,1788721858,58630
23581,1655272260,35850
23582,813874141,59240
23583,17872142543,14300
23584,43638851183,25970
23585,1194376822,56790
23586,1328174283,49760
23587,3803273156,94610
23588,1187554868,77360
23589,1667284222,63190
23590,46847440574,28300
23591,147720762402,29150
23592,70917260148,13610
23593,24652206273,17190
23594,26495857219,156400
23595,907034587,50680
23596,1578430142,34190
23597,903110811,50120
23598,35338417133,114260
23599,174984123,46780
23600,33878940733,27930
23601,37102239822,164830
23602,46416427689,22600
23603,12353775906,35690
23604,6536029761,12400
23605,18157672735,22620
23606,54119185841,122710
23607,2503861552,62270
23608,77726524145,14180
23609,78950420165,26940
23610,318939335,44070
23611,1415510048,60150
23612,1069762860,48500
23613,62157265372,14150
23614,3956339075,90090
23615,42212233279,10720
23616,59465239307,22830
23617,1139755417,52730
23618,8037842913,21950
23619,850683698,53500
23620,84622031903,22130
23621,176942509,45560
23622,63490581437,102740
23623,57599509639,23380
23624,5921037305,10000
23625,89115064498,24290
23626,128890372039,110690
23627,9075253256,32800
23628,1068679149,58200
23629,37824081128,27060
23630,132632790896,118190
23631,14854935840,26000
23632,1169995751,36250
23633,145172773229,29170
23634,29805533500,110900
23635,407679510,41380
23636,174984123,46780
23637,1452448662,63460
23638,2399827597,48430
23639,1299219562,66180
23640,152756057,46300
23641,14401704407,16500
23642,1899784719,72810
23643,1086538446,52380
23644,41960725561,27150
23645,45305963933,17170
23646,40731906665,23960
23647,147715220564,119390
23648,12564986713,25760
23649,20728975020,28620
23650,66335429928,23760
23651,44290276242,23700
23652,962022378,37550
23653,71670533558,28840
23654,49591181675,30380
23655,15739671791,31840
23656,557418661,40860
23657,43115760993,24410
23658,52728599236,17410
23659,16587975028,18940
23660,19621655952,13920
23661,89261862724,18510
23662,793302769,52510
23663,2961526814,89420
23664,1730438104,68590
23665,2263819750,73290
23666,11322932870,14040
23667,771354941,37120
23668,28299948879,30890
23669,13696731951,20480
23670,25132530789,22360
23671,116983325494,28870
23672,23214113792,32630
23673,1776277520,37910
23674,517097296,38920
23675,47756965159,21730
23676,991790636,48520
23677,1000117552,55620
23678,45949497479,30740
23679,374027963,39570
23680,813874141,59240
23681,2160661217,33240
23682,2665111018,33500
23683,100176358627,29380
23684,9816664858,31180
23685,92886491890,139240
23686,86809755530,99750
23687,163104065,42340
23688,68186973,41320
23689,26224264781,12300
23690,76122229016,15310
23691,13327051013,12800
23692,3236275601,32580
23693,513236362,37300
23694,30719654234,22320
23695,49954885546,25710
23696,270644675,43380
23697,52816588168,12860
23698,41972943163,28170
23699,1499051659,61300
23700,3298090644,94960
23701,811298469,35980
23702,2518334685,75400
23703,36911250830,20940
23704,22077591852,19150
23705,14782752626,20560
23706,31991224480,27270
23707,32939692439,24350
23708,137396957,41140
23709,17483253829,26420
23710,52177829725,15080
23711,270161958,45480
23712,35208935121,12820
23713,400065297,37780
23714,105820796759,20910
23715,2853050662,65360
23716,32830187687,27900
23717,19533110212,19500
23718,2025585873,48210
23719,163916469,43490
23720,55482136423,22570
23721,1954116745,71710
23722,84908117919,22170
23723,21245108197,22380
23724,116909376360,112540
23725,844668835,60350
23726,2192809826,33420
23727,1143258656,42760
23728,27530071116,17550
23729,17284911426,22990
23730,40136875057,26770
23731,37717196238,21760
23732,289209913,44850
23733,25253714483,23240
23734,38946778013,25920
23735,2344159088,33700
23736,46603536142,13080
23737,89194249997,95980
23738,326020670,40350
23739,1752444812,70530
23740,525184698,41450
23741,3252636373,62570
23742,32670578675,26700
23743,13262870369,30950
23744,37743414978,15870
23745,3366105726,61330
23746,1856735312,34660
23747,2045022444,57280
23748,1430080786,50250
23749,22991081487,104340
23750,4054349041,91440
23751,21708388858,19430
23752,72381043319,140370
23753,8581767922,32550
23754,2441550991,36170
23755,36291091355,20440
23756,230809744,47350
23757,20798791919,15850
23758,1227431902,53370
23759,1193484985,53040
23760,19621655952,13920
23761,4152717643,60280
23762,565552098,41770
23763,9975585772,19360
23764,7163533745,33380
23765,1167967906,56200
23766,86369752448,132670
23767,4658974942,91860
23768,35668694476,15120
23769,75468881950,23570
23770,1243988128,49620
23771,202293487,47700
23772,23074844564,216600
23773,351836472,45660
23774,1977137595,64700
23775,3814579632,38110
23776,19541868800,244690
23777,2140553864,34510
23778,1406213558,74060
23779,119569756,46360
23780,1417473910,80800
23781,33273745027,28690
23782,1295333704,78580
23783,1039009451,91140
23784,91021466303,155720
23785,52756244431,16680
23786,1277904219,62770
23787,850683698,53500
23788,2254567552,58500
23789,893703643,62130
23790,118609779204,15210
23791,22199368675,26540
23792,1328174283,49760
23793,735503252,37380
23794,1132825385,89920
23795,15415977530,15000
23796,24416402244,203350
23797,724963256,48950
23798,1754718153,794000
23799,23493083807,18950
23800,151851617,41500
23801,12370260581,17440
23802,3442987414,91340
23803,33661785903,26790
23804,24707988149,13900
23805,301686207,45170
23806,19447024870,25860
23807,79476434745,14560
23808,71885048,43750
23809,9769017711,261110
23810,75981964629,27620
23811,70476813938,13020
23812,2160661217,33240
23813,36799869133,20760
23814,280664916,45570
23815,151092871204,29600
23816,80104964039,29280
23817,42072761828,24030
23818,3617961302,32100
23819,26614884467,16800
23820,1090967488,77440
23821,133258263877,12830
23822,11702591275,20800
23823,57623142833,112000
23824,309643652,39900
23825,1310398543,65310
23826,3997838250,94950
23827,1811698590,49790
23828,14789513945,19790
23829,11740205694,25700
23830,3924278907,81140
23831,35681395866,25400
23832,1683707154,53190
23833,14037398643,14500
23834,17699354512,15050
23835,5262246763,82060
23836,882778274,35160
23837,48899227149,28790
23838,18658263160,30460
23839,77621717270,156790
23840,1783713612,62470
23841,34635049079,33290
23842,39244436334,19620
23843,450993184,40290
23844,386703694,36200
23845,29400030302,28450
23846,21621514595,21450
23847,24263189038,13000
23848,44461683118,10240
23849,1631738995,1000000
23850,24707988149,13900
23851,36972142743,15590
23852,299065959,41090
23853,58121898665,149930
23854,21509159440,21000
23855,12066502163,33020
23856,1239447018,36300
23857,75468881950,23570
23858,51480690814,19920
23859,19621303841,19800
23860,1239418180,59180
23861,33527478892,19660
23862,3109132994,33330
23863,131041478615,96310
23864,99646572231,104190
23865,24213216207,229010
23866,19477729694,25990
23867,131935748430,21810
23868,52212028291,24490
23869,1824730235,73000
23870,1419522640,51060
23871,53378104941,20040
23872,1528938191,79370
23873,67069395640,21490
23874,35149095400,22280
23875,293028886,39540
23876,35618083107,15260
23877,46150388127,15280
23878,33535152814,30330
23879,12660304592,14100
23880,1864735679,62880
23881,26224264781,12300
23882,517739161,39810
23883,59905225582,23170
23884,48899227149,28790
23885,81024868,44180
23886,78518605,42990
23887,81998829822,15070
23888,1001716380,35100
23889,132054384638,29840
23890,23430054225,14950
23891,153307044021,15370
23892,529826531,47370
23893,1064833483,53270
23894,1044956962,74000
23895,153169842,45100
23896,11169498489,31800
23897,3754574273,282640
23898,1002173127,51640
23899,94843914897,141780
23900,92853523305,16320
23901,62157265372,14150
23902,89707892479,151590
23903,45629561310,20340
23904,66686457889,160370
23905,71377435820,100220
23906,54561378707,25910
23907,79245177194,28800
23908,46676930728,99620
23909,23964761158,15840
23910,855319314,36680
23911,6377380700,22300
23912,37477224156,17090
23913,92239702551,29220
23914,1698024234,84860
23915,82801144098,151670
23916,1559492508,36070
23917,690324251,66810
23918,1665837218,36020
23919,2559762195,52190
23920,9096597453,23940
23921,23338015042,16100
23922,13549969722,17840
23923,2203545175,36130
23924,1230530036,53310
23925,3036521508,34410
23926,19106552719,31320
23927,175181366,47320
23928,1985760279,62440
23929,94945672856,13670
23930,117287800870,24370
23931,77318911205,99380
23932,3215214624,76630
23933,1351273037,80740
23934,835522598,84980
23935,749372823,69880
23936,70347446419,16040
23937,79738739070,96710
23938,947955481,38730
23939,363929049,36660
23940,13077299177,15620
23941,293126043,41430
23942,1954341595,76370
23943,135214843987,14440
23944,69916392088,160020
23945,40617870133,198600
23946,597192409,38260
23947,59593844653,24620
23948,143183014,47550
23949,762914645,55660
23950,1883940894,66800
23951,77280774631,19730
23952,45440822326,30180
23953,7694107713,24900
23954,16649303622,20170
23955,1631738995,1000000
23956,21924780750,21010
23957,595262239,39310
23958,2078162367,52160
23959,56863195775,157720
23960,11578482888,23890
23961,330837736,42520
23962,2360906311,72800
23963,2805468544,53820
23964,14401704407,16500
23965,159102163,38880
23966,3118056659,76940
23967,15580325925,32870
23968,45173635137,23430
23969,674813434,37730
23970,1299941120,51260
23971,4854570977,31700
23972,35681395866,25400
23973,38941691479,186110
23974,1440700484,65090
23975,727000833,50150
23976,1631738995,1000000
23977,50200379051,18670
23978,16164216833,32740
23979,15713574477,24100
23980,698549102,39440
23981,1753265117,36710
23982,283774035,41880
23983,218123823,44820
23984,522524241,41460
23985,2469410138,59820
23986,1990808044,56780
23987,165211464,40320
23988,2439078268,65030
23989,1481784264,60790
23990,131152378,45380
23991,6794665272,33360
23992,2232980940,93830
23993,133258263877,12830
23994,902383557,50770
23995,297070175,42720
23996,17540990784,15030
23997,1533774330,89940
23998,1550593991,33590
23999,563347692,38380
24000,702043340,50080
24001,159616958,39490
24002,56467476451,23330
24003,10136440557,30560
24004,62337635512,12950
24005,2315328096,59720
24006,59162592634,99850
24007,2311207911,75970
24008,33264601265,27320
24009,721629565,39190
24010,1351466665,91500
24011,82715082640,22410
24012,141989265372,18410
24013,87408291606,13050
24014,35427407247,12100
24015,4141556398,77830
24016,40715249564,21780
24017,12529736670,25180
24018,46364741189,20750
24019,1512656912,37580
24020,1283557928,72160
24021,33055007818,180260
24022,12370260581,17440
24023,87851007311,26620
24024,16621932651,17300
24025,1068344977,54750
24026,91259832415,14990
24027,278801205,45160
24028,2187095369,48000
24029,24707988149,13900
24030,30960317809,18900
24031,22875006614,30060
24032,1461507626,64740
24033,2790850298,62620
24034,265027913,43130
24035,24622745401,31920
24036,30960317809,18900
24037,2310506218,692680
24038,126698850927,30020
24039,16920717376,22800
24040,25784050372,22000
24041,4770422560,92440
24042,346737566,39400
24043,140353573929,97750
24044,951750497,77220
24045,508607459,38340
24046,1492778463,77700
24047,993295507,56400
24048,10805296946,32520
24049,226410524,46690
24050,1430033040,48590
24051,150978538,40170
24052,77148877943,30870
24053,2085146629,49600
24054,26929532640,16960
24055,119819066,47500
24056,1618779006,72550
24057,1609858635,37620
24058,93728465219,28250
24059,45204939260,10900
24060,811298469,35980
24061,84005983286,139480
24062,509618491,46120
24063,2957528730,33560
24064,2725285743,61500
24065,826738536,62260
24066,47615883511,27100
24067,1618418175,71610
24068,13851673776,19200
24069,910309314,38330
24070,222382913,38600
24071,4586467411,32700
24072,54729884543,19170
24073,54666065301,30670
24074,12669680225,31770
24075,2239027791,56760
24076,115737501455,104750
24077,36372739840,19960
24078,30155432199,16290
24079,201206146,47160
24080,993384713,36400
24081,86426892978,133610
24082,906584031,58920
24083,1631738995,1000000
24084,1509141265,34080
24085,265068977,38790
24086,26224264781,12300
24087,1125596516,53200
24088,374047654,41930
24089,37673201671,24140
24090,1465324295,60920
24091,78202753357,16160
24092,609632980,37150
24093,15484020783,13300
24094,509618491,46120
24095,2255116204,49220
24096,2175991433,49480
24097,44160343987,11900
24098,1139565790,559180
24099,28113089979,19110
24100,3118721117,56810
24101,34561022451,16570
24102,86733454261,139170
24103,473021194,38170
24104,1402649290,60360
24105,53378104941,20040
24106,1746576798,83690
24107,12506893704,18270
24108,63805452713,95820
24109,1386947012,92860
24110,278418155,43790
24111,20707959506,18860
24112,27825526306,17900
24113,25970337110,117840
24114,1417482006,49450
24115,222466020,40710
24116,14470814638,252270
24117,5237812740,68910
24118,12175959216,13600
24119,28286652085,17040
24120,20312580565,31710
24121,1792533582,56710
24122,1421268512,35380
24123,107655851635,13860
24124,243237729313,29970
24125,1495104650,63690
24126,19452232416,23220
24127,1140785990,35560
24128,35235920,47200
24129,153439769465,16410
24130,24252413441,20200
24131,1631738995,1000000
24132,5245189598,56050
24133,1850483599,60950
24134,132870505913,106160
24135,23338015042,16100
24136,110365433554,19810
24137,100072758947,131840
24138,18258613188,10450
24139,113004047,45490
24140,1788588637,63080
24141,7171896670,18400
24142,2833034099,338830
24143,45016106005,22740
24144,40581309322,21180
24145,36485850456,12160
24146,34229453564,21040
24147,86695282106,156270
24148,41294672559,24540
24149,89779729227,27330
24150,51180551841,23750
24151,1012483522,34000
24152,91176616046,118020
24153,153439769465,16410
24154,21817176627,19120
24155,42431829975,182820
24156,100596830161,29700
24157,30719654234,22320
24158,62087726496,27070
24159,5313937308,56080
24160,96789736572,28430
24161,4524039888,78410
24162,36482134180,30530
24163,1441920835,52770
24164,1524529093,36390
24165,1120362800,38860
24166,26629296406,31930
24167,13308638382,31750
24168,18298812721,27600
24169,43838047781,150830
24170,52295047194,24020
24171,32929114522,17720
24172,1108306484,74540
24173,22061453679,17340
24174,824946011,53800
24175,27839817214,10340
24176,1446793747,94180
24177,3495238246,50330
24178,4152139464,320510
24179,43897044541,23160
24180,45940864219,18280
24181,51480690814,19920
24182,165211464,40320
24183,8599549976,272450
24184,110998318,40800
24185,34051118165,16520
24186,460217872,37920
24187,39341073855,22100
24188,621792606,43470
24189,1041207695,34900
24190,25601318259,26490
24191,4483991505,88420
24192,53057265697,171840
24193,668040133,52120
24194,1339249386,51780
24195,31172644375,16950
24196,233414286,43910
24197,1419208055,515030
24198,6902951593,33830
24199,311408651,43340
24200,29933131070,24860
24201,47177858185,14250
24202,36485850456,12160
24203,11253340546,31780
24204,112598488982,23740
24205,18569873872,23300
24206,36297534223,16840
24207,10289649799,31040
24208,1560392158,59610
24209,31132237570,214320
24210,51671452648,28540
24211,53119614313,13540
24212,226757883,44570
24213,479224048,40960
24214,163594944,41850
24215,64153904362,20220
24216,32821241123,11350
24217,73086990904,18190
24218,12282619838,32030
24219,1423018170,92300
24220,2092435391,34200
24221,23239345271,12650
24222,57806500123,24550
24223,18658263160,30460
24224,8134293297,32780
24225,128886428123,14270
24226,27759015979,10200
24227,39577525050,19780
24228,2504399904,74150
24229,52029375826,28290
24230,61997123714,97760
24231,5262653632,90500
24232,422381531,39320
24233,9966939481,21600
24234,11713902729,33210
24235,28592621127,21220
24236,85376013248,28410
24237,63987693214,24750
24238,5669077034,64190
24239,1822092993,91000
24240,1745767341,73770
24241,816577081,77500
24242,179815424,42830
24243,473797048,37350
24244,88608614331,19910
24245,42141940792,21520
24246,9075253256,32800
24247,1784714941,79300
24248,52037401887,22120
24249,59047479801,17330
24250,12741993283,30860
24251,1486421612,67860
24252,35154212207,19100
24253,2983604386,35660
24254,39341073855,22100
24255,887037210,41330
24256,2649774732,33750
24257,7235591285,33690
24258,1739716920,507300
24259,1829242803,49260
24260,65983781497,26570
24261,13074074288,19580
24262,113251781078,122490
24263,326793235,39870
24264,15172273050,32130
24265,5921037305,10000
24266,261344160,46980
24267,2547380790,35880
24268,128828512954,125670
24269,1246264025,75280
24270,1888308830,56180
24271,362129993,46640
24272,12145938285,33260
24273,47590817538,15700
24274,36126099993,28700
24275,1372462473,70120
24276,13937887246,31160
24277,36200005581,28240
24278,56730751704,22520
24279,104534770422,113040
24280,32830187687,27900
24281,153490949,42200
24282,3617961302,32100
24283,18741652662,21500
24284,1335249047,94550
24285,1951360074,51160
24286,100944717641,102720
24287,1509141265,34080
24288,26441271661,26250
24289,61598617140,25790
24290,138613638,45790
24291,962022378,37550
24292,3172887491,35580
24293,13453048540,26040
24294,1781474749,62320
24295,27253192711,21820
24296,28700930732,30570
24297,66042753019,111000
24298,260318545,43850
24299,62517854534,20150
24300,490391879,38670
24301,69436321331,132420
24302,3951431052,32650
24303,37455535968,17760
24304,417703744,35900
24305,1315134039,50310
24306,328193623,42820
24307,54056916280,19570
24308,2667911478,62110
24309,850683698,53500
24310,1562946977,73070
24311,1520328596,73180
24312,82785878493,112650
24313,408881710,44240
24314,152908675016,20510
24315,396869926287,29310
24316,135874898,39840
24317,2160661217,33240
24318,1851092381,58380
24319,43897044541,23160
24320,2998373815,34030
24321,45276330903,16450
24322,1094094326,62300
24323,1564260300,52450
24324,1820176887,80250
24325,10708572650,12900
24326,1948438261,56310
24327,23328308469,28670
24328,2912425612,48890
24329,1975737998,79730
24330,1601246441,58020
24331,2518827562,65060
24332,44500095678,188650
24333,21562116980,12320
24334,125154707595,102090
24335,8903345832,18180
24336,1271956468,59550
24337,20334120816,19250
24338,2343460973,51560
24339,2217498872,49090
24340,48880466305,24210
24341,15101702599,12500
24342,8444407677,33930
24343,28839812218,22110
24344,2650769718,34950
24345,23122731626,31260
24346,74356023612,30000
24347,152117563224,96780
24348,49979174891,106170
24349,68488190097,112230
24350,12529736670,25180
24351,5091724979,90020
24352,128535660856,132060
24353,28700930732,30570
24354,863855022,50280
24355,2707692489,82810
24356,26983698392,30790
24357,8597498625,15300
24358,2501056199,36220
24359,284074140,41900
24360,250858413,47650
24361,58138179192,26930
24362,1345860255,53640
24363,49591181675,30380
24364,81418621821,117470
24365,1634610713,65980
24366,508441697,40400
24367,255605025,47030
24368,83272566880,29080
24369,1865253164,37030
24370,84844484259,26380
24371,21332525229,18200
24372,39709193489,18920
24373,72279557479,160290
24374,83955547676,28750
24375,30773604800,196230
24376,38761269670,205150
24377,176052203062,23820
24378,151403046,42880
24379,8891856148,270380
24380,719781309,54000
24381,47721839131,13650
24382,2411718526,89780
24383,36799869133,20760
24384,45228378494,19210
24385,1363980494,65320
24386,45116285441,15670
24387,171950718,43200
24388,26178609731,15960
24389,3783970305,34760
24390,40136875057,26770
24391,1243988128,49620
24392,2010622969,84160
24393,39577525050,19780
24394,12694562021,26800
24395,12370260581,17440
24396,134439735,43930
24397,11612366711,22590
24398,496555472,36050
24399,65012503117,24910
24400,1057815704,55920
24401,33631823894,11340
24402,2112613951,81810
24403,91443744912,28990
24404,1739725284,81090
24405,56499064539,96410
24406,97563933307,28350
24407,995830868,64440
24408,62157265372,14150
24409,118484986,46380
24410,15836834070,22160
24411,27134392123,27830
24412,289105316,37510
24413,2056166297,71230
24414,16671615759,17000
24415,22248366234,152910
24416,5023084202,33960
24417,41385627040,19220
24418,1443697767,78390
24419,253229141,40210
24420,56890745277,19530
24421,307772374,44470
24422,753517071,40610
24423,100064756801,131730
24424,8592713409,16550
24425,8037842913,21950
24426,58039092056,15860
24427,2052467490,62100
24428,2036664112,50830
24429,897402388,80310
24430,92853523305,16320
24431,1400640808,36820
24432,109477212,46920
24433,1021456583,54790
24434,1440792075,81460
24435,34540471920,26480
24436,76689142930,13530
24437,295033679,38490
24438,43865790894,19280
24439,939623427,55700
24440,43638851183,25970
24441,91264316799,150360
24442,568458367,45970
24443,67129058834,26010
24444,48635152442,149430
24445,122640276,42080
24446,24711842653,22890
24447,25574467318,20360
24448,1371970622,63830
24449,22741097466,12680
24450,107323519,43080
24451,3839610041,52720
24452,797573944,51700
24453,4143814611,34460
24454,223208169,44110
24455,1405549389,72930
24456,1614167084,61090
24457,1562155096,35290
24458,73086990904,18190
24459,3447142258,36030
24460,11559347838,24300
24461,159400468272,107640
24462,26678147130,25420
24463,2272237651,63260
24464,13597838470,21400
24465,21072535899,32290
24466,27839817214,10340
24467,1251669780,73460
24468,62611869151,20470
24469,78221692149,13850
24470,47220655644,113470
24471,74427604153,28770
24472,14913710173,32310
24473,1367128860,57970
24474,31634145708,23080
24475,64949643148,101350
24476,240963705,43810
24477,513236362,37300
24478,1191269410,57120
24479,1206567733,52630
24480,21256246165,21800
24481,15209110968,25300
24482,1062519998,70820
24483,1681436285,88140
24484,37547961631,16900
24485,41052939509,18390
24486,22859046034,23810
24487,81357340879,19160
24488,1094094326,62300
24489,54873856257,23130
24490,23521342765,20400
24491,21538411805,22870
24492,97880133,45450
24493,13851673776,19200
24494,12800337729,19080
24495,809260772,52440
24496,60734190187,22550
24497,49375053451,24600
24498,91644044268,138370
24499,124150062066,27540
24500,16587975028,18940
24501,2452004275,48240
24502,10093236863,19400
24503,1147331186,64560
24504,1052867311,37160
24505,1180691360,65760
24506,3132237278,34370
24507,70148464889,25890
24508,1726097160,73930
24509,432346859,40250
24510,53537785008,15520
24511,1862058918,75930
24512,1094094326,62300
24513,17760313786,23320
24514,30561579825,25520
24515,1706515363,89360
24516,57806500123,24550
24517,65449354194,98370
24518,55007371409,27560
24519,36482134180,30530
24520,87082410631,18870
24521,2092435391,34200
24522,69486195,47140
24523,171134434,45300
24524,226635679,40970
24525,1571432186,65150
24526,4600682694,33970
24527,855468356,76880
24528,407722534,40120
24529,987729963,38100
24530,1984650853,49540
24531,14755481980,26440
24532,407722534,40120
24533,3130357418,60980
24534,672272035,60000
24535,2255317749,50210
24536,2193159158,36560
24537,4775106304,33400
24538,826738536,62260
24539,28592621127,21220
24540,24665681208,17100
24541,80432649,40080
24542,1030325107,59420
24543,27382133872,24980
24544,1962523130,35130
24545,138536429741,107090
24546,176942509,45560
24547,1441943169,65140
24548,30116808204,14720
24549,103073416038,13430
24550,65541575233,20210
24551,174546255,38420
24552,1169292245,36180
24553,4103804892,73970
24554,42661646562,111210
24555,1274312067,47840
24556,601281229,37760
24557,207431683,41640
24558,1385013389,35670
24559,32635120117,11200
24560,975246955,55210
24561,15877656541,24250
24562,5271110653,277050
24563,190037387,42050
24564,53243592681,128450
24565,2293617913,36470
24566,23551713681,13880
24567,5497574956,31420
24568,149735626448,118130
24569,1465513503,85330
24570,310328313,44140
24571,1250901453,37240
24572,3121314200,48020
24573,21770253570,14160
24574,1299941120,51260
24575,62485842,44300
24576,1218225164,63940
24577,145987646627,106060
24578,11597337370,267950
24579,292213082,45600
24580,22875006614,30060
24581,1903813945,37850
24582,2152254037,78980
24583,30412907126,18640
24584,17317254802,14850
24585,3447142258,36030
24586,928759657,35790
24587,1046261340,48700
24588,24457461251,19950
24589,78922264,47150
24590,151501434,39910
24591,27006917803,19260
24592,44290276242,23700
24593,20707959506,18860
24594,240474175,39830
24595,147720762402,29150
24596,3882308966,95540
24597,1872927047,51520
24598,33819969840,97520
24599,5244808077,54780
24600,100976770798,15570
24601,39945137540,22900
24602,27475232553,20550
24603,1649210722,68690
24604,866302718,40760
24605,374047654,41930
24606,434613057,36160
24607,311433974,44910
24608,12117734393,20290
24609,136489285507,128330
24610,125234130128,12110
24611,141255540,41950
24612,237384393,40230
24613,16471274664,16700
24614,2289228749,49470
24615,27382133872,24980
24616,1199974299,35890
24617,2207623832,69380
24618,1251239695,51300
24619,1532805375,48870
24620,2703098999,64690
24621,25495518647,19860
24622,90252737233,12360
24623,1322678546,67920
24624,1169033083,37870
24625,47327142953,30120
24626,1860576486,51370
24627,35364601454,14090
24628,8037842913,21950
24629,89385219386,30510
24630,3329609625,82970
24631,10379975085,30400
24632,21894588801,23600
24633,137195328,47480
24634,57829863170,178910
24635,28137966581,12960
24636,24628664082,17600
24637,22119190765,105300
24638,3988598072,86480
24639,1490278518,80770
24640,2301008628,59370
24641,25238803212,20460
24642,12660304592,14100
24643,1100532596,37480
24644,76708673953,15930
24645,27391134488,28200
24646,484409014,39860
24647,6466075967,32690
24648,13380422730,23400
24649,11659229337,30730
24650,46151090360,13250
24651,2201484405,85540
24652,60734190187,22550
24653,1077070965,59070
24654,7171896670,18400
24655,1405592789,35140
24656,53443551626,23660
24657,76993929,44700
24658,1092214102,38610
24659,22077591852,19150
24660,1168742252,50800
24661,1251253237,55060
24662,129364709843,21830
24663,18635719324,15100
24664,954770377,49070
24665,1322325802,83200
24666,5252817881,33740
24667,173130108594,29850
24668,104910413375,107910
24669,8597498625,15300
24670,1430945583,55770
24671,47530310120,18590
24672,6645554143,59510
24673,21288505553,14520
24674,422381531,39320
24675,1884776736,72980
24676,4786601286,79910
24677,1144048438,48250
24678,32416660137,30770
24679,83272566880,29080
24680,27453873209,26690
24681,51671452648,28540
24682,62661577101,21940
24683,1305674784,60270
24684,64753799997,22420
24685,213362498,45060
24686,1837080216,56590
24687,16621932651,17300
24688,674882483,37450
24689,65621777738,139410
24690,33577961195,19460
24691,9062652948,257120
24692,30151465309,111510
24693,146502928472,108280
24694,889693211,66230
24695,918065630,57390
24696,78922264,47150
24697,36957900638,26660
24698,2364164156,56230
24699,168316291173,18730
24700,2881351931,32500
24701,24038739055,225610
24702,10021897467,23200
24703,81998829822,15070
24704,13074164597,16600
24705,29400030302,28450
24706,1115306739,35200
24707,63136702963,106790
24708,2333144020,53980
24709,2962085194,51290
24710,895738066,54330
24711,14037398643,14500
24712,876093111,36670
24713,1413353151,60170
24714,5994167128,56280
24715,217562611,45390
24716,1787174977,37070
24717,3255444923,89620
24718,10093236863,19400
24719,3356420522,35590
24720,52816588168,12860
24721,1878170342,35870
24722,965912216,73500
24723,1122869479,79250
24724,72302397997,26150
24725,298739204,40200
24726,6250075325,55740
24727,2790851456,34450
24728,12145938285,33260
24729,119427252026,29260
24730,383483995,43670
24731,405438678,38750
24732,53228220556,22920
24733,1086538446,52380
24734,35846434103,12550
24735,151636519,47670
24736,153169842,45100
24737,116013024,42110
24738,1465852201,77900
24739,1202677173,66400
24740,480048136,43060
24741,22738853349,10080
24742,1421268512,35380
24743,2662212051,53970
24744,991790636,48520
24745,27451256944,26740
24746,358643074,40050
24747,52386653634,29120
24748,1440792075,81460
24749,2962085194,51290
24750,1631738995,1000000
24751,1751423990,36320
24752,1033577746,36040
24753,28791790924,31830
24754,163792207,46350
24755,3709873371,66220
24756,36488308375,12050
24757,49342341513,20050
24758,92853523305,16320
24759,98231198,46630
24760,1090532987,52370
24761,31991224480,27270
24762,1553880175,35150
24763,24846613522,18800
24764,47587072634,16460
24765,115390912834,28660
24766,719307266,39100
24767,786568730,56390
24768,1235846993,79120
24769,427705843,45040
24770,26290561592,28600
24771,3009299449,34350
24772,4181089231,74500
24773,82785878493,112650
24774,59905225582,23170
24775,22940211578,13700
24776,180613008699,97470
24777,4842998031,82240
24778,1909088773,88370
24779,3717965658,32920
24780,19452232416,23220
24781,996119850,54080
24782,1132873968,50490
24783,70449623629,99690
24784,1488943050,35930
24785,21708388858,19430
24786,912193339,51440
24787,1605327369,56460
24788,28239210726,26100
24789,34229453564,21040
24790,462712938,43970
24791,241480383,40000
24792,91903229637,16080
24793,54741634366,18810
24794,3721259151,63710
24795,265068977,38790
24796,28532854762,20320
24797,69803927209,169800
24798,61349116586,21880
24799,2009382358,58030
24800,52057806061,19820
24801,5477552405,33610
24802,2665602205,65560
24803,862541609,38990
24804,1849805416,33780
24805,333538343268,29530
24806,26224264781,12300
24807,1808092787,52590
24808,62541970504,130450
24809,22274522030,18300
24810,2501040877,53660
24811,5230184574,70070
24812,1938168039,74780
24813,993384713,36400
24814,65940592301,106550
24815,851428503,62190
24816,44666807001,15580
24817,55851652410,27720
24818,1328174283,49760
24819,107655851635,13860
24820,2860435119,51590
24821,37656571114,25030
24822,597192409,38260
24823,1641305649,49560
24824,50346887929,20820
24825,61997123714,97760
24826,76499235718,21430
24827,49413258698,22810
24828,8788397572,33470
24829,1267052443,84720
24830,853388529,53740
24831,93015524300,25510
24832,290202607,43010
24833,105089344387,99770
24834,23735100865,25780
24835,83181928375,14480
24836,3116936623,94850
24837,1245807843,81840
24838,987729963,38100
24839,2540537209,49640
24840,14216936880,18600
24841,222298051946,13060
24842,1824089015,64360
24843,1042940702,48440
24844,1094598894,65100
24845,20043163240,13800
24846,1036339873,57090
24847,72896861688,12440
24848,981671806,49950
24849,27762926584,25500
24850,880387844,76960
24851,7456309485,299220
24852,20047359759,28400
24853,40619608490,19350
24854,25390870946,21340
24855,107523423228,143740
24856,83528814,41820
24857,15877656541,24250
24858,40838574989,28040
24859,35071733965,30250
24860,945264980,56680
24861,166276322,46990
24862,33555873981,12200
24863,1824730235,73000
24864,39709193489,18920
24865,7272968501,50020
24866,64110126164,16370
24867,169496546,42860
24868,62448287842,171910
24869,23035858811,22050
24870,29092281328,20450
24871,1049140050,50300
24872,403748571,46400
24873,105909267842,142930
24874,15139950852,12000
24875,27237505980,20300
24876,8581767922,32550
24877,9108554624,31740
24878,6311017619,60190
24879,137607815954,109610
24880,3468933346,90040
24881,40919572290,11940
24882,1094648866,36850
24883,116036772,44830
24884,1290874953,34820
24885,49489469370,16440
24886,3236275601,32580
24887,1848395580,37140
24888,991001074,34990
24889,41900658858,12120
24890,13549969722,17840
24891,16696319811,22580
24892,24628664082,17600
24893,13262870369,30950
24894,79397681314,157300
24895,267738788,39030
24896,10545485697,32040
24897,2073471585,59200
24898,21588729272,30600
24899,32568238535,179980
24900,2742390603,32900
24901,37866747690,26980
24902,514580279,38650
24903,613915523,40190
24904,1319374168,66610
24905,116892276,47100
24906,100607840261,95590
24907,47530310120,18590
24908,706544623,53950
24909,6063059285,65890
24910,548747932,64600
24911,31965056762,16400
24912,880429558,71140
24913,8296866576,21900
24914,5482171123,55540
24915,200000289,46720
24916,16243443982,31230
24917,2002585720,66270
24918,45942275295,13950
24919,53799554756,21120
24920,581538988,68310
24921,11322932870,14040
24922,27530071116,17550
24923,59050477975,105380
24924,1611957411,75360
24925,3717965658,32920
24926,214509163012,29710
24927,1258414495,58160
24928,40107433283,15040
24929,2827474790,36740
24930,1080809458,63020
24931,28655336302,24520
24932,30310855411,11640
24933,8597498625,15300
24934,4598679305,81560
24935,22077591852,19150
24936,22741097466,12680
24937,47095388432,21080
24938,43389576198,18220
24939,16045577416,16000
24940,13612873729,22850
24941,5411437351,300880
24942,143524841745,98770
24943,1328527287,52170
24944,706083408,36840
24945,49342341513,20050
24946,1000582102,53700
24947,1074374723,51270
24948,768994749,40040
24949,27402271562,23800
24950,2568939933,50950
24951,1167681625,37130
24952,54561378707,25910
24953,31760018623,13100
24954,33527478892,19660
24955,2119265517,82350
24956,10588033325,23680
24957,93699558043,125420
24958,99289686340,141040
24959,1224811946,56380
24960,1739725284,81090
24961,55474904428,12850
24962,18803265229,14600
24963,2260389101,75310
24964,2325980543,87930
24965,16920717376,22800
24966,4274753450,32720
24967,177309916,40720
24968,133281925,45080
24969,4139972881,33920
24970,125380210841,100760
24971,24846613522,18800
24972,19166847708,16480
24973,62050792018,17220
24974,25495518647,19860
24975,1818227392,33820
24976,90296463754,103940
24977,9618791272,32560
24978,1491645082,36880
24979,1267966539,52430
24980,3144723534,54820
24981,1460412648,65020
24982,22121110597,26200
24983,240474175,39830
24984,29092281328,20450
24985,99574219631,98900
24986,3691987791,53140
24987,36134329859,13110
24988,24371933729,22950
24989,15212996425,14000
24990,1666407520,73650
24991,1445526417,36860
24992,21439255372,18110
24993,23164184064,14240
24994,131259421324,14230
24995,361595964,42980
24996,89402801630,12390
24997,45775561671,16180
24998,1563440665,82050
24999,100176358627,29380
25000,47298119510,96940
25001,22913369903,22650
25002,146740780479,99460
25003,1182759027,35840
25004,110998318,40800
25005,222466020,40710
25006,6446853625,31620
25007,100399912789,130600
25008,735503252,37380
25009,2045671363,63950
25010,62363084328,18150
25011,27417826976,30830
25012,649714857,52800
25013,114574405001,15970
25014,22077591852,19150
25015,1872927047,51520
25016,1324191884,549820
25017,13937887246,31160
25018,237384393,40230
25019,3090799763,57640
25020,370171284,42400
25021,35844764461,144240
25022,1169292245,36180
25023,17483253829,26420
25024,13937887246,31160
25025,2273718244,47920
25026,47188230093,14750
25027,152926924713,12690
25028,273763257255,29360
25029,33854502558,23450
25030,59446441280,17540
25031,16845581696,11410
25032,163980124855,13370
25033,52728599236,17410
25034,4280562682,66940
25035,1238796644,65450
25036,52065406763,22020
25037,46293022597,114200
25038,10270772425,18700
25039,1048776802,53250
25040,2574394073,35540
25041,27153562936,19380
25042,27963580724,16690
25043,23357523209,26850
25044,2803054363,34500
25045,539701280,36290
25046,36297534223,16840
25047,26629296406,31930
25048,5712553530,32070
25049,4506763942,34590
25050,53584622574,145550
25051,1246264025,75280
25052,128886428123,14270
25053,41294672559,24540
25054,2072844053,50060
25055,1750252151,492750
25056,9833584080,49050
25057,1781474749,62320
25058,64936981777,108850
25059,47810622709,28510
25060,1417482006,49450
25061,3336498594,400760
25062,1382721796,72750
25063,90371233650,27990
25064,1169995751,36250
25065,61349116586,21880
25066,4145880841,37390
25067,965205293,74360
25068,5871711206,59150
25069,5087648868,59650
25070,932425658,38850
25071,18258613188,10450
25072,2938814293,81190
25073,4274753450,32720
25074,41502338985,144550
25075,162088814186,104850
25076,25359625951,226540
25077,2765569377,70350
25078,92000552569,26820
25079,92239702551,29220
25080,18305845572,17240
25081,220104244,43350
25082,2344932417,52860
25083,567022855,38500
25084,17668081211,231630
25085,21677571436,27160
25086,59478656525,30200
25087,4198959378,34210
25088,1256195853,70390
25089,30155432199,16290
25090,505595437,39430
25091,633021312,43070
25092,910309314,38330
25093,3693015561,93950
25094,786568730,56390
25095,8854060754,281840
25096,8143426756,32820
25097,894291895,37370
25098,113635569591,28780
25099,14401704407,16500
25100,248416745,44540
25101,3617961302,32100
25102,45949497479,30740
25103,98468339684,27650
25104,2210262090,90400
25105,87687507498,17370
25106,15139950852,12000
25107,1631738995,1000000
25108,1293903312,55910
25109,1660888457,48070
25110,12564986713,25760
25111,75948616994,15290
25112,160984375113,22430
25113,18741652662,21500
25114,51924449833,18080
25115,60845251850,102130
25116,695821717,45030
25117,81454223,43780
25118,3885420112,324310
25119,44902378450,18010
25120,207607573,47600
25121,5265908983,69330
25122,48290727913,27670
25123,36498411058,31440
25124,71275229269,22440
25125,444859759,39980
25126,19516679946,24000
25127,65390376476,15420
25128,142126143376,28920
25129,1550593991,33590
25130,1831503303,67620
25131,20738062485,13820
25132,93814257728,23870
25133,47145317344,16890
25134,141855287316,99760
25135,22930910141,20960
25136,79640194294,135120
25137,203602797,43110
25138,55166456681,111500
25139,62567339635,22450
25140,2717295968,68370
25141,1754677641,36960
25142,1662305993,52760
25143,107813967,41800
25144,15075237399,20500
25145,17837658980,30980
25146,407722534,40120
25147,14490409743,25480
25148,1745767341,73770
25149,132011555,41370
25150,25182861324,26220
25151,37455535968,17760
25152,60834298902,16470
25153,22012188432,19330
25154,825775683,69600
25155,156076662525,29070
25156,1109346495,51350
25157,2092435391,34200
25158,1287044753,89440
25159,1692834589,54540
25160,2231101534,76460
25161,1603118941,76130
25162,1119759959,72900
25163,39604028268,18020
25164,41385627040,19220
25165,50346887929,20820
25166,1355606615,56240
25167,1102595755,49140
25168,7694107713,24900
25169,136713900649,117810
25170,378468355,38080
25171,29933131070,24860
25172,128742187,39650
25173,178917078,41240
25174,2217169894,74990
25175,827846679,58470
25176,4804702948,33250
25177,700124582,58950
25178,35090206655,111180
25179,64753799997,22420
25180,28532854762,20320
25181,52065406763,22020
25182,702043340,50080
25183,650121988,46560
25184,3635117582,86200
25185,11103474308,31960
25186,31473491054,24700
25187,52309800498,24870
25188,813874141,59240
25189,27285891240,22640
25190,51935406492,14110
25191,19166847708,16480
25192,42887155566,122040
25193,20927200744,15450
25194,39814103731,30630
25195,1643130211,35460
25196,271843632,44290
25197,3303780769,48050
25198,31965056762,16400
25199,39604028268,18020
25200,161069872,43400
25201,16920717376,22800
25202,921500073,55400
25203,3445143039,34100
25204,4640461946,89660
25205,66294183410,159590
25206,13519111647,21740
25207,26583099214,26300
25208,72845435541,100720
25209,1490920701,71440
25210,41576887867,198160
25211,64753799997,22420
25212,58091400410,14280
25213,49567566189,23910
25214,25784050372,22000
25215,1125074183,63200
25216,2519242735,80850
25217,34229453564,21040
25218,19516679946,24000
25219,368250558,41670
25220,52006394875,29620
25221,45159626041,17050
25222,61349116586,21880
25223,495586357,51000
25224,89637957998,29330
25225,1353588104,49040
25226,88375699982,154880
25227,156230957,44690
25228,25782815157,19980
25229,1186237414,525140
25230,13453048540,26040
25231,49124583227,22610
25232,12117734393,20290
25233,278624276,41060
25234,1628413143,66650
25235,879914943,37170
25236,786067742,50340
25237,179081664,41780
25238,399377215,46190
25239,19820949925,25090
25240,419599617,47640
25241,12460692893,24920
25242,31624462478,27350
25243,3678613846,79090
25244,29632216199,25470
25245,107148863950,14570
25246,1046783688,34830
25247,1308178081,52880
25248,1820721564,54150
25249,78312033442,27590
25250,2743034131,60830
25251,2976506218,50470
25252,594193791,37100
25253,653518636,56580
25254,144724362765,12980
25255,64262334195,15880
25256,45228378494,19210
25257,113423045910,17530
25258,838533750,38440
25259,88617288649,28930
25260,19621655952,13920
25261,14853559028,18560
25262,8967539344,32150
25263,1277904219,62770
25264,1770676033,404350
25265,23035858811,22050
25266,1736763379,65490
25267,68389065,42650
25268,537733467,41550
25269,34346403621,22250
25270,7326877173,32850
25271,84908117919,22170
25272,1215049015,54450
25273,47114185728,27210
25274,2050819918,84810
25275,825775683,69600
25276,1774455689,65620
25277,4093727172,34290
25278,51351898035,120660
25279,14219690356,15630
25280,18291876801,25440
25281,1424645999,64020
25282,600071557,44740
25283,9917822452,32280
25284,89385219386,30510
25285,39733120972,27440
25286,150764185261,29500
25287,2442671120,50230
25288,79748411645,28320
25289,1738094346,34440
25290,1962523130,35130
25291,1749761234,69560
25292,31634145708,23080
25293,1822309602,54870
25294,1184696056,52040
25295,29400030302,28450
25296,164736819917,100670
25297,2264584686,58820
25298,202944663,44430
25299,45116285441,15670
25300,52029375826,28290
25301,149527371046,29300
25302,123612371,44790
25303,210259093,41340
25304,70825573759,26430
25305,25312099205,15110
25306,15877656541,24250
25307,52218512354,161480
25308,4669517165,34870
25309,43638851183,25970
25310,70348835290,25930
25311,210892546,46890
25312,19533110212,19500
25313,42928886405,152490
25314,159737315699,99520
25315,270161958,45480
25316,36821475109,19320
25317,9880973131,31720
25318,47114185728,27210
25319,119192290099,12490
25320,1370358993,49700
25321,162100198337,15470
25322,6812558849,304200
25323,311408651,43340
25324,25601318259,26490
25325,848831306,87130
25326,21319622040,18000
25327,1836457706,53560
25328,1888438610,37000
25329,29045603598,202880
25330,5104125202,60430
25331,897803212,81800
25332,120558737,44320
25333,4171408672,60910
25334,2533631926,36730
25335,1631738995,1000000
25336,1698264549,33770
25337,524484664,57500
25338,222645114,41250
25339,749372823,69880
25340,16471274664,16700
25341,217335387,39800
25342,1506196148,65040
25343,49783597064,14780
25344,37495008730,15350
25345,92239702551,29220
25346,1296334424,50320
25347,27006917803,19260
25348,613705540,39700
25349,2756394057,70680
25350,2568939933,50950
25351,19015833190,20900
25352,2501056199,36220
25353,1159991754,36900
25354,1072709312,33100
25355,63357620363,22330
25356,62504361229,29400
25357,1643130211,35460
25358,11428586638,26080
25359,123469909,44480
25360,25782815157,19980
25361,21770253570,14160
25362,33973621953,20850
25363,112514015947,19290
25364,377417179,40740
25365,504465393,36340
25366,1180691360,65760
25367,42029013416,26880
25368,61070687456,22150
25369,49427172601,30040
25370,251170555371,13010
25371,30553606632,15750
25372,36482134180,30530
25373,81979178618,117960
25374,54065916742,97800
25375,1259509624,65270
25376,113131458763,127940
25377,28286652085,17040
25378,7719595736,33270
25379,282279424,47410
25380,33164507023,26260
25381,48632573621,28070
25382,39353196265,193590
25383,33264601265,27320
25384,77017899036,18230
25385,11051108822,32940
25386,4504775868,34640
25387,179035308,42420
25388,118760148,44750
25389,1252210725,62950
25390,146248251644,29680
25391,116983325494,28870
25392,1224996701,60800
25393,1264337163,64090
25394,26678147130,25420
25395,1483752476,49000
25396,92465951863,27370
25397,20249118852,23150
25398,1002553055,55010
25399,4965735198,33350
25400,1406065226,65910
25401,762914645,55660
25402,29632216199,25470
25403,2998373815,34030
25404,2161348924,84660
25405,1113508849,48570
25406,23357523209,26850
25407,63774714991,106740
25408,189040615,44310
25409,5093595203,68420
25410,1620403692,88800
25411,3320066334,60380
25412,387754949,47280
25413,1303340362,95060
25414,59566748182,13320
25415,57667778662,30710
25416,17577069175,13760
25417,4125523889,34300
25418,637003518,56340
25419,427991296,40670
25420,5328068108,34630
25421,1134814293,63500
25422,24846613522,18800
25423,26416815952,21300
25424,80104964039,29280
25425,65541575233,20210
25426,86210728663,24310
25427,1370358993,49700
25428,6618928776,31350
25429,87711931496,17780
25430,95782520543,109090
25431,31889305836,19000
25432,35071733965,30250
25433,66140222830,138540
25434,4966059338,14200
25435,84622031903,22130
25436,93814257728,23870
25437,26178609731,15960
25438,49413258698,22810
25439,35809846307,25120
25440,4980382781,59090
25441,71149071210,130540
25442,47366996608,176960
25443,564183957,38700
25444,12529736670,25180
25445,32635120117,11200
25446,15721573027,21710
25447,28239210726,26100
25448,1392109844,48780
25449,66335429928,23760
25450,57516114629,11080
25451,42393855705,18050
25452,1964562495,69280
25453,84509454771,122100
25454,706083408,36840
25455,1900306910,61950
25456,126698850927,30020
25457,82272825071,15170
25458,46603536142,13080
25459,69653039568,15430
25460,28839812218,22110
25461,1094598894,65100
25462,2812056356,61440
25463,29519184146,29040
25464,21562116980,12320
25465,96155377,41110
25466,18781364593,22500
25467,120905025482,119760
25468,34424666716,27910
25469,38379128084,14740
25470,15484020783,13300
25471,14853559028,18560
25472,51245873680,20640
25473,20763867777,19750
25474,49218116867,20120
25475,55022858458,18380
25476,3736822851,33790
25477,969633129,65050
25478,32593402267,22350
25479,11612366711,22590
25480,48879509064,20260
25481,37339299421,190530
25482,1681797517,71250
25483,5035675005,34890
25484,5979283996,321480
25485,890798603,57490
25486,1705734988,36350
25487,2153589783,51840
25488,65889157625,24930
25489,33104231917,10680
25490,236124064,45330
25491,10429703023,273410
25492,999521144,37820
25493,2436277175,79650
25494,4054494414,50130
25495,13308638382,31750
25496,455173169,40920
25497,1179484094,74320
25498,56530436782,22390
25499,5321057244,315040
25500,163010279825,29650
25501,1164730164,34180
25502,88743410076,104250
25503,24707988149,13900
25504,7742634553,34860
25505,111886820,47690
25506,437840531,42380
25507,1920489781,32600
25508,1900361612,64460
25509,75366736990,22660
25510,197152104,40300
25511,34681628225,27040
25512,741182903,40570
25513,35809846307,25120
25514,49535555271,12750
25515,19733236061,17650
25516,1295678159,62200
25517,3985070804,33300
25518,1436512900,80300
25519,51627841728,17080
25520,1097790830,76830
25521,17913562656,22840
25522,2314560050,83130
25523,457440846,40110
25524,141553285,45800
25525,915439284,38120
25526,30081491997,17620
25527,8690799687,268920
25528,64174328787,10760
25529,15415977530,15000
25530,6618928776,31350
25531,1499051659,61300
25532,2954615209,52790
25533,43069409942,10840
25534,4087412234,50030
25535,11663075335,10800
25536,30709358619,17510
25537,1479542950,68640
25538,153030029,45360
25539,6837950701,31860
25540,366529462,46960
25541,38027559951,164260
25542,1129902148,37890
25543,88500753266,13420
25544,30762677271,190840
25545,78929501822,20330
25546,97880133,45450
25547,77060317508,145390
25548,305098364,44610
25549,10460628957,25000
25550,51180551841,23750
25551,57599509639,23380
25552,19781196089,23640
25553,42776227094,22290
25554,1705734988,36350
25555,65321368387,28550
25556,158580372,43300
25557,43402146755,198560
25558,20022503287,20060
25559,768322602,37090
25560,41501229438,23000
25561,69085430114,23410
25562,70498292717,24650
25563,11835720014,31850
25564,207998780,38890
25565,33685836978,17420
25566,2265727844,83250
25567,4085079347,95280
25568,48422643274,26180
25569,53317064793,101970
25570,16666559748,22200
25571,1705143848,32200
25572,14789513945,19790
25573,1716683562,92570
25574,93814257728,23870
25575,85468325261,20950
25576,1806138075,92240
25577,18781364593,22500
25578,1388366517,74480
25579,1563046872,54670
25580,56467476451,23330
25581,705780122,38660
25582,126326431800,111120
25583,11612366711,22590
25584,837503861,78700
25585,658310822,58360
25586,9919888708,27740
25587,64570007221,15810
25588,536173429,38050
25589,457485908,41050
25590,1094598894,65100
25591,1171443381,93490
25592,4603020549,59260
25593,3134967564,55820
25594,3319012431,48390
25595,133273569,47290
25596,1180278952,70370
25597,417703744,35900
25598,14854935840,26000
25599,39368373109,23720
25600,151092871204,29600
25601,533581486,39240
25602,1495101382,73150
25603,883120780,51860
25604,8101115241,20840
25605,1655442586,67400
25606,27417826976,30830
25607,83528814,41820
25608,37806502832,19140
25609,238694377,45640
25610,50734035423,15480
25611,43685827197,19450
25612,2605152615,73690
25613,75468881950,23570
25614,98162843870,103350
25615,1687138819,37650
25616,52122790549,26350
25617,35796070103,23270
25618,29974069453,218140
25619,64827560,43890
25620,171134434,45300
25621,70725378684,19010
25622,32145998011,111830
25623,21288505553,14520
25624,791065333,51340
25625,82016039828,22220
25626,123203558799,29250
25627,920023500,86420
25628,17699354512,15050
25629,5325623010,68840
25630,143839095801,22070
25631,6670594877,53470
25632,19915537953,19690
25633,2424872138,64630
25634,28727425069,29030
25635,41085533680,12280
25636,29933131070,24860
25637,32025620892,24200
25638,1860288289,51310
25639,1704198586,52580
25640,1289989027,57060
25641,29278399330,17320
25642,307021607,39130
25643,1760616848,33080
25644,1455862312,35680
25645,240963705,43810
25646,62614265790,137120
25647,10093236863,19400
25648,1827200532,74140
25649,25601318259,26490
25650,1920489781,32600
25651,42393855705,18050
25652,16310027550,25050
25653,74003790274,14810
25654,1631738995,1000000
25655,167306967246,29480
25656,1343738326,61130
25657,178645484784,100060
25658,1425500343,38390
25659,1547058868,59350
25660,142818732,46050
25661,72964523408,23840
25662,184195569242,29900
25663,69106044301,112290
25664,224379405209,29390
25665,48106561534,17680
25666,327021674,39930
25667,4629370985,73760
25668,96155377,41110
25669,2650769718,34950
25670,16555497187,13680
25671,87851007311,26620
25672,1949046203,50930
25673,54032546352,21250
25674,40107433283,15040
25675,39945137540,22900
25676,122438777587,110300
25677,2742390603,32900
25678,4647624008,56510
25679,106111499826,27580
25680,489099069,47020
25681,1631738995,1000000
25682,21817176627,19120
25683,1226986637,65190
25684,2478079999,90140
25685,13308638382,31750
25686,19483650662,30820
25687,1197910455,58070
25688,70581685140,133410
25689,424756252,44590
25690,37866747690,26980
25691,1115306739,35200
25692,1885818182,58580
25693,30226971708,27790
25694,1864530308,71580
25695,33685836978,17420
25696,15075237399,20500
25697,1226986637,65190
25698,1693556357,57360
25699,179942021,37600
25700,2532489980,386170
25701,100502811457,29000
25702,1134814293,63500
25703,46151090360,13250
25704,92054192346,26710
25705,110349845736,15560
25706,205936537,42960
25707,107148863950,14570
25708,15415977530,15000
25709,877681671,40140
25710,1077100663,60220
25711,1886825083,84640
25712,184200659,39370
25713,15721573027,21710
25714,9131255530,17200
25715,47220655644,113470
25716,33819969840,97520
25717,24252413441,20200
25718,26416815952,21300
25719,24707988149,13900
25720,27080188325,117850
25721,1157014032,721700
25722,58789430977,17450
25723,90140065716,112180
25724,70592210844,103570
25725,91113442,40220
25726,49968590639,116260
25727,17317560587,19180
25728,1430033040,48590
25729,47220655644,113470
25730,27776778220,22750
25731,170288047961,101860
25732,54653907275,13480
25733,19913212122,14400
25734,2905095588,91460
25735,3252636373,62570
25736,20113483905,31210
25737,128522310772,29200
25738,3234540480,88310
25739,2881351931,32500
25740,36291091355,20440
25741,5488637938,31660
25742,966607496,36100
25743,247205852,46160
25744,158218983,40420
25745,195819684,43600
25746,330507919,43820
25747,49359018714,15250
25748,4618453758,85950
25749,182904087,45980
25750,137636890,46210
25751,295614536,42500
25752,48385818617,17560
25753,3473122838,74440
25754,23338015042,16100
25755,1285963537,94830
25756,21588729272,30600
25757,4228043314,83210
25758,15814221824,221770
25759,1940077050,52620
25760,5392852585,34060
25761,63987693214,24750
25762,28655336302,24520
25763,74972262,44400
25764,3577947703,54810
25765,3724341243,74350
25766,308859257490,15140
25767,12995868583,17580
25768,20043163240,13800
25769,80171413799,21310
25770,86772968,46620
25771,65989764078,110180
25772,46847440574,28300
25773,106009260,46700
25774,1667406478,81220
25775,23493083807,18950
25776,64202561044,111710
25777,1972248157,63630
25778,279004289,44000
25779,29092281328,20450
25780,536173429,38050
25781,71291253104,111240
25782,48105516504,21330
25783,506974138,40020
25784,43685827197,19450
25785,34434721222,13710
25786,44771031966,30550
25787,45775561671,16180
25788,291505201,42220
25789,20047359759,28400
25790,168316291173,18730
25791,1961742952,67000
25792,36372739840,19960
25793,19765776310,24060
25794,174546255,38420
25795,136952951669,114270
25796,23964761158,15840
25797,996735443,61510
25798,9073676657,24880
25799,366537015,40490
25800,25009359999,15920
25801,70783278017,169230
25802,22012188432,19330
25803,62337635512,12950
25804,1501628763,59690
25805,3756577927,83740
25806,68426394282,14120
25807,149527371046,29300
25808,754423723,59320
25809,1524005082,73900
25810,2072844053,50060
25811,3680650113,34600
25812,4125523889,34300
25813,19820949925,25090
25814,30310855411,11640
25815,23164184064,14240
25816,81357340879,19160
25817,1631738995,1000000
25818,97074831095,20990
25819,1033722074,65390
25820,1503643839,47850
25821,16045577416,16000
25822,1649894817,57320
25823,61042638688,15020
25824,25114083678,11190
25825,7720832534,17790
25826,1612156577,37810
25827,49496830942,19070
25828,29315788686,218460
25829,378341183,40640
25830,123396054,45890
25831,74260332675,103830
25832,125234130128,12110
25833,1080765144,35600
25834,8980836246,32990
25835,13637017640,229540
25836,28809671951,15600
25837,13453048540,26040
25838,18010885233,25740
25839,49413258698,22810
25840,55046797757,100900
25841,36126099993,28700
25842,2765111949,48230
25843,46900573,45400
25844,2083888809,48360
25845,4178043207,94510
25846,1524529093,36390
25847,43389576198,18220
25848,1722343020,812200
25849,1080765144,35600
25850,222466020,40710
25851,13519111647,21740
25852,48105516504,21330
25853,1567345660,65530
25854,48067711072,188620
25855,41844025874,170070
25856,5782621360,33320
25857,80111106593,122660
25858,44666807001,15580
25859,2550598035,71560
25860,3099618859,83880
25861,905649754,66050
25862,12157445989,17800
25863,7665123936,287630
25864,33103548418,30030
25865,59801184513,96380
25866,65280679963,132630
25867,78089133569,12180
25868,49843543,43250
25869,19221989618,21850
25870,432346859,40250
25871,1461507626,64740
25872,55126430988,14190
25873,91603993888,12220
25874,110865690,45590
25875,40962683772,20600
25876,762914645,55660
25877,81968479692,14320
25878,3845048089,51990
25879,1388744617,80240
25880,19621303841,19800
25881,1631363849,50640
25882,30709358619,17510
25883,3571345671,386100
25884,1503197883,70520
25885,456274645,39090
25886,358689338135,10590
25887,1587680425,55830
25888,4832008528,32960
25889,42843779600,17660
25890,3319012431,48390
25891,14983675041,32330
25892,906877153,52140
25893,1819506720,77530
25894,3801422212,88450
25895,28727425069,29030
25896,792155054,57700
25897,394927874,38300
25898,186604772684,14370
25899,1627881338,55950
25900,14260621217,23650
25901,7171896670,18400
25902,43501996949,24530
25903,76084467480,145810
25904,1954292587,53860
25905,25275200839,17350
25906,18886533744,20790
25907,292765098092,29770
25908,2246759542,59460
25909,2810020946,66330
25910,4711585919,35300
25911,104348526441,14430
25912,1548189690,61710
25913,52684853170,97620
25914,1411060184,85320
25915,23493083807,18950
25916,113605749,44440
25917,37743414978,15870
25918,1120347656,38680
25919,73042456545,14820
25920,30931706509,26560
25921,4512138694,74600
25922,58301785691,21140
25923,4717421010,63310
25924,270577793,40150
25925,3960054960,63290
25926,673306615,64500
25927,10545485697,32040
25928,74165287901,30130
25929,1059157434,65700
25930,48106561534,17680
25931,1036339873,57090
25932,35235920,47200
25933,734529805,41600
25934,5640221134,34280
25935,1631738995,1000000
25936,2081847448,66450
25937,1369133770,94520
25938,283774035,41880
25939,2912425612,48890
25940,120084494357,119310
25941,88608614331,19910
25942,28089729007,31110
25943,605350479,37670
25944,66870225765,137280
25945,73072512307,19060
25946,1116156053,35500
25947,2092435391,34200
25948,106111499826,27580
25949,973365626,69000
25950,85785499489,17670
25951,10585496191,32250
25952,2845419643,75540
25953,50157663560,16760
25954,59941466032,31910
25955,10021897467,23200
25956,61794661422,15550
25957,64833139220,102120
25958,52022327352,15380
25959,42489225706,16880
25960,22845474908,209060
25961,22913369903,22650
25962,81961729608,104180
25963,3902635429,345250
25964,16371576203,26900
25965,1631738995,1000000
25966,161080205,43430
25967,79179705961,118010
25968,16679862710,26290
25969,601281229,37760
25970,5447022944,33760
25971,1491645082,36880
25972,38782682113,25260
25973,75491489185,140780
25974,70120083483,15230
25975,1397574382,67820
25976,46364741189,20750
25977,36531313013,21100
25978,1097818492,83120
25979,34346403621,22250
25980,47810622709,28510
25981,13778644135,17070
25982,57667778662,30710
25983,1093004842,35480
25984,20173588938,25150
25985,1134104289,53550
25986,37968163883,142260
25987,5852589908,35570
25988,993384713,36400
25989,27402271562,23800
25990,169647616429,106250
25991,72290393713,133060
25992,774603366,40590
25993,34528218461,11100
25994,6377380700,22300
25995,708454354,46710
25996,1998175232,54860
25997,572206676,40600
25998,18577413391,26650
25999,92239702551,29220
26000,1048776802,53250
26001,65155562880,18910
26002,672272035,60000
26003,261865260,42460
26004,35927370258,16140
26005,73929846927,18070
26006,1808263030,76250
26007,106113849,45910
26008,18102980032,14800
26009,526287002,54460
26010,199430731,41480
26011,112598488982,23740
26012,20492040810,31990
26013,2419486689,60230
26014,207496573703,20140
26015,37717196238,21760
26016,112941358856,18970
26017,179942021,37600
26018,75752401512,108750
26019,711613273,61590
26020,558687882,41030
26021,17401376407,237620
26022,62409364740,18840
26023,10805296946,32520
26024,8296866576,21900
26025,45016106005,22740
26026,86007273344,27630
26027,61241520492,27130
26028,955770223,63750
26029,1036580434,36690
26030,57014582361,116620
26031,270203828,43240
26032,753517071,40610
26033,13378711542,12600
26034,951295700,37900
26035,85851341859,17180
26036,81372994085,10440
26037,45949497479,30740
26038,66362318261,13350
26039,3768591140,93550
26040,100179209228,148760
26041,38046327726,25130
26042,13308638382,31750
26043,69067941716,24120
26044,69189115013,27500
26045,863237983,59400
26046,117500366502,22710
26047,1818227392,33820
26048,58937447531,178160
26049,58789430977,17450
26050,1270965742,59600
26051,18847610997,245090
26052,6536029761,12400
26053,1405592789,35140
26054,3406584300,34520
26055,14073065206,23250
26056,994808248,78080
26057,711173892,84290
26058,164426425664,21030
26059,35071733965,30250
26060,417147839,38580
26061,3006194408,61000
26062,47810622709,28510
26063,136129187977,11240
26064,888738418,59480
26065,3750519796,77610
26066,96066383795,111860
26067,42843779600,17660
26068,150547910581,100950
26069,2254603058,58050
26070,415863156537,29610
26071,127305913424,26270
26072,2667226902,33540
26073,1752616200,48940
26074,1631738995,1000000
26075,1226651480,76060
26076,33535152814,30330
26077,496555472,36050
26078,95618918454,29890
26079,2717295968,68370
26080,740218215,55430
26081,28532854762,20320
26082,93909398929,13090
26083,118045263429,27810
26084,43271837939,21480
26085,628128601,71950
26086,115258935619,17890
26087,25565025425,20190
26088,103680368936,135900
26089,2274765053,75440
26090,16471274664,16700
26091,2338436115,38070
26092,192825352,43720
26093,69485844683,143700
26094,1792791388,69320
26095,1215049015,54450
26096,51994472676,20860
26097,1846856175,82030
26098,27382133872,24980
26099,42489225706,16880
26100,875063490,69420
26101,19621303841,19800
26102,1223137732,73210
26103,1060791960,36950
26104,5425841059,243910
26105,113635569591,28780
26106,1960037458,67170
26107,74852945202,22240
26108,83218267813,27400
26109,47951676119,121930
26110,1518008875,58480
26111,45775561671,16180
26112,24707988149,13900
26113,61409548064,172650
26114,119000174758,120910
26115,46603536142,13080
26116,32939692439,24350
26117,97161135608,29450
26118,6847361817,24080
26119,11942868994,33520
26120,954684584,47900
26121,60071347121,24710
26122,3854371096,32140
26123,311408651,43340
26124,27391134488,28200
26125,48233420339,25240
26126,22061453679,17340
26127,406567495,45410
26128,605350479,37670
26129,68724639029,155480
26130,52981205796,11590
26131,536240600,43050
26132,1445683913,52780
26133,37673201671,24140
26134,65509051809,19760
26135,4139972881,33920
26136,95286021000,30150
26137,9783894568,33620
26138,423769892,40510
26139,1190480370,48180
26140,4600682694,33970
26141,2696268362,47930
26142,593595130,38550
26143,20209723738,17710
26144,6507678404,56820
26145,47744486793,25080
26146,29996142229,28860
26147,2676670566,33890
26148,3438051424,51070
26149,1631738995,1000000
26150,1163741143,52600
26151,16666559748,22200
26152,46603536142,13080
26153,18010885233,25740
26154,829909192,54400
26155,50805719022,13180
26156,59521091475,17810
26157,660495848,59160
26158,179081664,41780
26159,41960725561,27150
26160,624135090,55180
26161,290690343,38350
26162,37806502832,19140
26163,2036753785,57260
26164,16662598179,19520
26165,936959939,76770
26166,1046783688,34830
26167,72575968912,116170
26168,9677268621,31640
26169,204627454877,12010
26170,1864721389,65500
26171,1890745334,69640
26172,51994472676,20860
26173,33689322989,24610
26174,20047359759,28400
26175,33661785903,26790
26176,28809671951,15600
26177,163792207,46350
26178,13696731951,20480
26179,2900415767,75860
26180,9661100678,48880
26181,4459318720,309640
26182,1766453796,47800
26183,158218983,40420
26184,131348039831,27260
26185,82903697494,140150
26186,32496142247,118050
26187,679457153,72420
26188,31689794583,28050
26189,1705734988,36350
26190,1631738995,1000000
26191,39149199429,14900
26192,55894225941,141030
26193,70347446419,16040
26194,8471584346,31240
26195,27520353423,30520
26196,15212895968,181450
26197,113307658460,30240
26198,2088812922,57210
26199,719781309,54000
26200,2399492404,420090
26201,1132873968,50490
26202,51444035286,16380
26203,21562116980,12320
26204,122234420085,95950
26205,40509875064,19090
26206,32497885421,14680
26207,34528218461,11100
26208,3391174760,35220
26209,591837111,52100
26210,46609776660,13720
26211,35427407247,12100
26212,297852860,37400
26213,83784153285,28900
26214,9158844631,48910
26215,71589188235,15890
26216,64898290512,29050
26217,92239702551,29220
26218,62363084328,18150
26219,578546494,37740
26220,19015833190,20900
26221,9917822452,32280
26222,41501229438,23000
26223,28239210726,26100
26224,1333428994,78170
26225,1099842406,78690
26226,2126421954,64640
26227,1404498551,50420
26228,297630474,47470
26229,85382056901,17850
26230,2149283233,50070
26231,113826262608,22480
26232,2485219164,62680
26233,18296848993,33040
26234,41851576292,15400
26235,74925828957,122200
26236,207998306451,10210
26237,34561022451,16570
26238,97431212785,21610
26239,59801184513,96380
26240,47495969857,25320
26241,155731481484,103040
26242,72436479231,20420
26243,24665681208,17100
26244,32635120117,11200
26245,2830464353,62960
26246,83731277822,96080
26247,20633379777,31360
26248,32670578675,26700
26249,53220470873,19370
26250,1678590102,84170
26251,1366734943,68200
26252,224379405209,29390
26253,1014435883,54580
26254,553654429,39350
26255,58839005509,145440
26256,58822293097,30720
26257,1260035424,36450
26258,299431873,44770
26259,708402499,60600
26260,888738418,59480
26261,31705464373,12970
26262,61384459361,20110
26263,47177858185,14250
26264,33098405336,113140
26265,7222355788,33980
26266,698549102,39440
26267,88514095016,98030
26268,653518636,56580
26269,116367458987,105750
26270,92239702551,29220
26271,1992933446,66440
26272,963676411,36520
26273,37378231467,25270
26274,31172644375,16950
26275,2351575947,82930
26276,4854570977,31700
26277,4545320590,35110
26278,17872142543,14300
26279,17284911426,22990
26280,1230530036,53310
26281,109688146453,18170
26282,59465239307,22830
26283,52037401887,22120
26284,1242770466,56520
26285,91055752770,101240
26286,1245265934,93390
26287,332591425,40480
26288,17141299216,31300
26289,20334120816,19250
26290,1407219077,59290
26291,1121868249,61570
26292,42141940792,21520
26293,36485850456,12160
26294,114607454828,17740
26295,2439999946,38770
26296,572754060,73880
26297,5488637938,31660
26298,613915523,40190
26299,2192809826,33420
26300,1017279770,68610
26301,61608273333,100260
26302,1533853467,38250
26303,2803054363,34500
26304,16911672567,26580
26305,37291167699,22080
26306,25182861324,26220
26307,1316558223,81920
26308,64174328787,10760
26309,1319374168,66610
26310,1643361048,75460
26311,1699831961,54440
26312,1626584908,74010
26313,4804702948,33250
26314,2378646999,54020
26315,1822309602,54870
26316,2899596974,49810
26317,33104231917,10680
26318,1720809394,37420
26319,53172929564,22820
26320,4982246133,31680
26321,123469909,44480
26322,613915523,40190
26323,15680717211,23050
26324,16446882670,27340
26325,1193484985,53040
26326,11559053251,24340
26327,41972943163,28170
26328,15241819764,13200
26329,20760785328,238450
26330,22633287384,31190
26331,56191503927,24740
26332,12579447919,19550
26333,74894149910,26890
26334,1072709312,33100
26335,65848712758,165890
26336,14037398643,14500
26337,1976465254,53110
26338,893703643,62130
26339,187028599415,22910
26340,3205382092,73800
26341,778170920,71840
26342,109690803987,16850
26343,4484647361,83310
26344,57050127055,16050
26345,2428605845,71350
26346,1682088724,68240
26347,168993353619,100450
26348,6751510684,300990
26349,89978713257,150450
26350,730046525,40470
26351,1068344977,54750
26352,2343389332,51500
26353,30859014812,23560
26354,236124064,45330
26355,37768543418,27850
26356,177705856207,11020
26357,1631363849,50640
26358,149456262,43090
26359,1491645082,36880
26360,978105902,85400
26361,78914448966,119610
26362,78202753357,16160
26363,34528218461,11100
26364,15713574477,24100
26365,253229141,40210
26366,3749439429,77380
26367,76205081508,134160
26368,153401519548,10740
26369,2091594545,49510
26370,18973023210,21200
26371,1411680455,49890
26372,230291343,41490
26373,29634990721,24500
26374,6714501360,11440
26375,69397668434,155370
26376,4832008528,32960
26377,40594907107,26590
26378,540955788,39750
26379,18061541782,27710
26380,3535379960,55070
26381,113826262608,22480
26382,1131377818,50220
26383,14782752626,20560
26384,6646232430,32730
26385,1106750120,53810
26386,533581486,39240
26387,47974690022,20670
26388,292555488,40700
26389,55353179998,18530
26390,87930334985,11160
26391,7235591285,33690
26392,1417482006,49450
26393,48960732781,186860
26394,48290727913,27670
26395,36092934622,25070
26396,3297559407,84130
26397,1751423990,36320
26398,2015154337,85530
26399,8005651455,31150
26400,84557250108,29940
26401,27520353423,30520
26402,1631738995,1000000
26403,25253714483,23240
26404,45248625895,13280
26405,28239516012,25200
26406,13519111647,21740
26407,407722534,40120
26408,1342129374,39770
26409,536173429,38050
26410,30115678114,18480
26411,28239510390,25450
26412,20312580565,31710
26413,74356023612,30000
26414,902258069,65300
26415,69653039568,15430
26416,46496986749,174260
26417,38946778013,25920
26418,3551872194,67410
26419,674882483,37450
26420,1116156053,35500
26421,236124064,45330
26422,2249112847,64610
26423,70348835290,25930
26424,49989577,44660
26425,25375355909,19670
26426,1098342432,54180
26427,10379975085,30400
26428,94061215425,119570
26429,85346111931,100040
26430,86998436238,99500
26431,2095861127,34850
26432,55488647090,17260
26433,366537015,40490
26434,1054922676,38210
26435,1826169455,38010
26436,61148974457,25580
26437,1668418686,57590
26438,5219442219,33090
26439,160919677840,112190
26440,786157991,62400
26441,25259689223,24780
26442,5328068108,34630
26443,36178077994,22180
26444,13882870228,26070
26445,309885320,41150
26446,3430458143,35400
26447,1474585498,91100
26448,295614536,42500
26449,1669661966,84060
26450,13327051013,12800
26451,4727779448,73990
26452,18045084374,30440
26453,25259689223,24780
26454,88528741,45320
26455,1250901453,37240
26456,14401704407,16500
26457,134745205189,18140
26458,21677571436,27160
26459,35344470911,16750
26460,1820263706,52650
26461,125991109760,103010
26462,77987365952,149200
26463,14401704407,16500
26464,76485500662,102910
26465,1735835728,79570
26466,148744813712,11720
26467,1027484393,49120
26468,18803265229,14600
26469,1115306739,35200
26470,36118879660,26140
26471,91369064978,28730
26472,58819867748,16420
26473,2579896884,53710
26474,89773116943,28080
26475,104112271851,10320
26476,1538174220,82470
26477,43094738736,181910
26478,3641459255,34730
26479,2192794458,79860
26480,1116156053,35500
26481,83383630653,97070
26482,46603536142,13080
26483,1275919064,54520
26484,18781364593,22500
26485,50805719022,13180
26486,62541083876,25570
26487,27006917803,19260
26488,30226971708,27790
26489,13975937495,256800
26490,1724136578,65600
26491,950152031,60100
26492,4121824397,87440
26493,20483685045,24680
26494,91000137,47770
26495,6028338095,69170
26496,47005371111,18420
26497,18307813892,26600
26498,34721363845,26020
26499,81301962814,122290
26500,2321699483,35710
26501,12542145494,32790
26502,351091521,42070
26503,104416044305,19930
26504,65929410765,122380
26505,649714857,52800
26506,5488637938,31660
26507,101594178411,16980
26508,22012188432,19330
26509,147720762402,29150
26510,46838785900,27880
26511,2896307625,50890
26512,2666858451,75920
26513,73802628198,27170
26514,9073676657,24880
26515,583181080,38200
26516,14406325076,28100
26517,9975585772,19360
26518,22274522030,18300
26519,1099860567,50380
26520,670293721,36120
26521,3679055465,332370
26522,1528666910,71830
26523,1190480370,48180
26524,2605778510,50970
26525,47788817752,18570
26526,43440528468,19050
26527,3009299449,34350
26528,402845661,37260
26529,34229453564,21040
26530,10270772425,18700
26531,1478596572,85220
26532,31694191897,25560
26533,960806645,37310
26534,62824168591,20180
26535,1391917284,71810
26536,39244436334,19620
26537,5073945079,32540
26538,745431878,48840
26539,386703694,36200
26540,6883921579,51330
26541,2492623255,90080
26542,27963580724,16690
26543,83579052,43000
26544,842759148,58420
26545,2985397083,61420
26546,15241819764,13200
26547,22429456554,19700
26548,80432649,40080
26549,24836711839,21650
26550,12021004839,31310
26551,78930338917,162050
26552,49535555271,12750
26553,1188872627,37830
26554,1163621673,49860
26555,1635211296,60540
26556,37824081128,27060
26557,1441816731,52480
26558,12021004839,31310
26559,34075787416,13460
26560,941432475,76680
26561,125927754799,126900
26562,49381445260,23550
26563,128742187,39650
26564,32670578675,26700
26565,40143322519,25720
26566,40855257342,21360
26567,1984198473,60650
26568,1522560278,48720
26569,105234272445,140470
26570,2488492554,72200
26571,382417194,39300
26572,69748186106,11220
26573,1299357734,89710
26574,75312824819,30160
26575,49063758173,23020
26576,32939692439,24350
26577,57773998452,181480
26578,9617972623,20540
26579,137417871,46150
26580,472545976,42430
26581,708402499,60600
26582,14203848435,13040
26583,1502193693,48150
26584,1479542950,68640
26585,31718287740,20520
26586,1400640808,36820
26587,3816880686,92740
26588,1842677428,68380
26589,47327142953,30120
26590,20043163240,13800
26591,11740205694,25700
26592,2464200779,86040
26593,1867599484,56040
26594,75820119266,168300
26595,1853020167,52150
26596,86007273344,27630
26597,956525554,60590
26598,151434521322,108740
26599,117469597340,96220
26600,61739919244,10540
26601,1411680455,49890
26602,3317393682,86090
26603,5257975360,48030
26604,31272637609,23520
26605,16425153791,30350
26606,55065325562,23540
26607,1640295002,52080
26608,1631738995,1000000
26609,1446793747,94180
26610,638235790,57100
26611,19889035527,21700
26612,167306967246,29480
26613,3520718898,388980
26614,58920984808,182900
26615,2559178440,92620
26616,3097598273,34650
26617,83579052,43000
26618,11942868994,33520
26619,24003250153,106980
26620,1103465523,570890
26621,18298812721,27600
26622,36118879660,26140
26623,1907942400,73040
26624,1715828315,50180
26625,15282441909,31600
26626,372571834,43990
26627,304963033,45310
26628,46416427689,22600
26629,3310671880,69570
26630,2899379297,65860
26631,32821241123,11350
26632,115315456832,117970
26633,35235920,47200
26634,1839348420,52490
26635,289105316,37510
26636,1125678091,71210
26637,2260322667,76110
26638,106028725,47240
26639,46848216759,15760
26640,1726097160,73930
26641,1362720839,53290
26642,34005205205,17920
26643,12694562021,26800
26644,1553880175,35150
26645,46364741189,20750
26646,64125362778,28720
26647,637003518,56340
26648,20047359759,28400
26649,3406584300,34520
26650,938523040,40030
26651,52122790549,26350
26652,34229453564,21040
26653,20164471771,17150
26654,5340337366,54030
26655,1303473678,89180
26656,49031173362,27310
26657,2459975371,48550
26658,25950007188,23900
26659,1196475341,53400
26660,506618191204,22790
26661,3244327025,35610
26662,1829659279,66210
26663,1002961399,37800
26664,161080205,43430
26665,4506763942,34590
26666,2658895913,405130
26667,146248251644,29680
26668,1206769635,61050
26669,70347446419,16040
26670,50787716016,28220
26671,22887395746,19600
26672,832985005,54370
26673,21490644071,31550
26674,32329734658,17380
26675,399907965905,11260
26676,44160343987,11900
26677,144199040,44900
26678,29194495387,214050
26679,27825526306,17900
26680,117409485763,106330
26681,66362318261,13350
26682,847563162,49020
26683,58746803704,100880
26684,2222350586,815560
26685,1024898409,37180
26686,104040411044,15410
26687,34327482638,11420
26688,1343483013,38160
26689,12175959216,13600
26690,422381531,39320
26691,764568562,39140
26692,324490190,39230
26693,55165847286,173250
26694,1401188657,57930
26695,21072535899,32290
26696,1125582828,70990
26697,205936537,42960
26698,48233420339,25240
26699,1779667945,50370
26700,160541414308,17030
26701,1505703723,57900
26702,67250095591,16020
26703,1932302726,747270
26704,1972799734,64390
26705,1029271305,88360
26706,47066111055,17880
26707,863855022,50280
26708,59021098754,21990
26709,993295507,56400
26710,596472008,39210
26711,2922464456,70430
26712,35071733965,30250
26713,25553867219,28340
26714,2086324526,36210
26715,41762742490,21620
26716,4424944880,32620
26717,6714501360,11440
26718,21509159440,21000
26719,39059444512,25850
26720,35427407247,12100
26721,177309916,40720
26722,11563633982,32220
26723,6920601129,54470
26724,42486529686,26920
26725,89637957998,29330
26726,1631738995,1000000
26727,52428053269,148450
26728,3678980550,83670
26729,526287002,54460
26730,72024658162,19840
26731,610854422878,29210
26732,53300729576,23590
26733,114607454828,17740
26734,84759813311,22230
26735,4265310976,92800
26736,28520159386,19300
26737,35922754479,20350
26738,894291895,37370
26739,1296366488,72080
26740,936959939,76770
26741,2454264678,54500
26742,64908345929,30220
26743,58192362683,29520
26744,41085533680,12280
26745,59047479801,17330
26746,1572957639,54890
26747,9246399911,33430
26748,142673848,41080
26749,16471274664,16700
26750,72729121021,30590
26751,68488190097,112230
26752,13013575496,32340
26753,283774035,41880
26754,325372094,44050
26755,1305713598,57840
26756,1593710664,73850
26757,152348894353,96620
26758,4826863888,79660
26759,263361828,39290
26760,46609776660,13720
26761,4577473527,77450
26762,5027594135,51670
26763,36821475109,19320
26764,954770377,49070
26765,93181636467,28880
26766,1355606615,56240
26767,89637957998,29330
26768,6633188074,32510
26769,77148877943,30870
26770,29096265241,15360
26771,15885102275,21750
26772,8085474109,11000
26773,65003998878,98500
26774,3391174760,35220
26775,32416660137,30770
26776,73802628198,27170
26777,67652384114,10700
26778,792392949,65240
26779,1114273824,76150
26780,38215353071,19240
26781,21509159440,21000
26782,119427252026,29260
26783,45276330903,16450
26784,8746143840,15800
26785,70127497696,106050
26786,23430054225,14950
26787,2651955424,69990
26788,60650416742,16360
26789,1033577746,36040
26790,345934961,41190
26791,1306399170,86700
26792,428047614,44270
26793,31473491054,24700
26794,537733467,41550
26795,1591020765,51320
26796,2406733029,50550
26797,25375355909,19670
26798,2092135412,64170
26799,123464274479,113180
26800,83875446920,10940
26801,145574047017,122300
26802,4164828116,80470
26803,66335429928,23760
26804,105753092804,29010
26805,1597005112,56210
26806,6633188074,32510
26807,25009359999,15920
26808,576198569,36810
26809,201931355,45430
26810,513236362,37300
26811,26011446033,28380
26812,29648005691,16060
26813,1755510119,95350
26814,793801377,64200
26815,1287044753,89440
26816,31172644375,16950
26817,131421363762,106810
26818,27952875367,155800
26819,52524760859,25330
26820,14253139298,23980
26821,32814418308,25310
26822,18032677363,18350
26823,1937774565,88520
26824,2243976179,78920
26825,71291253104,111240
26826,4659655310,47860
26827,56822468980,22880
26828,5393604399,32110
26829,22574448053,28520
26830,1196475341,53400
26831,79471465033,11660
26832,27475232553,20550
26833,107323519,43080
26834,582446178,38180
26835,91603993888,12220
26836,500180676,38930
26837,128645761906,13260
26838,34935271309,25590
26839,50010969395,13840
26840,42099697529,127030
26841,1997116331,47830
26842,1829659279,66210
26843,56890745277,19530
26844,24628664082,17600
26845,3418615930,60470
26846,97535738059,29020
26847,43265608639,30840
26848,2281586252,78910
26849,13597838470,21400
26850,330507919,43820
26851,219808637,45750
26852,1791845003,87760
26853,65378861284,15710
26854,58138179192,26930
26855,118045263429,27810
26856,135874898,39840
26857,11663075335,10800
26858,15209110968,25300
26859,78701450841,106350
26860,5038209272,73310
26861,57635684120,28120
26862,3042715865,79490
26863,208686901,44760
26864,190037387,42050
26865,89385219386,30510
26866,652130926,47060
26867,40310472754,23930
26868,77535530255,14770
26869,6536029761,12400
26870,3783970305,34760
26871,1631738995,1000000
26872,1656425328,57650
26873,49950318601,26950
26874,201531355547,16010
26875,17089269526,26120
26876,44771031966,30550
26877,89385219386,30510
26878,4073218384,77070
26879,548747932,64600
26880,926886691,53620
26881,45204939260,10900
26882,8746143840,15800
26883,685737048,68060
26884,1099860567,50380
26885,53300729576,23590
26886,50734035423,15480
26887,16911672567,26580
26888,55869935956,12330
26889,24263189038,13000
26890,6837950701,31860
26891,13820000178,254130
26892,1394137500,58100
26893,155381505812,29820
26894,195756165,41940
26895,674882483,37450
26896,1438430202,79790
26897,27153562936,19380
26898,2395974107,35960
26899,50197576655,22190
26900,56663813217,20660
26901,28535155489,17700
26902,117287800870,24370
26903,4821423145,70550
26904,46609776660,13720
26905,2319454069,61100
26906,18390012311,223860
26907,13262870369,30950
26908,3036521508,34410
26909,2825355592,48370
26910,31912611665,100980
26911,520982089,62000
26912,214770472605,29720
26913,32025620892,24200
26914,596472008,39210
26915,2095861127,34850
26916,32496142247,118050
26917,225143170,42440
26918,48226947118,194440
26919,36372739840,19960
26920,292555488,40700
26921,261865260,42460
26922,3576022235,34620
26923,41837038993,200410
26924,163594944,41850
26925,104695920952,12410
26926,4515712444,33860
26927,42171644107,195900
26928,1093715362,40160
26929,374104493,43870
26930,6062647024,32050
26931,1161554838,85760
26932,82011306999,27030
26933,48422643274,26180
26934,2203545175,36130
26935,24772344024,225960
26936,23521342765,20400
26937,43067181063,130310
26938,29092594232,112260
26939,11025691108,31410
26940,4321499015,89700
26941,74328563055,150230
26942,112201252208,15330
26943,8903345832,18180
26944,30860554806,10400
26945,564183957,38700
26946,25574467318,20360
26947,36879273869,17140
26948,45171222631,186630
26949,1089718676,78420
26950,49275798206,21420
26951,27530071116,17550
26952,3733802267,51090
26953,2257523767,74330
26954,3650153705,36590
26955,1604530916,54510
26956,17352688335,13240
26957,28089660686,15900
26958,60622985169,162290
26959,1716683562,92570
26960,674882483,37450
26961,40619608490,19350
26962,409974773,41200
26963,567025553,38270
26964,1060415951,38740
26965,24388907569,27950
26966,1511402967,67700
26967,37326142645,25360
26968,226110679192,29410
26969,2185917417,532770
26970,279004289,44000
26971,387763191,43270
26972,90080402098,126130
26973,1302970112,49360
26974,1554529205,51800
26975,16696015260,30900
26976,19781196089,23640
26977,2344159088,33700
26978,145172773229,29170
26979,48385818617,17560
26980,16496210356,23850
26981,4079603814,63090
26982,2081847448,66450
26983,32664879670,23620
26984,56013076995,16820
26985,1514124327,50730
26986,480048136,43060
26987,7222355788,33980
26988,13597838470,21400
26989,25310954185,154890
26990,34681628225,27040
26991,153401519548,10740
26992,1052699654,53590
26993,77245059209,99410
26994,511590081,40440
26995,316269838,41960
26996,89723138345,129490
26997,78132681,43520
26998,921347718,85680
26999,4125523889,34300
27000,144682939,44040
27001,508607459,38340
27002,1722290109,51170
27003,42590251057,112300
27004,18245872058,25530
27005,65032247718,96500
27006,153490949,42200
27007,132767510962,106540
27008,22317738016,21350
27009,32093453406,14840
27010,1676183383,68260
27011,36997316477,196870
27012,1138035508,67470
27013,6825304777,31500
27014,18973023210,21200
27015,6062647024,32050
27016,87451365728,152240
27017,19889035527,21700
27018,76419625352,29640
27019,39577525050,19780
27020,197141194414,22720
27021,48564900494,121260
27022,113566808087,27870
27023,1078975842,50010
27024,479224048,40960
27025,104192134172,145030
27026,30870185810,16790
27027,1522615001,804830
27028,793801377,64200
27029,5212274845,32640
27030,33527478892,19660
27031,56306445332,162760
27032,148740134653,111320
27033,8903345832,18180
27034,26794617770,13400
27035,1411430031,35270
27036,18646345859,20000
27037,35704895706,182550
27038,23927692354,26640
27039,58834641795,20890
27040,10688901513,31100
27041,1101482311,79600
27042,25922689803,25100
27043,46847440574,28300
27044,2256936591,88690
27045,2808389118,69130
27046,959434548,52970
27047,17967957924,18030
27048,564183957,38700
27049,1854208189,69160
27050,3221830573,60660
27051,15739671791,31840
27052,1977737927,80420
27053,514580279,38650
27054,95997735031,28310
27055,15713574477,24100
27056,517483321,40540
27057,2395974107,35960
27058,13696731951,20480
27059,30719654234,22320
27060,13111728853,256970
27061,4894466873,85590
27062,70725378684,19010
27063,1149559910,86000
27064,45632125775,30920
27065,23521342765,20400
27066,37535518720,10060
27067,12460692893,24920
27068,35344470911,16750
27069,1485730830,55880
27070,1082208274,72110
27071,65889157625,24930
27072,374027963,39570
27073,99415878544,112940
27074,16587975028,18940
27075,113307658460,30240
27076,307772374,44470
27077,39945137540,22900
27078,969633129,65050
27079,1641885928,76930
27080,283774035,41880
27081,3564967825,32450
27082,11663075335,10800
27083,105995622,44680
27084,1413337760,70900
27085,1662301289,34810
27086,2151990477,66950
27087,583181080,38200
27088,534415944,38230
27089,27979223636,30880
27090,1405592789,35140
27091,64848155610,118530
27092,2512917250,64720
27093,151403046,42880
27094,6902951593,33830
27095,17760313786,23320
27096,2127130954,92250
27097,3726691088,80270
27098,43657582491,165050
27099,1135105699,64160
27100,1537310706,65580
27101,11025691108,31410
27102,4966059338,14200
27103,8961575045,33570
27104,36250807017,21290
27105,38294574307,24220
27106,2061424765,69060
27107,2060087884,57330
27108,81059730594,13810
27109,406883978,36800
27110,45276330903,16450
27111,726757896,50400
27112,24652206273,17190
27113,92239702551,29220
27114,2808389118,69130
27115,69189115013,27500
27116,1738094346,34440
27117,17816376891,31400
27118,40705136194,126640
27119,56191503927,24740
27120,2431872851,36490
27121,77857367363,111980
27122,62162028949,108450
27123,22274522030,18300
27124,13293694114,31520
27125,132539028920,10810
27126,14260621217,23650
27127,38025505020,18060
27128,66390408205,19770
27129,1058786959,56690
27130,48620544013,98960
27131,2475915157,66000
27132,90375915912,119020
27133,57516114629,11080
27134,1012736886,62380
27135,1567992463,85260
27136,63988929372,136490
27137,49777359859,24580
27138,1187200925,48270
27139,619306389,58550
27140,19816244666,30990
27141,55241510149,29100
27142,1722290109,51170
27143,41964290253,113460
27144,367477754,43770
27145,928772192,72000
27146,1885818182,58580
27147,19888988268,12450
27148,38722239880,25800
27149,530805181,64920
27150,2543171256,49750
27151,115479906754,30780
27152,1705143848,32200
27153,29083726643,17520
27154,58339597241,27220
27155,2075307902,83710
27156,1093607619,61640
27157,95179838312,99040
27158,60958797746,11780
27159,271843632,44290
27160,50157663560,16760
27161,103073416038,13430
27162,524484664,57500
27163,15016173997,20700
27164,42664637339,114700
27165,34681628225,27040
27166,328961923,44120
27167,32939692439,24350
27168,73155169420,27180
27169,97925446678,96840
27170,8809635874,33450
27171,107176228778,140860
27172,1631738995,1000000
27173,24652206273,17190
27174,21631552444,26750
27175,7326877173,32850
27176,1592296421,67850
27177,3850060883,87250
27178,97880133,45450
27179,609297051,44360
27180,53885864775,17730
27181,405672651,42750
27182,103395096755,131390
27183,42901665658,114990
27184,1633132208,80160
27185,64189111235,11490
27186,226110679192,29410
27187,40143322519,25720
27188,2137268600,63480
27189,1375493635,55710
27190,638235790,57100
27191,1588880290,49390
27192,4093727172,34290
27193,152267874,42000
27194,1764420810,653350
27195,14203848435,13040
27196,1868367091,95400
27197,12629968540,238460
27198,1034853663,70190
27199,457485908,41050
27200,368844630,44560
27201,2179303903,78070
27202,42433223595,178950
27203,1860288289,51310
27204,51108562928,21130
27205,1847117475,53010
27206,960806645,37310
27207,2266198740,51490
27208,47810622709,28510
27209,65881916934,33010
27210,602975433,76640
27211,290202607,43010
27212,1548189690,61710
27213,1145327463,92960
27214,173364507,45990
27215,32294905430,184760
27216,5506837978,33000
27217,6663793250,56970
27218,876093111,36670
27219,57667778662,30710
27220,776833593,63740
27221,11540501738,32680
27222,13612873729,22850
27223,43897044541,23160
27224,51935406492,14110
27225,784033480,64250
27226,15370197263,17860
27227,25375355909,19670
27228,55658814898,29760
27229,304732152,44640
27230,4280992750,73190
27231,7694107713,24900
27232,1027613387,81150
27233,1631738995,1000000
27234,220104244,43350
27235,61073622396,23340
27236,19068532632,12940
27237,740218215,55430
27238,105906869169,112410
27239,3783970305,34760
27240,393415785,38630
27241,1388366517,74480
27242,363929049,36660
27243,14134858373,22310
27244,2967595493,349240
27245,4077505210,31450
27246,1832651952,37590
27247,2859188088,52830
27248,47788817752,18570
27249,35213785935,27800
27250,21631552444,26750
27251,55488647090,17260
27252,1193484985,53040
27253,43069409942,10840
27254,83342142687,18630
27255,8522526669,30800
27256,46416427689,22600
27257,1665829483,53900
27258,142743976255,10560
27259,53443551626,23660
27260,2125822701,83170
27261,20927200744,15450
27262,243541523,40980
27263,1144048438,48250
27264,2160661217,33240
27265,30561579825,25520
27266,3049463999,59500
27267,121966366,40100
27268,351091521,42070
27269,9595212314,280110
27270,130136879178,120890
27271,161166276978,23730
27272,2681477778,76700
27273,34202441186,22400
27274,786157991,62400
27275,1423750163,55290
27276,271327756,43960
27277,671646324,62700
27278,26614884467,16800
27279,4584263012,33070
27280,2579896884,53710
27281,1940077050,52620
27282,1369133770,94520
27283,1838541727,75980
27284,17284174655,17940
27285,44666807001,15580
27286,22710457019,23010
27287,1493663097,796090
27288,1856735312,34660
27289,47222232976,183170
27290,124104743048,130800
27291,31473491054,24700
27292,1061897496,55450
27293,317128054,39990
27294,248841417,45130
27295,58018471835,181660
27296,127017783765,27140
27297,19781196089,23640
27298,4143814611,34460
27299,1043184003,37840
27300,47572858350,28950
27301,13074074288,19580
27302,2214451065,80150
27303,16696015260,30900
27304,10585496191,32250
27305,49532693812,13560
27306,93213766,42900
27307,147720762402,29150
27308,2061851750,63590
27309,26290561592,28600
27310,21338612367,16930
27311,8085474109,11000
27312,2097954495,34160
27313,38722239880,25800
27314,252147894,42350
27315,1172754726,879690
27316,2998373815,34030
27317,50010969395,13840
27318,3677979128,33900
27319,2809964253,50820
27320,954684584,47900
27321,24942410999,13550
27322,434613057,36160
27323,18791756845,32320
27324,2534784064,33840
27325,1402649290,60360
27326,1062519998,70820
27327,160837411091,113850
27328,3539077579,66350
27329,737627132,38020
27330,57968587629,14350
27331,743266878,36760
27332,62817858468,27250
27333,1093004842,35480
27334,2736910048,53070
27335,19533110212,19500
27336,325414035,43210
27337,2580113710,56950
27338,5841386418,56320
27339,1310951546,79200
27340,2422621035,73730
27341,1838218188,49320
27342,2721549077,81650
27343,1687138819,37650
27344,9190844094,31630
27345,41502338985,144550
27346,35681395866,25400
27347,59269671238,102690
27348,97161135608,29450
27349,4274753450,32720
27350,59127316780,140300
27351,2175991433,49480
27352,309885320,41150
27353,260318545,43850
27354,155705038,44170
27355,32496142247,118050
27356,1631738995,1000000
27357,1797413814,74710
27358,29296433783,30470
27359,1005483587,70330
27360,21677571436,27160
27361,1844212851,80930
27362,16496210356,23850
27363,2306348412,75600
27364,88617288649,28930
27365,16666559748,22200
27366,340316873,42780
27367,14401704407,16500
27368,1997116331,47830
27369,36284838931,119640
27370,1235335355,83150
27371,16680645035,13750
27372,51180551841,23750
27373,31760018623,13100
27374,15101702599,12500
27375,98231198,46630
27376,167530346,40850
27377,19049030128,13960
27378,2217498872,49090
27379,1303340362,95060
27380,2554714068,34270
27381,505595437,39430
27382,66257876289,22270
27383,1280383657,53320
27384,18045084374,30440
27385,41972943163,28170
27386,34202441186,22400
27387,1585843325,76780
27388,16164216833,32740
27389,361781947,45260
27390,1507885768,57430
27391,199430731,41480
27392,2500592101,55170
27393,30152653742,14940
27394,962022378,37550
27395,3306498331,72370
27396,526448295,38640
27397,56792157328,13580
27398,17872142543,14300
27399,19578529441,30450
27400,28089660686,15900
27401,27475232553,20550
27402,2381508863,34750
27403,16371576203,26900
27404,1729653495,51420
27405,19845625125,16240
27406,28137966581,12960
27407,45231475671,16560
27408,13378711542,12600
27409,1247830221,49110
27410,1455862312,35680
27411,16544868120,31140
27412,35618083107,15260
27413,13077299177,15620
27414,44984558600,12640
27415,74427604153,28770
27416,22825466302,31880
27417,128742187,39650
27418,2827474790,36740
27419,104112271851,10320
27420,16856330150,15500
27421,52350936660,109330
27422,24263189038,13000
27423,43440528468,19050
27424,881265849,36930
27425,58834641795,20890
27426,727000833,50150
27427,39937412905,22960
27428,1698264549,33770
27429,22061453679,17340
27430,938260626,78880
27431,68788084373,24940
27432,145172773229,29170
27433,81968479692,14320
27434,539701280,36290
27435,112598488982,23740
27436,3030161008,94690
27437,21232785090,192840
27438,51245873680,20640
27439,28382266408,21540
27440,209832905146,29740
27441,46609776660,13720
27442,142818732,46050
27443,52177829725,15080
27444,23239345271,12650
27445,1776277520,37910
27446,920542991,79800
27447,11248132422,32300
27448,59050477975,105380
27449,7807282194,38000
27450,27402271562,23800
27451,25565025425,20190
27452,40731906665,23960
27453,70725378684,19010
27454,52243000685,22470
27455,28452409701,11650
27456,10457606711,263670
27457,104348526441,14430
27458,84592707,47400
27459,3198234329,92340
27460,381891196,45420
27461,1732207667,48190
27462,31889305836,19000
27463,1615873407,53420
27464,34346403621,22250
27465,1783713612,62470
27466,57050127055,16050
27467,34528218461,11100
27468,1204922452,50650
27469,28694947024,27200
27470,3077042424,63700
27471,44983229310,16170
27472,140716997773,126570
27473,18741652662,21500
27474,726757896,50400
27475,38046327726,25130
27476,336104978,45680
27477,1157687241,59130
27478,48326487621,18120
27479,42053547758,24320
27480,78999070290,27980
27481,110865690,45590
27482,5506837978,33000
27483,24665681208,17100
27484,52090496415,100970
27485,1246264025,75280
27486,71673052812,128150
27487,61467253282,18790
27488,1747924223,74420
27489,104867685936,142180
27490,15716367775,26470
27491,124431586634,28390
27492,47188230093,14750
27493,83663456863,106320
27494,2957528730,33560
27495,110619096490,24430
27496,18478125009,31790
27497,97236810,44950
27498,41204110587,20810
27499,10379975085,30400
27500,15241819764,13200
27501,36957900638,26660
27502,18307813892,26600
27503,1206558770,66980
27504,4586467411,32700
27505,85851341859,17180
27506,532224967,44020
27507,2509789849,53730
27508,39368373109,23720
27509,2807461945,63570
27510,138428271646,98380
27511,1098342432,54180
27512,277263165,45540
27513,809260772,52440
27514,1631738995,1000000
27515,799162500,59380
27516,1759310267,62920
27517,1120362800,38860
27518,5921037305,10000
27519,460217872,37920
27520,5497574956,31420
27521,1396458249,85550
27522,2534784064,33840
27523,13851673776,19200
27524,1414546051,70380
27525,2034487917,81730
27526,12579447919,19550
27527,8085474109,11000
27528,19115025399,31130
27529,137417871,46150
27530,2005173606,69270
27531,75351619174,25380
27532,12564986713,25760
27533,233414286,43910
27534,46578377715,30650
27535,13074164597,16600
27536,2086439947,57480
27537,53378104941,20040
27538,77649490901,27390
27539,23623676402,21560
27540,1650039199,76560
27541,35681395866,25400
27542,113005204623,18960
27543,104618356861,114520
27544,1138035508,67470
27545,1389476515,51960
27546,22930910141,20960
27547,6902951593,33830
27548,2654886503,57560
27549,27006917803,19260
27550,1283689244,92840
27551,1363874835,802860
27552,5219442219,33090
27553,1269075816,64150
27554,1890926846,68980
27555,37929209689,19590
27556,72320102882,165100
27557,163594944,41850
27558,39341073855,22100
27559,962307346,55520
27560,43638851183,25970
27561,97880133,45450
27562,1115306739,35200
27563,98882104310,131630
27564,22317738016,21350
27565,158580372,43300
27566,31180941172,20690
27567,50200379051,18670
27568,217335387,39800
27569,16310027550,25050
27570,1097790830,76830
27571,2573949522,51930
27572,5119310985,94230
27573,191639277,45220
27574,106655261328,23480
27575,19416274791,33190
27576,45616050575,26400
27577,31107276306,26860
27578,303016833,42310
27579,158134771837,104520
27580,2362501811,34960
27581,44095473091,28180
27582,1250901453,37240
27583,2364164156,56230
27584,154255970365,107110
27585,647389033,54110
27586,12800337729,19080
27587,16920717376,22800
27588,1046261340,48700
27589,1631738995,1000000
27590,1120403229,55250
27591,1593758003,35630
27592,4707552537,86880
27593,4125523889,34300
27594,17141299216,31300
27595,382417194,39300
27596,20753605114,20720
27597,706083408,36840
27598,41353196028,12140
27599,27453873209,26690
27600,850015741,41840
27601,509600067,39880
27602,1036412218,62140
27603,1752616200,48940
27604,51924449833,18080
27605,768212974,54700
27606,95610078082,124840
27607,48347533,44860
27608,3146545076,35730
27609,817455058,52300
27610,21256246165,21800
27611,137541652212,124620
27612,45864012895,142000
27613,1423750163,55290
27614,19771437940,28480
27615,37291167699,22080
27616,21509159440,21000
27617,2431872851,36490
27618,181593982788,10920
27619,19913212122,14400
27620,54599824706,149800
27621,4504775868,34640
27622,19844523867,19020
27623,1359895322,77340
27624,15256087012,10300
27625,16471274664,16700
27626,542319986,39060
27627,8597498625,15300
27628,739327261,74950
27629,1385013389,35670
27630,19876439793,30100
27631,52497291564,23210
27632,1237095266,34780
27633,26678147130,25420
27634,5921037305,10000
27635,53300729576,23590
27636,809260772,52440
27637,357167448,39820
27638,36879273869,17140
27639,1349070555,89970
27640,425297846913,13390
27641,5921037305,10000
27642,1267966539,52430
27643,30116808204,14720
27644,55007371409,27560
27645,1187554868,77360
27646,47572858350,28950
27647,1033577746,36040
27648,24263189038,13000
27649,70433567960,97450
27650,20334120816,19250
27651,29967860642,16650
27652,81354161288,24990
27653,18186925441,224990
27654,170235239965,98080
27655,252147894,42350
27656,1001716380,35100
27657,39603242522,29780
27658,40838574989,28040
27659,113605749,44440
27660,34197580549,15200
27661,2360289298,54650
27662,122177991610,104590
27663,123612371,44790
27664,21631552444,26750
27665,126569630266,26870
27666,111164141689,15390
27667,302660278,37960
27668,62760612558,26610
27669,4198959378,34210
27670,946465514,64320
27671,19533110212,19500
27672,55378221550,27380
27673,5073945079,32540
27674,16253970402,30760
27675,28303784697,16720
27676,248841417,45130
27677,49671702326,170200
27678,13851673776,19200
27679,34174865717,27510
27680,15885102275,21750
27681,17052747347,225600
27682,1927027895,36270
27683,184200659,39370
27684,72575968912,116170
27685,19015833190,20900
27686,15700282152,31510
27687,43194945133,12780
27688,1784591649,64340
27689,62087726496,27070
27690,18298812721,27600
27691,70943786712,144590
27692,59734376004,15830
27693,44902378450,18010
27694,4224880653,49330
27695,973365626,69000
27696,1631738995,1000000
27697,1059366348,56530
27698,310328313,44140
27699,241480383,40000
27700,92190244373,102960
27701,106390938,46860
27702,1631738995,1000000
27703,936487306,70420
27704,84710804,42690
27705,47145317344,16890
27706,33878940733,27930
27707,374557932,41540
27708,35017723395,99870
27709,3679897199,91450
27710,128408980075,27430
27711,53276962672,168860
27712,58962650593,25750
27713,144432893889,28360
27714,1069762860,48500
27715,1224996701,60800
27716,1243988128,49620
27717,2920201141,383330
27718,253211928,38720
27719,106300944342,136870
27720,1246744945,61080
27721,161069872,43400
27722,73787657273,110540
27723,1758633356,70050
27724,30966134539,20410
27725,1017552751,37220
27726,30116808204,14720
27727,24836711839,21650
27728,48347542546,190690
27729,422345095,39590
27730,64908345929,30220
27731,1390696218,52020
27732,16680645035,13750
27733,35154212207,19100
27734,62517854534,20150
27735,297852860,37400
27736,10588033325,23680
27737,95997735031,28310
27738,4985914849,85360
27739,1432671255,71470
27740,92561148780,95990
27741,153708336059,15090
27742,229095780,43540
27743,804019452,40620
27744,24371933729,22950
27745,42086966196,21550
27746,147100752265,27890
27747,57806500123,24550
27748,1959147690,51920
27749,1377089934,51900
27750,1022144024,79690
27751,265841866,46180
27752,1047788409,37210
27753,86772968,46620
27754,1631738995,1000000
27755,974804499,61700
27756,50648836595,162420
27757,1578430142,34190
27758,1212350998,62560
27759,743266878,36760
27760,45228378494,19210
27761,48290727913,27670
27762,38403288276,135660
27763,189187624,40750
27764,35344470911,16750
27765,96749548081,25840
27766,711173892,84290
27767,16250883444,22340
27768,28137966581,12960
27769,151501434,39910
27770,4043816357,94200
27771,20798791919,15850
27772,1643631467,35950
27773,878815721,58460
27774,5972166211,68870
27775,770505462,38840
27776,1299357734,89710
27777,34051118165,16520
27778,1458790427,62480
27779,12175959216,13600
27780,1571596295,35970
27781,54194807280,15240
27782,4119243392,50510
27783,5016921670,66930
27784,310929357,37250
27785,1766453796,47800
27786,45228378494,19210
27787,14575236336,11050
27788,24628664082,17600
27789,415863156537,29610
27790,287077495,39580
27791,70725378684,19010
27792,20334120816,19250
27793,2122698568,71010
27794,246649414,45870
27795,524484664,57500
27796,35668694476,15120
27797,867797600,81180
27798,30809472740,20620
27799,103076125989,120130
27800,823416883,64100
27801,13549969722,17840
27802,1739699443,664670
27803,821881636,36370
27804,647389033,54110
27805,767621107,50660
27806,39149199429,14900
27807,23035858811,22050
27808,1818415381,58210
27809,2506162188,60810
27810,66129756375,12350
27811,2119597126,76910
27812,1831932265,69080
27813,106332430,41700
27814,928759657,35790
27815,21631552444,26750
27816,3578464701,32160
27817,48879509064,20260
27818,2230227527,92450
27819,18781364593,22500
27820,44666807001,15580
27821,455173169,40920
27822,23927692354,26640
27823,810003039,61750
27824,21977773248,20280
27825,15269062707,11500
27826,94945672856,13670
27827,70725378684,19010
27828,369908415,39250
27829,20271072387,19680
27830,31265914644,11600
27831,6646232430,32730
27832,1710233052,79620
27833,52254634753,30390
27834,1012483522,34000
27835,532854353911,29290
27836,31272637609,23520
27837,58900776513,166050
27838,68209230032,134110
27839,8597498625,15300
27840,46756497319,22930
27841,25312099205,15110
27842,6497365784,10750
27843,15700282152,31510
27844,61222272028,24050
27845,14203848435,13040
27846,12660304592,14100
27847,5354987411,33200
27848,12660304592,14100
27849,202243909,46340
27850,32670578675,26700
27851,957792398,39530
27852,100212242873,98560
27853,5056628240,67090
27854,83892829452,11150
27855,167049769,41270
27856,1343483013,38160
27857,855319314,36680
27858,54032546352,21250
27859,1878979416,85810
27860,45083877970,19610
27861,2085146629,49600
27862,45942275295,13950
27863,6825304777,31500
27864,7394073238,33140
27865,142340815009,95780
27866,2293718620,52910
27867,68660692992,26230
27868,59933849294,16110
27869,357850812,58600
27870,26085220253,12060
27871,473797048,37350
27872,1631738995,1000000
27873,1590342922,67710
27874,2210625021,51130
27875,1465324295,60920
27876,34051118165,16520
27877,3831305354,50900
27878,10710322980,32770
27879,79336792390,12240
27880,124849461796,133430
27881,1683558095,65670
27882,77726524145,14180
27883,50805719022,13180
27884,30301608740,219800
27885,19816244666,30990
27886,137711009601,108010
27887,113004047,45490
27888,309260537,41100
27889,23328308469,28670
27890,2349840485,83020
27891,24981432612,23780
27892,18741652662,21500
27893,61406082,47620
27894,4410215505,59030
27895,41111666437,20870
27896,79766442212,23530
27897,1012483522,34000
27898,18635719324,15100
27899,16425153791,30350
27900,13618910578,19900
27901,1442643549,71690
27902,137887014421,12620
27903,136237660,45940
27904,1304419090,48060
27905,45552700653,14080
27906,3095178355,35230
27907,55119820191,145920
27908,36725496221,105860
27909,118052638860,125660
27910,19889035527,21700
27911,72477355135,123260
27912,15885102275,21750
27913,67479716615,160360
27914,93181636467,28880
27915,115779350084,112860
27916,1775326411,62670
27917,24826996500,31020
27918,195819684,43600
27919,2110117764,61970
27920,26290561592,28600
27921,2540688061,58610
27922,47262307720,19720
27923,1000582102,53700
27924,455173169,40920
27925,6714501360,11440
27926,444859759,39980
27927,366537015,40490
27928,3717965658,32920
27929,23781131653,35470
27930,63610182876,144640
27931,1869726327,36890
27932,1502977888,91960
27933,1979769037,52280
27934,17872142543,14300
27935,74972262,44400
27936,755161576,37340
27937,4775106304,33400
27938,11835720014,31850
27939,1537779157,79890
27940,45173635137,23430
27941,679457153,72420
27942,2142980631,36280
27943,5250539521,68290
27944,2649774732,33750
27945,34197580549,15200
27946,786030857,88540
27947,1000117552,55620
27948,1818227392,33820
27949,25260575034,24170
27950,16587975028,18940
27951,2722158511,78470
27952,57844024529,21670
27953,12182235393,16920
27954,2844699931,77740
27955,5031649216,75810
27956,1636660046,572080
27957,76993929,44700
27958,1962523130,35130
27959,23338015042,16100
27960,36092934622,25070
27961,65012503117,24910
27962,888738418,59480
27963,52684853170,97620
27964,854308555,87120
27965,877681671,40140
27966,64546609548,142110
27967,925902524,38690
27968,98601557950,102490
27969,302270237,41920
27970,69069695262,149690
27971,152300602,39380
27972,2296085998,36410
27973,51671452648,28540
27974,145227840732,102000
27975,33454510396,26210
27976,950415436,67430
27977,15877656541,24250
27978,42901665658,114990
27979,163010279825,29650
27980,39341073855,22100
27981,1421108625,62600
27982,588564934,40390
27983,27762926584,25500
27984,52065406763,22020
27985,24457461251,19950
27986,17141299216,31300
27987,1660967061,43620
27988,14720086762,21150
27989,610183714,56500
27990,76725780534,119600
27991,360690317059,11990
27992,1956031661,58840
27993,92880889388,129050
27994,17825749906,26170
27995,46151090360,13250
27996,22710457019,23010
27997,5751597917,34980
27998,70917260148,13610
27999,33854502558,23450
28000,167402673,39270
28001,174901309885,100110
28002,50500077393,23440
28003,60185425533,103360
28004,2319512906,59220
28005,110176673593,21980
28006,52792210900,15660
28007,5281845718,34790
28008,850217919,61980
28009,1012483522,34000
28010,239227393,43550
28011,310943529135,29240
28012,21779733392,16710
28013,46838785900,27880
28014,19669108851,224260
28015,35292697339,142700
28016,1615016895,50630
28017,2381508863,34750
28018,3363283879,66710
28019,91000137,47770
28020,62206717779,13220
28021,67877774794,102980
28022,273763257255,29360
28023,679457153,72420
28024,5551334550,72310
28025,2837319050,48530
28026,132054384638,29840
28027,1817493532,71670
28028,49490968277,140820
28029,16920717376,22800
28030,29408358448,14140
28031,856073182,53580
28032,1790581445,74820
28033,115441085001,123630
28034,4448145632,67200
28035,4966059338,14200
28036,51627841728,17080
28037,30688222926,18130
28038,25991851873,16090
28039,685737048,68060
28040,117281964666,136140
28041,3034571222,56570
28042,61307349242,124110
28043,10688901513,31100
28044,2138483246,898630
28045,950152031,60100
28046,137396957,41140
28047,1068679149,58200
28048,927743744,76990
28049,40830200652,15490
28050,921500073,55400
28051,1917729939,90360
28052,89469713540,99540
28053,2488580602,49200
28054,4493361374,76210
28055,100347566,47570
28056,14134858373,22310
28057,1563185951,93880
28058,24622745401,31920
28059,37717196238,21760
28060,13453048540,26040
28061,851099420,44710
28062,2245268628,49800
28063,2289333820,50170
28064,1614167084,61090
28065,47295092406,24330
28066,17760313786,23320
28067,112941358856,18970
28068,87930334985,11160
28069,839678439,40530
28070,2414752389,71970
28071,1441920835,52770
28072,17317254802,14850
28073,59119266873,27120
28074,956525554,60590
28075,2395974107,35960
28076,1923283442,68180
28077,20271072387,19680
28078,110279791980,29340
28079,711674046,53850
28080,81998829822,15070
28081,482519922,40870
28082,18803265229,14600
28083,20164471771,17150
28084,131935748430,21810
28085,400065297,37780
28086,53126256596,16640
28087,1132873968,50490
28088,1539822498,85920
28089,7897864903,49970
28090,3379356103,36060
28091,4982246133,31680
28092,51618539927,27760
28093,165211464,40320
28094,61384459361,20110
28095,64110126164,16370
28096,857386299,38710
28097,105291798755,125190
28098,1631738995,1000000
28099,223499994,39000
28100,1092214102,38610
28101,92320071533,150310
28102,17913562656,22840
28103,1300045689,80710
28104,25922689803,25100
28105,38782682113,25260
28106,13327051013,12800
28107,174802204066,19270
28108,33631823894,11340
28109,1597194435,82360
28110,1072061769,37020
28111,158218983,40420
28112,26583099214,26300
28113,26676025512,14700
28114,13977867678,24400
28115,297630474,47470
28116,2903276820,70560
28117,1069762860,48500
28118,16671615759,17000
28119,27776778220,22750
28120,1146941319,76120
28121,94645239809,30280
28122,1394830915,52640
28123,11094753535,31000
28124,14134858373,22310
28125,78093115477,23790
28126,1846799542,53990
28127,65406865703,17280
28128,51182012863,97650
28129,1191269410,57120
28130,1168145265,50870
28131,1822757007,51100
28132,1235335355,83150
28133,24457461251,19950
28134,421511376,41280
28135,3617961302,32100
28136,16671615759,17000
28137,9131255530,17200
28138,2639400344,57990
28139,13053346967,33150
28140,10708572650,12900
28141,121328006,42790
28142,76534523217,140680
28143,89743424223,100020
28144,1458460719,56730
28145,31172644375,16950
28146,159102163,38880
28147,50010969395,13840
28148,2192809826,33420
28149,1984650853,49540
28150,34217485574,30940
28151,31334379079,187970
28152,179942021,37600
28153,57844024529,21670
28154,77649490901,27390
28155,3076219343,56840
28156,850683698,53500
28157,1343738326,61130
28158,65390376476,15420
28159,1920489781,32600
28160,13937887246,31160
28161,2080515969,78220
28162,16856330150,15500
28163,90600280673,133520
28164,78132681,43520
28165,3034571222,56570
28166,382417194,39300
28167,87207801313,121990
28168,31086951478,28130
28169,26381824151,30230
28170,5789289359,59710
28171,16045577416,16000
28172,123967096040,96000
28173,46676930728,99620
28174,73584995345,15340
28175,127859815502,120760
28176,1247807567,49590
28177,2168700459,75300
28178,1094648866,36850
28179,59047479801,17330
28180,534415944,38230
28181,419210962,42490
28182,912920580,40090
28183,907107768,67450
28184,855279357,57200
28185,35803276702,210410
28186,53744940,44890
28187,586244091,39010
28188,6240140673,35090
28189,1860804225,64840
28190,1675926540,57820
28191,11248132422,32300
28192,2689842230,62420
28193,244115247,44810
28194,23035858811,22050
28195,83985160666,21060
28196,16956918425,12250
28197,5046514435,50390
28198,1631738995,1000000
28199,8101115241,20840
28200,628128601,71950
28201,1028528304,86460
28202,58185294563,26050
28203,206665880,46500
28204,10777764971,11400
28205,15750815092,18660
28206,67250095591,16020
28207,3890472089,95130
28208,1436691956,36830
28209,83218267813,27400
28210,49290741506,10260
28211,2167732122,76170
28212,21256246165,21800
28213,930526162,58340
28214,33454510396,26210
28215,1241306162,77200
28216,144199040,44900
28217,97161135608,29450
28218,138109706,44780
28219,5082557683,32470
28220,90359165,44280
28221,10093236863,19400
28222,54017203707,18450
28223,1483752476,49000
28224,31172644375,16950
28225,1782167693,50910
28226,2610749738,34800
28227,45231475671,16560
28228,131493936,40240
28229,16649303622,20170
28230,14037398643,14500
28231,102652088337,98280
28232,30638124834,184120
28233,12660304592,14100
28234,52492706153,12810
28235,87687507498,17370
28236,484409014,39860
28237,11253340546,31780
28238,62653790007,26130
28239,434613057,36160
28240,1287964189,63270
28241,115306295340,25020
28242,623343541,41010
28243,907107768,67450
28244,26676025512,14700
28245,2900781512,51510
28246,1221105049,86390
28247,43897044541,23160
28248,4897782541,31560
28249,70417002287,100780
28250,33036051309,25960
28251,42086966196,21550
28252,1656789849,72780
28253,58909798910,22370
28254,31991224480,27270
28255,1050007474,88700
28256,18781364593,22500
28257,638235790,57100
28258,117287800870,24370
28259,2513185912,89060
28260,3101070688,67980
28261,492504328,43480
28262,95523985838,120300
28263,7602017647,32410
28264,52553557444,96300
28265,2375533066,89340
28266,72189263017,15720
28267,90594113232,11290
28268,822351231,53170
28269,64307640,47530
28270,18781364593,22500
28271,37345174129,19470
28272,527175044,52500
28273,125700024395,108040
28274,1049140050,50300
28275,56335760220,29750
28276,3196752813,93800
28277,20164471771,17150
28278,1657108672,59920
28279,2657566758,67750
28280,1187118243,36550
28281,3570291056,87680
28282,32942908226,16300
28283,10518519263,262740
28284,16656548476,17500
28285,2339176567,51740
28286,1864735679,62880
28287,1574321621,75950
28288,6273023629,63870
28289,117675939769,103030
28290,36118879660,26140
28291,19621303841,19800
28292,21319622040,18000
28293,55484554170,23290
28294,2124325339,64070
28295,51935406492,14110
28296,1645557202,78380
28297,1497209613,895370
28298,26614884467,16800
28299,28089660686,15900
28300,36554885532,25900
28301,2783824424,77930
28302,572206676,40600
28303,31760018623,13100
28304,2313591278,33800
28305,382563038,38040
28306,99554112616,108810
28307,1665572164,79240
28308,549604735,45920
28309,158580372,43300
28310,81454223,43780
28311,1932846252,48650
28312,13074074288,19580
28313,28575728644,21860
28314,24707988149,13900
28315,36372739840,19960
28316,293536985,46060
28317,50787716016,28220
28318,1952880808,72270
28319,5100060063,81010
28320,1208372127,49310
28321,810620225,73720
28322,105888030,46450
28323,35235920,47200
28324,1782012750,53650
28325,51671452648,28540
28326,17317254802,14850
28327,83842384078,24040
28328,16425153791,30350
28329,1726357977,67760
28330,11835720014,31850
28331,34826781636,18040
28332,1291242155,55500
28333,2409580577,449300
28334,57538257616,25230
28335,3680650113,34600
28336,28229514027,18550
28337,1187118243,36550
28338,1610234638,464260
28339,1036412218,62140
28340,52177829725,15080
28341,1327764075,80540
28342,1720057529,35920
28343,25096732549,206350
28344,11253340546,31780
28345,18305845572,17240
28346,27391134488,28200
28347,2547789246,36530
28348,3262702814,34420
28349,27402271562,23800
28350,1207611541,54140
28351,58789430977,17450
28352,15878150283,15950
28353,29933131070,24860
28354,309535285,46490
28355,2398422053,84700
28356,2284764826,76510
28357,68462789943,151560
28358,110619096490,24430
28359,1115218982,53520
28360,89868053282,96990
28361,2430546523,72500
28362,23964761158,15840
28363,2060764608,34910
28364,1491645082,36880
28365,104305787211,14420
28366,3109143947,32240
28367,116983325494,28870
28368,2011479233,55090
28369,6704027691,33630
28370,6228677663,57050
28371,1938098193,53340
28372,2665602205,65560
28373,2039055115,93360
28374,4274753450,32720
28375,46745158604,24820
28376,102049838113,20030
28377,36554885532,25900
28378,128704968,42570
28379,78202753357,16160
28380,47615883511,27100
28381,271327756,43960
28382,15256087012,10300
28383,1121868249,61570
28384,1295198668,64080
28385,4595355217,61790
28386,598331337,37500
28387,1007587212,47820
28388,1350557583,70780
28389,22887395746,19600
28390,11544330483,18820
28391,3854371096,32140
28392,552835291,40450
28393,1058786959,56690
28394,13167973529,24640
28395,20633379777,31360
28396,30859014812,23560
28397,52057806061,19820
28398,4775106304,33400
28399,1467749550,67040
28400,30960317809,18900
28401,208686901,44760
28402,2452004275,48240
28403,5018057530,85960
28404,1816470159,50350
28405,226757883,44570
28406,60327809007,28650
28407,98412530667,30370
28408,35618083107,15260
28409,21343667691,12880
28410,1327954837,56430
28411,44984558600,12640
28412,3146545076,35730
28413,62721023855,30210
28414,26441271661,26250
28415,61417638181,147610
28416,15016173997,20700
28417,1850420346,86540
28418,2181904904,79560
28419,62337635512,12950
28420,33104231917,10680
28421,35344470911,16750
28422,114137294670,129820
28423,2503806912,72840
28424,46303638989,30610
28425,6605409452,32170
28426,40715249564,21780
28427,18646345859,20000
28428,15348844245,17480
28429,17352688335,13240
28430,225970779,47730
28431,1258414495,58160
28432,58091400410,14280
28433,3984230615,49190
28434,190426979,39620
28435,6062647024,32050
28436,2369291137,89160
28437,993384713,36400
28438,1591020765,51320
28439,62932571145,10500
28440,1744453739,39220
28441,18102980032,14800
28442,42568519534,26190
28443,2381508863,34750
28444,22875006614,30060
28445,1631738995,1000000
28446,129881612290,30690
28447,223499994,39000
28448,2180976166,73670
28449,27475232553,20550
28450,14026117379,32090
28451,3099165901,63800
28452,96183231348,13510
28453,57107389399,27280
28454,332591425,40480
28455,11103474308,31960
28456,1880573369,61820
28457,121301197964,120080
28458,59332713416,116890
28459,52706040060,28610
28460,1316543277,63640
28461,16555497187,13680
28462,853388529,53740
28463,735503252,37380
28464,54813969200,15320
28465,34202441186,22400
28466,2032280762,77520
28467,222382913,38600
28468,8615371071,277790
28469,1186908578,48110
28470,45964665779,24090
28471,60991101392,13310
28472,22738853349,10080
28473,30412907126,18640
28474,52792210900,15660
28475,1292195890,92750
28476,31229562343,30500
28477,33104231917,10680
28478,1444506076,95240
28479,181593982788,10920
28480,696047387,46550
28481,15473409066,30810
28482,45403635847,105940
28483,5365139241,77030
28484,12660304592,14100
28485,11559347838,24300
28486,50197576655,22190
28487,26799977040,21720
28488,511590081,40440
28489,54801139311,30420
28490,68186973,41320
28491,1954227484,48850
28492,48106561534,17680
28493,23493083807,18950
28494,100553487,42580
28495,1631738995,1000000
28496,64890665743,26240
28497,52838154,46520
28498,138963756,39500
28499,1818227392,33820
28500,55368028674,146320
28501,433963396,45950
28502,1749761234,69560
28503,33164507023,26260
28504,46991134952,16770
28505,1094598894,65100
28506,112691330545,10960
28507,18803265229,14600
28508,238836015079,30010
28509,92056534243,100560
28510,171376051,44500
28511,1057210236,67510
28512,3526843493,71720
28513,4913375418,79440
28514,51480690814,19920
28515,70701176903,131800
28516,11702591275,20800
28517,2223560274,50440
28518,102475692965,28530
28519,80104964039,29280
28520,36345144089,13520
28521,33454510396,26210
28522,62923519,46140
28523,35668694476,15120
28524,21631552444,26750
28525,5102360518,85890
28526,912065926,87630
28527,1025832586,51430
28528,36224244366,24440
28529,2138675727,52090
28530,603592919,56420
28531,33181671837,27110
28532,97563933307,28350
28533,396238468,38760
28534,718375719,39360
28535,256513486,47340
28536,431000365,45500
28537,4753652596,89680
28538,162862396807,29690
28539,1307570941,52050
28540,418907708,39020
28541,15484020783,13300
28542,78785341694,27090
28543,31694191897,25560
28544,538524587,80600
28545,22638781700,12580
28546,1599087121,94250
28547,864353070,55510
28548,2364710440,58400
28549,11835160642,32860
28550,1033577746,36040
28551,2289047884,83800
28552,150764185261,29500
28553,34202441186,22400
28554,20113483905,31210
28555,319448670,47040
28556,2362501811,34960
28557,770505462,38840
28558,20763867777,19750
28559,1492066379,51250
28560,3941429135,53380
28561,109885904996,28640
28562,58458830799,23260
28563,1804325772,62890
28564,1509546820,37330
28565,85469438992,29060
28566,91385771650,23180
28567,145679629,43500
28568,342328213,42180
28569,15269062707,11500
28570,1634610713,65980
28571,10460628957,25000
28572,2060797254,48770
28573,26416815952,21300
28574,1470313716,88660
28575,35846434103,12550
28576,5295451835,66790
28577,1511961303,48200
28578,439751259,46130
28579,78074623714,16220
28580,1146941319,76120
28581,56983614473,129600
28582,955770223,63750
28583,146971659316,118570
28584,441296639,38190
28585,71676708523,26390
28586,4594171225,89860
28587,5712553530,32070
28588,54561378707,25910
28589,432858644,37750
28590,2566192819,76690
28591,2313591278,33800
28592,16671615759,17000
28593,1359086769,48600
28594,12669680225,31770
28595,52295047194,24020
28596,58185294563,26050
28597,1439377471,964990
28598,943821303,91750
28599,8746143840,15800
28600,47177858185,14250
28601,43865790894,19280
28602,30115678114,18480
28603,6446853625,31620
28604,34197580549,15200
28605,932425658,38850
28606,197607675,41830
28607,48106561534,17680
28608,2941056643,61160
28609,1553880175,35150
28610,1466703436,57400
28611,1506403118,48040
28612,1057631781,95360
28613,104348526441,14430
28614,1457114680,59860
28615,45604534209,175660
28616,2366266600,70800
28617,28694947024,27200
28618,40855257342,21360
28619,47099151682,118770
28620,29634990721,24500
28621,572457435,37700
28622,47095388432,21080
28623,62923519,46140
28624,281412318,45670
28625,1480991162,81520
28626,1119759959,72900
28627,60531517329,154530
28628,1782012750,53650
28629,6536029761,12400
28630,13618910578,19900
28631,871600480,51550
28632,47177858185,14250
28633,223499994,39000
28634,16471274664,16700
28635,199430731,41480
28636,65321368387,28550
28637,1437069646,67740
28638,767671799,40990
28639,115329302,46240
28640,57050127055,16050
28641,265068977,38790
28642,2199078024,37230
28643,34531291994,140540
28644,28809671951,15600
28645,14490409743,25480
28646,49496830942,19070
28647,227726680,39710
28648,38722239880,25800
28649,51349319228,27490
28650,36811050346,18850
28651,15212996425,14000
28652,17358837590,27480
28653,62050792018,17220
28654,98056849165,17130
28655,32664879670,23620
28656,37717196238,21760
28657,577366034,39390
28658,35668694476,15120
28659,180382209925,99320
28660,113004047,45490
28661,14575236336,11050
28662,86811787279,106850
28663,2179682818,87350
28664,39957048884,18650
28665,60310951953,14630
28666,1917729939,90360
28667,16656548476,17500
28668,84507726573,28500
28669,64898290512,29050
28670,4077505210,31450
28671,59905225582,23170
28672,23328308469,28670
28673,42818496987,22700
28674,1300045689,80710
28675,41085533680,12280
28676,19733236061,17650
28677,539715302,68950
28678,116892276,47100
28679,37477224156,17090
28680,52756244431,16680
28681,46232919356,10930
28682,904772282,63850
28683,66066370,42550
28684,35228575397,11380
28685,3702717688,90280
28686,1367128860,57970
28687,20728975020,28620
28688,2375533066,89340
28689,120628644324,119360
28690,3833272344,78720
28691,58751333326,132840
28692,625715610,41970
28693,8680989916,289360
28694,1291242155,55500
28695,1639271598,589380
28696,862465548,53600
28697,121163086706,11690
28698,58746803704,100880
28699,6035310102,31380
28700,44984558600,12640
28701,73802628198,27170
28702,11094753535,31000
28703,402845661,37260
28704,1140785990,35560
28705,5130609805,30750
28706,58789430977,17450
28707,391776302,40340
28708,5001647520,58350
28709,8540532486,32360
28710,5640221134,34280
28711,63480429815,16670
28712,27391134488,28200
28713,2104614983,36620
28714,25259689223,24780
28715,143183014,47550
28716,297852860,37400
28717,3656534875,88400
28718,1106750120,53810
28719,1656347348,39470
28720,127068667461,122460
28721,78202753357,16160
28722,72492362430,147690
28723,103496654,45240
28724,64189111235,11490
28725,9917822452,32280
28726,43889914018,184030
28727,41111666437,20870
28728,969633129,65050
28729,87851007311,26620
28730,45942275295,13950
28731,26583099214,26300
28732,42818496987,22700
28733,48516137369,23060
28734,1921707513,35080
28735,423769892,40510
28736,3761016911,34680
28737,49275798206,21420
28738,107233040871,110640
28739,7171896670,18400
28740,12660304592,14100
28741,303902126,47080
28742,2296085998,36410
28743,31272637609,23520
28744,39248731306,165510
28745,2666858451,75920
28746,3596836404,67280
28747,59727396766,22140
28748,46578377715,30650
28749,1405592789,35140
28750,66860808852,18760
28751,80432649,40080
28752,3318749115,80410
28753,1346057886,81450
28754,2302764090,51850
28755,34468336823,15010
28756,65589543783,11550
28757,97236810,44950
28758,47385819368,22260
28759,1859526782,33480
28760,57806500123,24550
28761,75333812626,15190
28762,41501229438,23000
28763,35071733965,30250
28764,2256936591,88690
28765,1741720458,51530
28766,3349677614,91210
28767,1878170342,35870
28768,45629561310,20340
28769,1654533033,54690
28770,62170856452,137070
28771,57190487018,117800
28772,53840856249,19440
28773,1620255713,839360
28774,47009277410,101110
28775,34174865717,27510
28776,66990287346,18160
28777,242753741,45630
28778,44394028370,14910
28779,69112026655,23070
28780,10460628957,25000
28781,14913710173,32310
28782,671797868,36790
28783,3631260396,70660
28784,912193339,51440
28785,2500592101,55170
28786,4185505853,92880
28787,304525348,42850
28788,49031173362,27310
28789,9966939481,21600
28790,1964050833,59560
28791,114223554972,29180
28792,25132530789,22360
28793,1250102507,56660
28794,66125948926,146070
28795,2007497800,60250
28796,24252413441,20200
28797,254226091528,29580
28798,94945672856,13670
28799,59591093401,25820
28800,126085016135,106880
28801,49950318601,26950
28802,1697210166,35810
28803,278812313796,11090
28804,133016869992,13490
28805,31486465263,200750
28806,1650163375,57780
28807,640002084,39680
28808,88743410076,104250
28809,41442873078,21580
28810,2275150254,67990
28811,1683689068,68540
28812,975246955,55210
28813,6497365784,10750
28814,2451133627,62710
28815,2022930686,73590
28816,1356208616,55610
28817,1090224046,48410
28818,43194945133,12780
28819,15096223682,26090
28820,119270427227,28890
28821,68328630085,101840
28822,107655851635,13860
28823,3120927440,93900
28824,817050770,47880
28825,1323663407,69540
28826,89637957998,29330
28827,1506403118,48040
28828,49496830942,19070
28829,2172945808,76720
28830,13749746627,18260
28831,42448808126,17490
28832,99955399,46730
28833,342840009,46480
28834,1375493635,55710
28835,386703694,36200
28836,32593402267,22350
28837,514580279,38650
28838,2916597756,33340
28839,2469236612,79380
28840,187921970594,98140
28841,10753109148,22060
28842,14219690356,15630
28843,11944582782,13150
28844,4679076340,74040
28845,77436493017,129420
28846,35427407247,12100
28847,86244791469,114500
28848,239227393,43550
28849,2610749738,34800
28850,298788004,42040
28851,61699279243,11480
28852,500180676,38930
28853,440846499,44130
28854,18791756845,32320
28855,30084375971,25250
28856,2001829084,54680
28857,1144048438,48250
28858,43333005421,22210
28859,32388838219,179650
28860,4865930758,59010
28861,1093004842,35480
28862,27520353423,30520
28863,87303305259,14510
28864,1445683913,52780
28865,309260537,41100
28866,1372462473,70120
28867,21588729272,30600
28868,2584122018,77010
28869,66182785335,11560
28870,1040966627,78680
28871,30719654234,22320
28872,2178783042,65800
28873,1522612028,68760
28874,1549716376,37440
28875,44309838449,104760
28876,46456245822,26780
28877,14854935840,26000
28878,209394288066,12930
28879,24826996500,31020
28880,23122731626,31260
28881,26011446033,28380
28882,31265914644,11600
28883,1277424386,54610
28884,30412907126,18640
28885,51924449833,18080
28886,30661738016,19650
28887,13519111647,21740
28888,37535518720,10060
28889,833669750,80700
28890,11612366711,22590
28891,1631738995,1000000
28892,35927370258,16140
28893,1100532596,37480
28894,24665681208,17100
28895,1105515882,40370
28896,27825526306,17900
28897,29634990721,24500
28898,9617972623,20540
28899,1631738995,1000000
28900,51633815393,23030
28901,209832905146,29740
28902,292294986,40770
28903,98441128606,140510
28904,46745158604,24820
28905,922757198,67500
28906,1208372127,49310
28907,56663813217,20660
28908,1801838220,69900
28909,2847053117,66410
28910,121967888411,133470
28911,434613057,36160
28912,133205632799,104980
28913,52492706153,12810
28914,53409349832,10100
28915,671797868,36790
28916,1641305649,49560
28917,1161709330,56860
28918,40172087827,145980
28919,58339597241,27220
28920,71741480937,26110
28921,67869473195,22730
28922,156621567470,100530
28923,12065719687,242850
28924,1400204117,94350
28925,1921707513,35080
28926,43246930526,160570
28927,41111666437,20870
28928,3811513343,34930
28929,597192409,38260
28930,1775269617,50620
28931,46175117175,122080
28932,42141940792,21520
28933,42857675189,149440
28934,68515280690,20930
28935,62512720215,113380
28936,64433705350,11280
28937,90359165,44280
28938,62517854534,20150
28939,3001964930,62650
28940,131493936,40240
28941,5712553530,32070
28942,135439121417,21190
28943,72566402099,28030
28944,28791790924,31830
28945,1506403118,48040
28946,1422304280,83360
28947,374047654,41930
28948,1992008370,35320
28949,25495518647,19860
28950,1925385166,68930
28951,103632938719,17990
28952,28239510390,25450
28953,1232711558,659160
28954,33839203965,26500
28955,13783665495,31430
28956,76048184635,125490
28957,12242582677,33710
28958,71275229269,22440
28959,64387235118,22490
28960,14073065206,23250
28961,46456245822,26780
28962,1218589847,66880
28963,53126990322,21460
28964,75484254726,26310
28965,1465852201,77900
28966,1246571561,62330
28967,5173542214,34540
28968,30195269319,25280
28969,77431310011,29980
28970,29092594232,112260
28971,6735664401,32260
28972,138109706,44780
28973,119427252026,29260
28974,912065926,87630
28975,576198569,36810
28976,2406960440,84790
28977,832985005,54370
28978,43271837939,21480
28979,3783970305,34760
28980,627364668,38090
28981,43501996949,24530
28982,24846613522,18800
28983,56890745277,19530
28984,15824340416,31220
28985,2613981657,72740
28986,3495351455,79880
28987,31229562343,30500
28988,56618718920,27680
28989,83219449699,16740
28990,1771178308,34530
28991,1665837218,36020
28992,83034952776,105630
28993,30081491997,17620
28994,84592707,47400
28995,97535738059,29020
28996,742150344,62690
28997,1932898700,70620
28998,3430458143,35400
28999,6377380700,22300
29000,5458998769,33310
29001,713115969,38460
29002,172769859,41720
29003,3339688532,35240
29004,153386643,43420
29005,19048350386,32000
29006,1224811946,56380
29007,855279357,57200
29008,119569756,46360
29009,2790339360,72710
29010,1129902148,37890
29011,1119569481,58450
29012,63975877,45460
29013,18791756845,32320
29014,1226277430,55800
29015,20214540506,24190
29016,1868882546,86220
29017,7163533745,33380
29018,40014509671,11890
29019,1558267474,77090
29020,40774808139,140200
29021,38969729298,14930
29022,62611392606,20370
29023,1251253237,55060
29024,969633129,65050
29025,644773534,68100
29026,4151355224,64660
29027,14203848435,13040
29028,624135090,55180
29029,2083888809,48360
29030,66129756375,12350
29031,1503197883,70520
29032,27485259660,29160
29033,1352430588,54070
29034,152755670865,110480
29035,724963256,48950
29036,20047359759,28400
29037,14983675041,32330
29038,2813222283,33950
29039,27417826976,30830
29040,1949046203,50930
29041,49567566189,23910
29042,15139950852,12000
29043,9073676657,24880
29044,382417194,39300
29045,27402271562,23800
29046,3326394597,34360
29047,5438715240,34720
29048,99567606040,14220
29049,48477139296,12460
29050,216522743,46040
29051,93847467140,140270
29052,14253139298,23980
29053,1169995751,36250
29054,366529462,46960
29055,71478933046,153610
29056,215237797,45580
29057,2703839543,50600
29058,326020670,40350
29059,3244327025,35610
29060,1631738995,1000000
29061,127327248996,18490
29062,1470172253,72580
29063,1804325772,62890
29064,30489634111,164300
29065,119427252026,29260
29066,1492066379,51250
29067,225970779,47730
29068,1578830736,78480
29069,1640081574,51230
29070,67901394616,14260
29071,153386643,43420
29072,36284838931,119640
29073,69145477863,146140
29074,56792157328,13580
29075,8957017868,259430
29076,11025691108,31410
29077,55474904428,12850
29078,21288505553,14520
29079,43988405080,18250
29080,13597838470,21400
29081,64908345929,30220
29082,43757809,46000
29083,37345174129,19470
29084,253504880,42910
29085,1494049925,54060
29086,305098364,44610
29087,873159096,40730
29088,30051984842,15460
29089,33535152814,30330
29090,2374685557,54390
29091,20209723738,17710
29092,21708211240,24810
29093,1705685294,61550
29094,18803265229,14600
29095,38137425611,30680
29096,57343371692,23420
29097,25253714483,23240
29098,36811050346,18850
29099,936959939,76770
29100,1256951558,51540
29101,2045022444,57280
29102,14037398643,14500
29103,1008260659,51680
29104,162604994604,15680
29105,62824168591,20180
29106,37423098053,20980
29107,5920367305,33720
29108,786157991,62400
29109,11846576564,12700
29110,8975344370,49660
29111,1122869479,79250
29112,187028599415,22910
29113,36811050346,18850
29114,80682000068,117870
29115,1705178955,49880
29116,7720832534,17790
29117,34721363845,26020
29118,137396957,41140
29119,9666645468,20920
29120,20047359759,28400
29121,4288323206,72180
29122,36498411058,31440
29123,214509163012,29710
29124,12579447919,19550
29125,49489469370,16440
29126,15706772192,17250
29127,27946580149,18090
29128,40509875064,19090
29129,79538582308,161740
29130,84875575194,16870
29131,6245579100,34380
29132,16045577416,16000
29133,3999006060,36430
29134,11944582782,13150
29135,1655060651,34940
29136,2676670566,33890
29137,11322932870,14040
29138,696359794,87320
29139,2192809826,33420
29140,47590817538,15700
29141,1243988128,49620
29142,1811559032,68040
29143,214510322,38400
29144,169982122,45700
29145,9505263951,32590
29146,15212996425,14000
29147,21817176627,19120
29148,28535155489,17700
29149,49532693812,13560
29150,3013097861,36780
29151,26290561592,28600
29152,9246399911,33430
29153,35135094277,206130
29154,109885904996,28640
29155,98412530667,30370
29156,1240499468,51650
29157,796762246,70110
29158,16371576203,26900
29159,83052142214,11680
29160,271327756,43960
29161,585470461,56990
29162,59905225582,23170
29163,64674009756,18780
29164,52553557444,96300
29165,1024898409,37180
29166,24848887610,27920
29167,2428040434,48450
29168,57190487018,117800
29169,80547999181,21390
29170,187315199,45090
29171,1450945752,50880
29172,3680650113,34600
29173,64890665743,26240
29174,874300007,37570
29175,1920489781,32600
29176,60650416742,16360
29177,47005371111,18420
29178,1551456472,63510
29179,67775177393,149050
29180,1631738995,1000000
29181,1631738995,1000000
29182,11214989092,22980
29183,50684659701,25410
29184,213452483,44080
29185,30867560925,31390
29186,310467925,46230
29187,1631738995,1000000
29188,1894276412,405690
29189,177579152598,106360
29190,4504775868,34640
29191,1924310801,67420
29192,2111982147,84950
29193,89678940388,123310
29194,468477751,44960
29195,78518605,42990
29196,13851673776,19200
29197,1005483587,70330
29198,12669680225,31770
29199,1654488397,49270
29200,1115218982,53520
29201,23551713681,13880
29202,2643836675,68730
29203,28694947024,27200
29204,12529394805,34560
29205,64532778744,28590
29206,2344159088,33700
29207,1233846852,78350
29208,481329814785,29630
29209,1205040522,77470
29210,87930334985,11160
29211,7171896670,18400
29212,55987971004,15160
29213,1065675279,68470
29214,19166847708,16480
29215,53443551626,23660
29216,26583099214,26300
29217,116391788470,23990
29218,21790335268,30340
29219,72486092345,19490
29220,1474365801,63330
29221,598151154,63040
29222,101795187729,121410
29223,39915727804,10040
29224,833556389,39160
29225,23211945639,26450
29226,99955399,46730
29227,427705843,45040
29228,55183628089,21870
29229,691147981,36540
29230,498149660,40810
29231,3196093679,33850
29232,152756057,46300
29233,49381445260,23550
29234,78950420165,26940
29235,197152104,40300
29236,1175518397,55000
29237,17872142543,14300
29238,5122793516,75900
29239,142307927970,105890
29240,35154212207,19100
29241,77456105260,155900
29242,637003518,56340
29243,92054192346,26710
29244,179096805,45140
29245,57545934402,24790
29246,164420689435,100480
29247,2383015478,60330
29248,207230984,39180
29249,6847361817,24080
29250,69112026655,23070
29251,1195103775,61560
29252,14488576352,30970
29253,17040484266,23950
29254,564183957,38700
29255,8746143840,15800
29256,37103997546,12720
29257,47587072634,16460
29258,37076423390,25550
29259,49989577,44660
29260,407722534,40120
29261,22851451315,30700
29262,47852194578,102850
29263,219808637,45750
29264,124212322538,15730
29265,11846576564,12700
29266,73086990904,18190
29267,2247196682,54090
29268,3109143947,32240
29269,41334335293,25600
29270,18305845572,17240
29271,39957048884,18650
29272,73289477586,111070
29273,153421782872,109950
29274,342328213,42180
29275,31689794583,28050
29276,1741446864,70730
29277,13077299177,15620
29278,635129153,92190
29279,34229453564,21040
29280,1377465902,82880
29281,45629561310,20340
29282,1014087521,37360
29283,1305526926,69870
29284,1012483522,34000
29285,110998318,40800
29286,958549335,50990
29287,10777764971,11400
29288,2122574114,84550
29289,134360779664,29430
29290,7171896670,18400
29291,37291167699,22080
29292,101819074353,29870
29293,2641373586,48900
29294,16649303622,20170
29295,1338280096,71730
29296,32416660137,30770
29297,105820796759,20910
29298,1808092787,52590
29299,47837331353,101070
29300,99965808380,119230
29301,167306967246,29480
29302,59119266873,27120
29303,42141940792,21520
29304,71301481204,114390
29305,53467110784,19410
29306,89773116943,28080
29307,1550593991,33590
29308,31229562343,30500
29309,1176188979,63600
29310,21924780750,21010
29311,30860554806,10400
29312,883120780,51860
29313,41294672559,24540
29314,115258935619,17890
29315,40498004790,24590
29316,1188872627,37830
29317,28382266408,21540
29318,13077299177,15620
29319,65541575233,20210
29320,158580372,43300
29321,90371233650,27990
29322,705716521,84600
29323,1061897496,55450
29324,28286652085,17040
29325,2007497800,60250
29326,17577069175,13760
29327,2436592225,61530
29328,173698793352,104990
29329,57830692120,169320
29330,1436512900,80300
29331,12956944537,16200
29332,107064839826,114540
29333,768322602,37090
29334,15635220941,25060
29335,4145880841,37390
29336,45624891976,11540
29337,91556315041,24770
29338,122132101,41760
29339,144954599251,113490
29340,11663075335,10800
29341,68788084373,24940
29342,873411038,58800
29343,37809039347,17750
29344,3016756408,58750
29345,5357496222,86730
29346,1620287138,73560
29347,128408980075,27430
29348,1178532743,63970
29349,22887395746,19600
29350,1869726327,36890
29351,372969483,41580
29352,5130609805,30750
29353,881194508,92560
29354,53172929564,22820
29355,77624682613,133500
29356,14119890972,32750
29357,18781364593,22500
29358,57545934402,24790
29359,42486529686,26920
29360,32942908226,16300
29361,804019452,40620
29362,62157265372,14150
29363,13519111647,21740
29364,106009260,46700
29365,11202247979,32380
29366,820041598,66100
29367,33518149284,12080
29368,1908135987,776520
29369,1871668393,48800
29370,60585077113,30480
29371,81454223,43780
29372,333246718,44490
29373,84710804,42690
29374,32830187687,27900
29375,26224264781,12300
29376,1884776736,72980
29377,26692492132,28150
29378,33454510396,26210
29379,2499306744,73490
29380,388585460,42620
29381,119427252026,29260
29382,23136038329,13440
29383,25275200839,17350
29384,21770253570,14160
29385,411328572,77600
29386,4152824054,49080
29387,1140245137,67380
29388,25260575034,24170
29389,103073416038,13430
29390,40731906665,23960
29391,8746143840,15800
29392,31272637609,23520
29393,10805296946,32520
29394,1704457285,48740
29395,1332675446,76080
29396,2814215203,61990
29397,16253970402,30760
29398,2418348882,54100
29399,17500395948,24800
29400,872431084,55050
29401,1074374723,51270
29402,47495969857,25320
29403,41132067628,27300
29404,1122246522,59020
29405,2404243905,414980
29406,39709193489,18920
29407,1754677641,36960
29408,402826796,44550
29409,1876560773,80640
29410,1100974467,91700
29411,34785681833,20740
29412,11544330483,18820
29413,329709884,39340
29414,179081664,41780
29415,62234736374,15990
29416,25950007188,23900
29417,1228693326,791460
29418,14219690356,15630
29419,2789537368,371110
29420,35344470911,16750
29421,5016859119,68120
29422,15241819764,13200
29423,47095388432,21080
29424,19876439793,30100
29425,64324404296,17640
29426,3835327757,93090
29427,92054192346,26710
29428,1777108688,57020
29429,906877153,52140
29430,3596905442,94480
29431,12460692893,24920
29432,44160343987,11900
29433,169631376,41300
29434,2583665577,48470
29435,1627125829,48920
29436,1276226649,66200
29437,45276330903,16450
29438,346671016,42160
29439,1886825083,84640
29440,906877153,52140
29441,1153810921,40780
29442,1433115079,48790
29443,27946580149,18090
29444,66860808852,18760
29445,132612338,39070
29446,47265253812,181620
29447,2557427042,32480
29448,345934961,41190
29449,2742390603,32900
29450,171950718,43200
29451,462618438,41870
29452,16621932651,17300
29453,1134602187,63910
29454,74593825278,117950
29455,28532854762,20320
29456,144276376,46680
29457,11559053251,24340
29458,1526709645,41120
29459,41232187427,160270
29460,27402271562,23800
29461,72701688509,20130
29462,931927472,69770
29463,22741097466,12680
29464,2154281118,83570
29465,128963485652,96040
29466,1020154320,56000
29467,11202247979,32380
29468,112941358856,18970
29469,254226091528,29580
29470,3642411507,35640
29471,1169292245,36180
29472,81704694312,158710
29473,1135494895,82860
29474,103956192075,13230
29475,101715494677,103670
29476,995275634,60400
29477,134439735,43930
29478,14789513945,19790
29479,43031454682,12840
29480,28452409701,11650
29481,858940869,86750
29482,873159096,40730
29483,19876439793,30100
29484,41220535222,199840
29485,28229514027,18550
29486,55378221550,27380
29487,30859014812,23560
29488,1789565260,404970
29489,46991134952,16770
29490,75278523506,24070
29491,46416427689,22600
29492,3406584300,34520
29493,551646088,45110
29494,97161135608,29450
29495,35809846307,25120
29496,65746209350,122000
29497,824644192,57080
29498,61073622396,23340
29499,3357063923,336050
29500,3109132994,33330
29501,46756497319,22930
29502,34540471920,26480
29503,31718287740,20520
29504,957778084,35650
29505,106113849,45910
29506,17760313786,23320
29507,545728003,39120
29508,95286021000,30150
29509,51245873680,20640
29510,278624276,41060
29511,1173132761,67880
29512,1468866210,77120
29513,8903345832,18180
29514,16956918425,12250
29515,15016173997,20700
29516,25950007188,23900
29517,560550319,35750
29518,58102029390,145600
29519,4141472938,66720
29520,1990829204,50520
29521,2189514565,63010
29522,126159770,40560
29523,4696451550,94750
29524,3262702814,34420
29525,1182004024,59540
29526,3578464701,32160
29527,1766453796,47800
29528,2501040877,53660
29529,119819066,47500
29530,28535155489,17700
29531,27530071116,17550
29532,19558299507,14880
29533,21018328003,25940
29534,59083013007,13140
29535,10777764971,11400
29536,44771031966,30550
29537,40107433283,15040
29538,173531469778,16330
29539,1527602325,75040
29540,8265317495,32430
29541,15075237399,20500
29542,56792157328,13580
29543,119270427227,28890
29544,20320941848,217350
29545,536173429,38050
29546,155500196050,109650
29547,1123631499,64400
29548,73838320521,20630
29549,1442756139,53460
29550,44415337667,28260
29551,168179807,43760
29552,19820949925,25090
29553,22738853349,10080
29554,67069395640,21490
29555,93181636467,28880
29556,28532854762,20320
29557,35681395866,25400
29558,64908345929,30220
29559,572457435,37700
29560,32830187687,27900
29561,16250883444,22340
29562,13378711542,12600
29563,883575286,47950
29564,538782591,61650
29565,1914391007,68620
29566,52599772146,27960
29567,2742390603,32900
29568,26411647433,18320
29569,433963396,45950
29570,713115969,38460
29571,2191721763,48310
29572,1923072787,90980
29573,6968645360,13500
29574,4408367746,87200
29575,49275798206,21420
29576,2778193085,66390
29577,107323519,43080
29578,110166808877,28970
29579,54601378629,176270
29580,114223554972,29180
29581,10753109148,22060
29582,865124480,40460
29583,1137413043,66600
29584,32497885421,14680
29585,825445965,37770
29586,18635719324,15100
29587,1641305649,49560
29588,22638781700,12580
29589,2097954495,34160
29590,739327261,74950
29591,105823190763,140380
29592,51671452648,28540
29593,21256246165,21800
29594,328961923,44120
29595,153620242060,11790
29596,12157445989,17800
29597,23652331270,201600
29598,68578517902,103950
29599,5392852585,34060
29600,414655614,39460
29601,736161705,88300
29602,43389576198,18220
29603,33878940733,27930
29604,3578281662,32400
29605,91000137,47770
29606,49381445260,23550
29607,370300963,47180
29608,31889305836,19000
29609,1998175232,54860
29610,19447024870,25860
29611,54583536254,22030
29612,63247325082,25950
29613,65509051809,19760
29614,42086966196,21550
29615,3675680351,32950
29616,3097598273,34650
29617,7257186632,33990
29618,78548899083,16350
29619,27253192711,21820
29620,53840856249,19440
29621,1432567795,49400
29622,88500753266,13420
29623,10588033325,23680
29624,84592707,47400
29625,1914078341,90240
29626,28452409701,11650
29627,5128227214,320840
29628,268295937,39660
29629,49124583227,22610
29630,265068977,38790
29631,69067941716,24120
29632,2579124418,87280
29633,17345764042,32490
29634,6195459173,53090
29635,505595437,39430
29636,23558305492,230240
29637,5712553530,32070
29638,1275919064,54520
29639,19533110212,19500
29640,1392109844,48780
29641,565766155,38310
29642,770721784,51750
29643,17540990784,15030
29644,95159958857,12660
29645,223499994,39000
29646,1559462847,76160
29647,150764185261,29500
29648,2351342404,49430
29649,1025832586,51430
29650,82925456600,24560
29651,1239418180,59180
29652,3696576114,36140
29653,27453873209,26690
29654,15256087012,10300
29655,788953203,36000
29656,158399340549,96240
29657,1597194435,82360
29658,1687138819,37650
29659,1519044141,38950
29660,94118417262,13690
29661,91076597,44150
29662,37345174129,19470
29663,16576179451,31080
29664,788953203,36000
29665,45177524148,19230
29666,125689582734,115710
29667,41442873078,21580
29668,43223920572,27840
29669,21271550925,31650
29670,32635120117,11200
29671,10093236863,19400
29672,87410203984,27050
29673,39005083666,23120
29674,824382934,59410
29675,123726657123,12420
29676,31172644375,16950
29677,43115760993,24410
29678,6847361817,24080
29679,542047140,41910
29680,1769608237,75720
29681,59777246665,172870
29682,3927103398,79770
29683,20312580565,31710
29684,36500486978,17110
29685,19733236061,17650
29686,1803636413,83040
29687,1394830915,52640
29688,187294720636,96930
29689,126729162073,127850
29690,216522743,46040
29691,363929049,36660
29692,98140781662,14550
29693,55410056978,15770
29694,96789736572,28430
29695,83842384078,24040
29696,30537873867,111780
29697,832985005,54370
29698,30195269319,25280
29699,912065926,87630
29700,1918293445,68570
29701,422381531,39320
29702,138772966114,126510
29703,4767138754,92140
29704,4274753450,32720
29705,907034587,50680
29706,803787580,47960
29707,1039009451,91140
29708,1560294603,61860
29709,165211464,40320
29710,25312099205,15110
29711,754354668,88980
29712,745431878,48840
29713,2801434105,91360
29714,5207892040,10600
29715,1224313746,60510
29716,1391917284,71810
29717,54813969200,15320
29718,1869726327,36890
29719,1206555222,51980
29720,36200005581,28240
29721,54387323518,114930
29722,21338612367,16930
29723,3578281662,32400
29724,293811909,43330
29725,60327809007,28650
29726,51876910884,131180
29727,347066566,39550
29728,1704457285,48740
29729,16696015260,30900
29730,15635220941,25060
29731,92025311839,112780
29732,4003083115,35040
29733,1240223226,78870
29734,41713220542,28000
29735,49361607235,19480
29736,34197580549,15200
29737,30870185810,16790
29738,806802254,39920
29739,40310472754,23930
29740,62721023855,30210
29741,45632610231,25040
29742,3719027079,346830
29743,9131255530,17200
29744,3675680351,32950
29745,539701280,36290
29746,516857788,48100
29747,40619608490,19350
29748,1892133731,66010
29749,158580372,43300
29750,3592856505,60720
29751,1932846252,48650
29752,1331660055,80180
29753,992037637,80690
29754,6506593951,294440
29755,71669866242,11880
29756,32942908226,16300
29757,1503643839,47850
29758,1513313968,94260
29759,926335324,50480
29760,27475232553,20550
29761,1265260946,33680
29762,930706624,52700
29763,11944582782,13150
29764,15877656541,24250
29765,10753109148,22060
29766,115422323816,11180
29767,51393903441,19510
29768,1631738995,1000000
29769,2486828120,65690
29770,75351619174,25380
29771,35809846307,25120
29772,9096597453,23940
29773,1631738995,1000000
29774,423769892,40510
29775,9919888708,27740
29776,265825149,43260
29777,1235603703,42600
29778,581538988,68310
29779,1631738995,1000000
29780,78518605,42990
29781,1455862312,35680
29782,2104936267,84520
29783,28089729007,31110
29784,42053547758,24320
29785,101083304,44010
29786,79748411645,28320
29787,723556486,36580
29788,23493083807,18950
29789,3996054023,84470
29790,57635684120,28120
29791,1923072787,90980
29792,17483253829,26420
29793,209394288066,12930
29794,1680360916,72030
29795,1663733353,60060
29796,270644675,43380
29797,110688829102,130920
29798,47066111055,17880
29799,45440822326,30180
29800,22529521432,227400
29801,6740202111,31940
29802,727000833,50150
29803,2091307684,73240
29804,1285963537,94830
29805,1186908578,48110
29806,16090103748,31340
29807,4965475007,56140
29808,121307166177,116800
29809,1054922676,38210
29810,768212974,54700
29811,83884108589,25210
29812,12157445989,17800
29813,11846576564,12700
29814,823961845,59440
29815,1525900791,61320
29816,43580075260,20250
29817,32277474896,18680
29818,81479096,40820
29819,59734376004,15830
29820,118484986,46380
29821,22913369903,22650
29822,3009634323,35350
29823,845600984,66500
29824,58499686560,98780
29825,6546652745,34320
29826,1465232436,539550
29827,13453048540,26040
29828,1631738995,1000000
29829,92049314201,98120
29830,45204939260,10900
29831,941432475,76680
29832,149527371046,29300
29833,1277127650,37540
29834,1461214518,61680
29835,8756257759,286120
29836,1067829889,48750
29837,31646471750,23350
29838,12157445989,17800
29839,68443709094,10280
29840,2001824176,59390
29841,663833715,79420
29842,12579447919,19550
29843,832849063,82600
29844,112939559132,104640
29845,20043163240,13800
29846,2573949522,51930
29847,13705718578,18370
29848,1359086769,48600
29849,1614610746,602540
29850,2430628606,79740
29851,2654796121,65070
29852,1860288289,51310
29853,71589188235,15890
29854,30116808204,14720
29855,23386497913,182400
29856,478526148,41530
29857,824946011,53800
29858,84882333345,155050
29859,1865253164,37030
29860,2599166610,70920
29861,2492528892,64680
29862,203441302587,10630
29863,5921037305,10000
29864,1083807726,61410
29865,68186973,41320
29866,72130978225,128410
29867,1043184003,37840
29868,32593402267,22350
29869,11169498489,31800
29870,22710457019,23010
29871,1472550328,68860
29872,2066243096,55530
29873,1233846852,78350
29874,5011013508,49500
29875,152756057,46300
29876,2663543013,87840
29877,137636890,46210
29878,26441271661,26250
29879,1512488269,79290
29880,1693940630,65400
29881,9096597453,23940
29882,1066595836,80920
29883,3967747311,73780
29884,70703191468,18610
29885,1631738995,1000000
29886,755161576,37340
29887,1305006384,49900
29888,21621514595,21450
29889,2610749738,34800
29890,30284885466,27360
29891,4032549793,68790
29892,1084602473,85440
29893,572754060,73880
29894,25784050372,22000
29895,78026959772,13740
29896,11202247979,32380
29897,95159958857,12660
29898,167530346,40850
29899,21562116980,12320
29900,12175959216,13600
29901,2547380790,35880
29902,1037414594,36600
29903,1120085119,37190
29904,149456262,43090
29905,27283157347,192700
29906,1952880808,72270
29907,6808059764,58980
29908,12395320256,248090
29909,31889305836,19000
29910,18045084374,30440
29911,41729076859,201760
29912,432199265,40360
29913,70348835290,25930
29914,18237556571,214510
29915,1635103902,76480
29916,48989402292,27190
29917,31634145708,23080
29918,23430054225,14950
29919,2902714838,59120
29920,3952138418,95080
29921,111877949386,130320
29922,207431683,41640
29923,61794661422,15550
29924,2309214963,79260
29925,1997116331,47830
29926,1258414495,58160
29927,12199064894,32610
29928,674617499,64330
29929,2390141024,51760
29930,27681409375,27000
29931,1705178955,49880
29932,2518334685,75400
29933,3677979128,33900
29934,24628664082,17600
29935,32939692439,24350
29936,47066111055,17880
29937,31980352960,19540
29938,591837111,52100
29939,964965276,61020
29940,42589667193,20610
29941,28229514027,18550
29942,26381824151,30230
29943,43793091031,181220
29944,27530071116,17550
29945,15209110968,25300
29946,1635103902,76480
29947,1430080786,50250
29948,41132067628,27300
29949,1048774713,61370
29950,24628664082,17600
29951,119857806,43640
29952,92318074912,25220
29953,2423162791,49920
29954,55488647090,17260
29955,65983781497,26570
29956,68916216496,19630
29957,15415977530,15000
29958,17240762104,218180
29959,36488308375,12050
29960,21894588801,23600
29961,250867977,37200
29962,6735664401,32260
29963,18973023210,21200
29964,18032677363,18350
29965,2370155753,72860
29966,8815878163,269280
29967,197607675,41830
29968,121864529812,108690
29969,302270237,41920
29970,91113442,40220
29971,2486828120,65690
29972,2622127703,76970
29973,2027163575,84900
29974,121163086706,11690
29975,215652556,43320
29976,36034555568,165950
29977,123660589574,119830
29978,20483685045,24680
29979,1016731139,84420
29980,21797622356,11800
29981,143801727045,30070
29982,30284885466,27360
29983,14967455121,228570
29984,11944582782,13150
29985,47749067877,14170
29986,163251837,40260
29987,16045577416,16000
29988,530866962,59800
29989,56191503927,24740
29990,9639593844,34610
29991,509600067,39880
29992,49532693812,13560
29993,47295092406,24330
29994,1414529015,70720
29995,44758361049,25170
29996,1063372437,56960
29997,207230984,39180
29998,38722239880,25800
29999,124132070,43940
30000,1065436287,68270
30001,597608919,61620
30002,28694947024,27200
30003,1954292587,53860
30004,3262702814,34420
30005,1525754123,70610
30006,2819962926,377310
30007,696359794,87320
30008,2355047111,92230
30009,586244091,39010
30010,169560332479,102380
30011,3323730232,84850
30012,3378018962,36910
30013,4864762711,32980
30014,1236080881,71740
30015,912003285,82450
30016,665681369,90000
30017,72643908819,12920
30018,1343738326,61130
30019,4223996079,48510
30020,817050770,47880
30021,966607496,36100
30022,15256087012,10300
30023,15212996425,14000
30024,114574405001,15970
30025,4521011669,32840
30026,30688222926,18130
30027,121139061561,121730
30028,1702346741,642200
30029,14253139298,23980
30030,77015262765,164070
30031,151115620726,14790
30032,21490644071,31550
30033,32145998011,111830
30034,51182012863,97650
30035,41851576292,15400
30036,6820214109,304880
30037,383566665,39890
30038,28089660686,15900
30039,80264554741,28460
30040,50892730586,26520
30041,46848216759,15760
30042,526287002,54460
30043,2995638357,61690
30044,36879273869,17140
30045,90099603000,11620
30046,1134814293,63500
30047,101594178411,16980
30048,5921037305,10000
30049,21631552444,26750
30050,19416274791,33190
30051,21509159440,21000
30052,25275200839,17350
30053,63773249173,18360
30054,138448165036,106300
30055,3700330483,75760
30056,3680825679,94530
30057,1963160916,67360
30058,74448321152,151500
30059,109835242568,27570
30060,12529736670,25180
30061,1449785037,79580
30062,71305836184,151600
30063,230526994,46070
30064,129364709843,21830
30065,3729506770,33580
30066,114165168333,12610
30067,302660278,37960
30068,817050770,47880
30069,2134860152,36360
30070,118917630577,21160
30071,48390762993,103910
30072,37531082584,138300
30073,72765563960,13210
30074,2187276473,61040
30075,2625087724,79900
30076,2480739202,55680
30077,163104065,42340
30078,48363238717,16250
30079,57538257616,25230
30080,5295609218,34770
30081,1848303758,88480
30082,46609776660,13720
30083,928505880,59280
30084,2044883336,95050
30085,1927027895,36270
30086,6618928776,31350
30087,25220216931,26530
30088,58037634093,13120
30089,97271947636,111170
30090,13287800402,10460
30091,1919516614,49340
30092,40107433283,15040
30093,10460628957,25000
30094,11578482888,23890
30095,486964866,42090
30096,50892730586,26520
30097,10358530455,16510
30098,36144847948,26840
30099,33631823894,11340
30100,32530626896,30620
30101,30152653742,14940
30102,3948450957,76070
30103,1631738995,1000000
30104,2411718526,89780
30105,5212274845,32640
30106,1417482006,49450
30107,3380747814,90670
30108,71529262800,98340
30109,867797600,81180
30110,21490644071,31550
30111,22710457019,23010
30112,539714944,37680
30113,1992933446,66440
30114,1631738995,1000000
30115,15632682407,13450
30116,1386019329,90420
30117,457485908,41050
30118,3164886897,404440
30119,542291409,38820
30120,165701052390,97380
30121,15256087012,10300
30122,39814103731,30630
30123,18245872058,25530
30124,848831306,87130
30125,113635569591,28780
30126,2012350411,55900
30127,105929741,41000
30128,1038229736,880810
30129,1937797597,93590
30130,107363580974,102450
30131,4510445055,82800
30132,132797188,42250
30133,768212974,54700
30134,171950718,43200
30135,98361755870,28680
30136,2899379297,65860
30137,30226971708,27790
30138,55410056978,15770
30139,14134858373,22310
30140,158580372,43300
30141,168906101844,108680
30142,135398491501,128580
30143,4093727172,34290
30144,45177524148,19230
30145,18102980032,14800
30146,750345998,54270
30147,38782961621,15440
30148,35796070103,23270
30149,30709358619,17510
30150,67044432616,13030
30151,2192809826,33420
30152,3783970305,34760
30153,1190801289,58080
30154,31634145708,23080
30155,1218589847,66880
30156,9075253256,32800
30157,22887395746,19600
30158,1037381923,62740
30159,2082921036,58040
30160,26285418960,31200
30161,1547878401,91200
30162,11079252227,264800
30163,338272219,40690
30164,10021897467,23200
30165,75455562305,17060
30166,52755534935,138060
30167,16371576203,26900
30168,1959422397,48080
30169,77358320092,25870
30170,1434711010,52740
30171,13851673776,19200
30172,177705856207,11020
30173,345818912,47390
30174,213452483,44080
30175,55869935956,12330
30176,1135227918,94900
30177,986348817,34390
30178,28535155489,17700
30179,136056503065,22690
30180,78132681,43520
30181,83342142687,18630
30182,273763257255,29360
30183,26852757475,15650
30184,24362149542,24150
30185,159793980,46900
30186,1281882406,48980
30187,138125506183,123070
30188,175181366,47320
30189,55456818348,19970
30190,11612366711,22590
30191,52037401887,22120
30192,266220337,41470
30193,827846679,58470
30194,68449865957,127560
30195,116892276,47100
30196,66257876289,22270
30197,931927472,69770
30198,762914645,55660
30199,2097954495,34160
30200,65673838506,145110
30201,216522743,46040
30202,1578430142,34190
30203,43265608639,30840
30204,2377993442,77060
30205,141255540,41950
30206,91309219621,127300
30207,28575728644,21860
30208,104837721291,130330
30209,126888602996,29860
30210,16471274664,16700
30211,16984526495,16610
30212,142670335772,107330
30213,855279357,57200
30214,132612338,39070
30215,68010129229,112360
30216,52309800498,24870
30217,32470386257,28710
30218,3445143039,34100
30219,20961781294,26960
30220,12956944537,16200
30221,1239987960,76100
30222,13378711542,12600
30223,623436439,91560
30224,72447970810,108380
30225,20209723738,17710
30226,1657650363,58240
30227,4125523889,34300
30228,1222889612,80780
30229,972107437,63860
30230,11218036332,244510
30231,1080809458,63020
30232,6156575025,57540
30233,76419625352,29640
30234,48118713431,156080
30235,1172683727,48400
30236,1199268074,67780
30237,248416745,44540
30238,4990684211,86680
30239,1221105049,86390
30240,1310461754,64520
30241,58702746184,160770
30242,54813969200,15320
30243,1285602987,84310
30244,503307818488,10160
30245,594193791,37100
30246,2533631926,36730
30247,13262870369,30950
30248,3217161829,94870
30249,202293487,47700
30250,1446829083,59680
30251,1597005112,56210
30252,58091400410,14280
30253,3097598273,34650
30254,55567680928,98160
30255,90490163,41020
30256,4854187607,75870
30257,53537785008,15520
30258,91076597,44150
30259,578546494,37740
30260,150764185261,29500
30261,674481478,46830
30262,72257839175,29350
30263,1334315954,85050
30264,45629561310,20340
30265,1400640808,36820
30266,69949035266,23670
30267,746330687,43860
30268,2521791850,79470
30269,118917630577,21160
30270,25784050372,22000
30271,1869726327,36890
30272,4496545706,53030
30273,43654359659,168680
30274,42818496987,22700
30275,1908322068,59730
30276,2716360543,77690
30277,32497885421,14680
30278,57130584641,149560
30279,141553285,45800
30280,1576717296,57520
30281,12370260581,17440
30282,75278523506,24070
30283,12293576050,236710
30284,3888429059,54280
30285,26678147130,25420
30286,94194144581,14340
30287,647389033,54110
30288,951295700,37900
30289,26262938497,198720
30290,1631738995,1000000
30291,118408565834,112750
30292,981297216,53440
30293,53126256596,16640
30294,22930910141,20960
30295,14260621217,23650
30296,20328737308,27660
30297,27134392123,27830
30298,2650670546,51180
30299,1445526417,36860
30300,21894588801,23600
30301,113826262608,22480
30302,35668694476,15120
30303,567025553,38270
30304,609632980,37150
30305,542291409,38820
30306,224188854,43580
30307,28413415369,25190
30308,3559490049,54620
30309,5921037305,10000
30310,21894588801,23600
30311,256934409,43730
30312,110176673593,21980
30313,1422304280,83360
30314,161579611862,102360
30315,1454275898,56890
30316,1372717623,60750
30317,1426305222,59880
30318,1705143848,32200
30319,75738004561,27770
30320,71813943845,14460
30321,26441271661,26250
30322,49359018714,15250
30323,847563162,49020
30324,555654719,91250
30325,2778056148,73980
30326,86582502333,99820
30327,6113327451,33120
30328,64125362778,28720
30329,35344470911,16750
30330,55293907816,25350
30331,21201603300,14980
30332,45083877970,19610
30333,2497485229,51690
30334,44991425420,110800
30335,719307266,39100
30336,2187095369,48000
30337,4830040776,64430
30338,996243223,57680
30339,3174879923,87070
30340,21072535899,32290
30341,94422536356,11830
30342,49467664533,114090
30343,1335374627,781660
30344,171272077,46220
30345,5921037305,10000
30346,2018644075,48010
30347,51132409411,14540
30348,31473491054,24700
30349,2368906458,34220
30350,31694191897,25560
30351,2296085998,36410
30352,25312099205,15110
30353,4142877691,58870
30354,81196639816,26030
30355,2061429651,65950
30356,1731891694,35520
30357,7394073238,33140
30358,44573769257,31090
30359,90256966638,29660
30360,298739204,40200
30361,34434721222,13710
30362,326046808,37010
30363,107813967,41800
30364,52756244431,16680
30365,58909798910,22370
30366,1736473738,986700
30367,44290276242,23700
30368,24846613522,18800
30369,36554885532,25900
30370,700671480,44230
30371,16671615759,17000
30372,39945137540,22900
30373,34217485574,30940
30374,1631794849,77050
30375,1837003446,73330
30376,52243000685,22470
30377,1072709312,33100
30378,16856330150,15500
30379,359829197,40520
30380,3617961302,32100
30381,43580075260,20250
30382,1657963657,74860
30383,183865535,42890
30384,36200005581,28240
30385,1313471676,69840
30386,9617972623,20540
30387,771354941,37120
30388,21319622040,18000
30389,7173512581,286230
30390,118398206951,21230
30391,417147839,38580
30392,39577525050,19780
30393,333511825,46250
30394,1058807512,55420
30395,1631738995,1000000
30396,59593844653,24620
30397,1269250563,85690
30398,41966739496,14030
30399,36799869133,20760
30400,10093236863,19400
30401,31229562343,30500
30402,1115306739,35200
30403,1924708325,35010
30404,3013097861,36780
30405,37083274318,28440
30406,178630630,42330
30407,45248625895,13280
30408,543068630,47210
30409,61073622396,23340
30410,7525980662,33060
30411,987729963,38100
30412,95286021000,30150
30413,241480383,40000
30414,53744940,44890
30415,258788012,42240
30416,1553929800,77040
30417,1280193045,48680
30418,69489348514,139760
30419,32830187687,27900
30420,106475156236,115960
30421,53840856249,19440
30422,15256087012,10300
30423,17699354512,15050
30424,1164730164,34180
30425,89325242403,12430
30426,32416660137,30770
30427,76735373493,19870
30428,121622319344,25810
30429,129654002858,118490
30430,57416757278,98390
30431,3578281662,32400
30432,848831306,87130
30433,42716089974,30910
30434,1057815704,55920
30435,1331698110,56220
30436,1631738995,1000000
30437,29880351046,27520
30438,79539176593,96680
30439,1390284122,49730
30440,53790511802,31370
30441,43194945133,12780
30442,68652275790,11770
30443,24665681208,17100
30444,33623145812,200800
30445,7720832534,17790
30446,22913369903,22650
30447,1818227392,33820
30448,72302397997,26150
30449,27021423680,23390
30450,60071347121,24710
30451,2357616922,57070
30452,97969273129,124310
30453,3663055376,84830
30454,80230609179,160100
30455,1809368779,36150
30456,13308638382,31750
30457,16679862710,26290
30458,3985070804,33300
30459,702386713,37990
30460,42448808126,17490
30461,88521745532,30310
30462,495539667,80380
30463,1602365715,35770
30464,95952532516,139230
30465,451108847,37630
30466,62157265372,14150
30467,9451390383,31690
30468,2199000097,72060
30469,600277418,42840
30470,74356023612,30000
30471,172303949499,102880
30472,1092214102,38610
30473,183865535,42890
30474,83892829452,11150
30475,40962683772,20600
30476,24628664082,17600
30477,71670533558,28840
30478,31107276306,26860
30479,40631960672,173890
30480,3620837613,52270
30481,1370358993,49700
30482,63145981571,132400
30483,28592621127,21220
30484,417147839,38580
30485,405438678,38750
30486,75372510592,162880
30487,1666117663,60930
30488,963584159,38810
30489,1673432612,60730
30490,133840229,45520
30491,34651931773,156960
30492,96084255506,102780
30493,36799869133,20760
30494,4077505210,31450
30495,103496654,45240
30496,97197720020,14970
30497,16621932651,17300
30498,66990287346,18160
30499,25120547973,32530
30500,1227524420,69190
30501,4653170575,68320
30502,64125362778,28720
30503,34197580549,15200
30504,443715114,42450
30505,2216068328,53100
30506,572754060,73880
30507,51245873680,20640
30508,54653907275,13480
30509,1446829083,59680
30510,1199974299,35890
30511,1133945051,93370
30512,3982108077,67260
30513,41972943163,28170
30514,671797868,36790
30515,3987699566,74230
30516,1631738995,1000000
30517,20249118852,23150
30518,12579447919,19550
30519,31980352960,19540
30520,56873814446,102100
30521,2497485229,51690
30522,1811559032,68040
30523,46603536142,13080
30524,4264535138,58220
30525,3811513343,34930
30526,48600534478,22090
30527,847563162,49020
30528,6404613422,33640
30529,61073622396,23340
30530,126562445550,117630
30531,60845251850,102130
30532,81947908112,18540
30533,36627299455,15640
30534,15415977530,15000
30535,38215353071,19240
30536,53220470873,19370
30537,37326142645,25360
30538,293536985,46060
30539,1834033395,57460
30540,91603993888,12220
30541,18635719324,15100
30542,40136875057,26770
30543,6291644966,62080
30544,2943729185,67270
30545,85365941042,103900
30546,214509163012,29710
30547,78757429392,164630
30548,40855257342,21360
30549,22741097466,12680
30550,34514938897,194320
30551,6035310102,31380
30552,208593832,47090
30553,64827560,43890
30554,1276268453,88640
30555,61349116586,21880
30556,25312099205,15110
30557,1631738995,1000000
30558,2650670546,51180
30559,104246320,42370
30560,309885320,41150
30561,72486092345,19490
30562,28299948879,30890
30563,8134293297,32780
30564,36126099993,28700
30565,31107276306,26860
30566,1319463380,85110
30567,16984413170,31730
30568,83218267813,27400
30569,240474175,39830
30570,309535285,46490
30571,15212996425,14000
30572,740218215,55430
30573,17352688335,13240
30574,2341199136,60780
30575,26224264781,12300
30576,372155866,45150
30577,17913562656,22840
30578,46838785900,27880
30579,52057806061,19820
30580,2676670566,33890
30581,88528741,45320
30582,255605025,47030
30583,26794617770,13400
30584,26929532640,16960
30585,28520159386,19300
30586,35090206655,111180
30587,1780463422,38470
30588,19483650662,30820
30589,1913422562,55760
30590,302270237,41920
30591,59162592634,99850
30592,65139576623,17430
30593,9816664858,31180
30594,18973023210,21200
30595,44707290022,18930
30596,2174299884,36260
30597,1343738326,61130
30598,16679862710,26290
30599,52756244431,16680
30600,1261089054,54600
30601,2491331071,83790
30602,1812848416,55350
30603,145172773229,29170
30604,9190844094,31630
30605,2369610286,68660
30606,43685827197,19450
30607,31229562343,30500
30608,915242873,56030
30609,40248886135,16540
30610,1631738995,1000000
30611,918065630,57390
30612,36178077994,22180
30613,27021423680,23390
30614,1572957639,54890
30615,165211464,40320
30616,1394137500,58100
30617,68007746073,136620
30618,3218296824,51970
30619,36531313013,21100
30620,8143426756,32820
30621,56890745277,19530
30622,2736910048,53070
30623,67869473195,22730
30624,542291409,38820
30625,2125656074,50000
30626,62923519,46140
30627,34888386853,30660
30628,12956944537,16200
30629,2237062854,60630
30630,729566850,34400
30631,217335387,39800
30632,87303305259,14510
30633,8143426756,32820
30634,14073065206,23250
30635,127327248996,18490
30636,39937412905,22960
30637,713115969,38460
30638,88913297507,118000
30639,111885265,46880
30640,45632610231,25040
30641,263729243,45930
30642,81479096,40820
30643,19221989618,21850
30644,473797048,37350
30645,4322275358,86640
30646,78132681,43520
30647,1228084738,58880
30648,824646705,70700
30649,77479861947,111440
30650,1243988128,49620
30651,36879273869,17140
30652,1186202406,63680
30653,32929114522,17720
30654,59758599722,144750
30655,13074074288,19580
30656,3948079704,89980
30657,28791790924,31830
30658,1041207695,34900
30659,46456245822,26780
30660,2814530785,48640
30661,1668418686,57590
30662,23136038329,13440
30663,740218215,55430
30664,28089729007,31110
30665,2032280762,77520
30666,1243988128,49620
30667,8746143840,15800
30668,47721839131,13650
30669,28694947024,27200
30670,149527371046,29300
30671,668040133,52120
30672,21509159440,21000
30673,98977519401,17290
30674,23430054225,14950
30675,26015099191,16630
30676,1139755417,52730
30677,97561081428,103650
30678,357850812,58600
30679,14490409743,25480
30680,1696590484,85500
30681,32974521076,10950
30682,45942275295,13950
30683,1481886900,85140
30684,2539115191,63890
30685,13851673776,19200
30686,1353997225,92000
30687,5981043912,59620
30688,21654796659,21380
30689,56499064539,96410
30690,3951431052,32650
30691,289755230,42810
30692,79476434745,14560
30693,124613522134,23610
30694,42813184049,113840
30695,1831242028,52060
30696,1986789291,70180
30697,2223213994,454780
30698,146415605,43460
30699,97880133,45450
30700,101189018267,112220
30701,3729506770,33580
30702,5921037305,10000
30703,25920900617,218960
30704,222298051946,13060
30705,293536985,46060
30706,36345144089,13520
30707,33685836978,17420
30708,77649490901,27390
30709,15241819764,13200
30710,48899227149,28790
30711,5276013317,76040
30712,175181366,47320
30713,118498470930,118830
30714,43891319466,21470
30715,1002961399,37800
30716,7623443849,18500
30717,153467040,41180
30718,1400640808,36820
30719,1867599484,56040
30720,84557250108,29940
30721,1267966539,52430
30722,35922754479,20350
30723,441296639,38190
30724,22274522030,18300
30725,105929741,41000
30726,21817176627,19120
30727,49989577,44660
30728,115306295340,25020
30729,597608919,61620
30730,50734035423,15480
30731,25182861324,26220
30732,21654796659,21380
30733,133271605717,123050
30734,1601316770,54760
30735,50332233856,103400
30736,1958040229,68300
30737,51444035286,16380
30738,3995106178,88620
30739,2086324526,36210
30740,67195225842,20010
30741,159102163,38880
30742,1872430804,75450
30743,61042638688,15020
30744,2406960440,84790
30745,2238980000,87650
30746,15858265773,33870
30747,2060764608,34910
30748,95309022977,18770
30749,14401704407,16500
30750,1271956468,59550
30751,2163265461,72070
30752,2750411959,49370
30753,13778644135,17070
30754,23338015042,16100
30755,2158368440,87080
30756,1108794328,68800
30757,30931706509,26560
30758,1147993671,66560
30759,1738094346,34440
30760,609632980,37150
30761,1631738995,1000000
30762,67901394616,14260
30763,2875440181,64930
30764,1058786959,56690
30765,63133683249,107720
30766,28809671951,15600
30767,2922565140,38030
30768,1836609730,77980
30769,26794617770,13400
30770,81968479692,14320
30771,49989577,44660
30772,22940211578,13700
30773,1509546820,37330
30774,1686524853,81100
30775,623436439,91560
30776,1920489781,32600
30777,18032677363,18350
30778,222466020,40710
30779,36498411058,31440
30780,247205852,46160
30781,4355000467,33490
30782,131935748430,21810
30783,39604028268,18020
30784,2642897555,71070
30785,1377267831,52680
30786,19720899101,16660
30787,65390376476,15420
30788,1206555222,51980
30789,37673201671,24140
30790,2432582723,86160
30791,1172683727,48400
30792,16371576203,26900
30793,55641718048,183730
30794,597192409,38260
30795,37866747690,26980
30796,75366736990,22660
30797,1559462847,76160
30798,4250146741,33600
30799,100528368628,121450
30800,525184698,41450
30801,31694191897,25560
30802,26381824151,30230
30803,2293617913,36470
30804,73793596185,96150
30805,39604028268,18020
30806,7694107713,24900
30807,89779729227,27330
30808,5921037305,10000
30809,71275229269,22440
30810,1237095266,34780
30811,109888375014,27820
30812,724963256,48950
30813,7602017647,32410
30814,1260035424,36450
30815,1002961399,37800
30816,57602674515,97280
30817,1077100663,60220
30818,745431878,48840
30819,16128464735,16150
30820,1246744945,61080
30821,1241306162,77200
30822,30084375971,25250
30823,44434487331,125380
30824,515012649,37710
30825,83424163072,143260
30826,45942275295,13950
30827,114223554972,29180
30828,1094385091,71630
30829,57635684120,28120
30830,12175959216,13600
30831,1134602187,63910
30832,5546041742,57340
30833,68915649196,25650
30834,1900306910,61950
30835,640002084,39680
30836,3814964572,35530
30837,120179971896,17230
30838,90918928717,117590
30839,165129231,46530
30840,2939827718,63130
30841,567108774,54800
30842,1901546824,66480
30843,22710457019,23010
30844,37809039347,17750
30845,1954292587,53860
30846,119740757265,27460
30847,27681409375,27000
30848,16656548476,17500
30849,1167644278,63150
30850,605910573,54900
30851,387763191,43270
30852,610183714,56500
30853,1831242028,52060
30854,223208169,44110
30855,36981314654,177670
30856,1097818492,83120
30857,33819969840,97520
30858,12669680225,31770
30859,238295547,44380
30860,10460628957,25000
30861,62504361229,29400
30862,93960332121,21110
30863,1167039050,91520
30864,153504353805,96760
30865,150017488885,97720
30866,248416745,44540
30867,61739919244,10540
30868,48347533,44860
30869,792392949,65240
30870,81479096,40820
30871,13882870228,26070
30872,3760616951,93170
30873,49342341513,20050
30874,51245873680,20640
30875,36200005581,28240
30876,97880133,45450
30877,147100752265,27890
30878,1229069274,560630
30879,18902576810,32880
30880,515012649,37710
30881,23493083807,18950
30882,2749087947,58830
30883,35927370258,16140
30884,7163533745,33380
30885,32929114522,17720
30886,4337203216,83080
30887,151092871204,29600
30888,47295092406,24330
30889,1631738995,1000000
30890,1859526782,33480
30891,866197758,39630
30892,82535701404,16120
30893,40731906665,23960
30894,1954227484,48850
30895,20047359759,28400
30896,723556486,36580
30897,47390429682,178560
30898,2610749738,34800
30899,29083726643,17520
30900,18741652662,21500
30901,853388529,53740
30902,100677958948,30050
30903,317236975,41510
30904,81611238666,102050
30905,46991134952,16770
30906,27979223636,30880
30907,14253139298,23980
30908,48989402292,27190
30909,15957156660,22510
30910,3783970305,34760
30911,14687326283,31540
30912,49207048783,21960
30913,67442576132,118640
30914,49207048783,21960
30915,110154613025,117640
30916,3561118262,56870
30917,230809744,47350
30918,59119860557,17980
30919,597608919,61620
30920,20285927099,241520
30921,1806284353,894040
30922,78155017496,20680
30923,103306015739,113700
30924,14260621217,23650
30925,1310951546,79200
30926,29092281328,20450
30927,3253895532,81370
30928,583181080,38200
30929,148068222890,30080
30930,109442399595,117370
30931,5549620249,33730
30932,5563729457,34240
30933,10270772425,18700
30934,455852946,39080
30935,24953211633,28020
30936,64262334195,15880
30937,1578430142,34190
30938,113635569591,28780
30939,482519922,40870
30940,89261862724,18510
30941,1137454757,56640
30942,1327764075,80540
30943,1965146457,33460
30944,598151154,63040
30945,1631738995,1000000
30946,670293721,36120
30947,12818191944,265220
30948,24263189038,13000
30949,64753799997,22420
30950,42489225706,16880
30951,41501229438,23000
30952,2142980631,36280
30953,3816504386,54010
30954,87077584374,28630
30955,60834298902,16470
30956,30081491997,17620
30957,65889157625,24930
30958,2645841486,351240
30959,2189514565,63010
30960,2737621213,35740
30961,152267874,42000
30962,101639731030,133010
30963,72829992292,30190
30964,47420037135,21790
30965,4109531916,62900
30966,16496210356,23850
30967,21826561171,211530
30968,30195269319,25280
30969,654665891,75580
30970,1631738995,1000000
30971,816577081,77500
30972,46838785900,27880
30973,1303620778,74840
30974,85856958170,113310
30975,379670148,44370
30976,105021229,45810
30977,11702591275,20800
30978,11051108822,32940
30979,1093004842,35480
30980,46303638989,30610
30981,287272676,42270
30982,1471999622,70770
30983,2009310587,684990
30984,61709873190,25610
30985,1966323101,34710
30986,102953099730,101250
30987,107143949,47760
30988,64848155610,118530
30989,48477139296,12460
30990,1720809394,37420
30991,363929049,36660
30992,4198850931,66970
30993,16544868120,31140
30994,83181928375,14480
30995,12175959216,13600
30996,2177639978,80580
30997,29967860642,16650
30998,61467253282,18790
30999,323376822,45850
31000,24362149542,24150
31001,1894500725,76090
31002,174930782512,20090
31003,516857788,48100
31004,61042638688,15020
31005,2150155983,78760
31006,77726524145,14180
31007,1061897496,55450
31008,2270770968,80750
31009,2995638357,61690
31010,12460692893,24920
31011,155705038,44170
31012,56618718920,27680
31013,65502929480,147210
31014,1390696218,52020
31015,40239095341,31250
31016,107564624094,107220
31017,786879774,37690
31018,2011479233,55090
31019,51180551841,23750
31020,75455562305,17060
31021,308859257490,15140
31022,61826941059,106130
31023,93960332121,21110
31024,303016833,42310
31025,37291167699,22080
31026,2257523767,74330
31027,27762926584,25500
31028,2344575256,65380
31029,903720987,57750
31030,1927027895,36270
31031,81196639816,26030
31032,35809846307,25120
31033,1265260946,33680
31034,21639659977,19390
31035,1266683880,71520
31036,3138287220,67660
31037,822351231,53170
31038,56530436782,22390
31039,24848887610,27920
31040,126888602996,29860
31041,212303552895,29800
31042,207431683,41640
31043,1334315954,85050
31044,36808459328,28370
31045,381266268,42320
31046,104186585931,29730
31047,14406325076,28100
31048,12529394805,34560
31049,40619608490,19350
31050,29505504515,21260
31051,1378201334,52900
31052,49424817345,17160
31053,37929209689,19590
31054,25784050372,22000
31055,1012483522,34000
31056,922409550,37460
31057,33808150331,25680
31058,17345764042,32490
31059,1660747035,642250
31060,148942706897,29470
31061,621836003,89800
31062,22426798037,21050
31063,125223383683,15510
31064,2211868700,69400
31065,72036495216,127590
31066,214770472605,29720
31067,13453048540,26040
31068,193536863722,29230
31069,73018979356,127170
31070,3782730170,34490
31071,9131255530,17200
31072,140976628584,12630
31073,179942021,37600
31074,20738062485,13820
31075,2713049608,84940
31076,1159273218,57570
31077,152754943703,96210
31078,4868249863,81080
31079,32416660137,30770
31080,1967702740,71180
31081,3480658413,34470
31082,7799241001,32970
31083,4642129105,64490
31084,39561734780,102420
31085,138528050672,20590
31086,8037842913,21950
31087,2488492554,72200
31088,144276376,46680
31089,2487165921,56720
31090,1453916606,85460
31091,5816208489,57310
31092,48233420339,25240
31093,68725560166,19420
31094,47721839131,13650
31095,2338382910,92150
31096,1631738995,1000000
31097,22940211578,13700
31098,1865795317,83810
31099,31473491054,24700
31100,5035675005,34890
31101,17284911426,22990
31102,200000289,46720
31103,2255317749,50210
31104,1631738995,1000000
31105,35344470911,16750
31106,80264554741,28460
31107,911167773,58300
31108,63357620363,22330
31109,75178766258,13340
31110,1514128945,55650
31111,38722239880,25800
31112,17324529314,116970
31113,1631738995,1000000
31114,142673848,41080
31115,21256246165,21800
31116,570338543,46390
31117,12694562021,26800
31118,6124132822,36190
31119,22429456554,19700
31120,959023675,60090
31121,1119569481,58450
31122,357167448,39820
31123,2003700688,78120
31124,78508744,42300
31125,729566850,34400
31126,2188346820,63880
31127,13262870369,30950
31128,1141082640,39040
31129,1108794328,68800
31130,1631738995,1000000
31131,97346901394,111010
31132,962022378,37550
31133,12157445989,17800
31134,145994338182,118980
31135,74445250209,132960
31136,3776670005,79280
31137,91803458655,112010
31138,65378861284,15710
31139,15101702599,12500
31140,603853053,61240
31141,2373339863,59520
31142,71961223567,148710
31143,1957779477,64760
31144,82566953902,25430
31145,34735369733,110150
31146,14216936880,18600
31147,24836711839,21650
31148,644773534,68100
31149,31634145708,23080
31150,4754327886,78550
31151,4531971894,91110
31152,165129231,46530
31153,45083877970,19610
31154,171134434,45300
31155,526287002,54460
31156,4925255086,76980
31157,5528176547,64820
31158,616787097,74290
31159,1631738995,1000000
31160,398098440,42360
31161,1962371402,80910
31162,13017321967,251730
31163,595262239,39310
31164,90396508691,12540
31165,3807745321,48460
31166,16920717376,22800
31167,9073676657,24880
31168,13749746627,18260
31169,26381824151,30230
31170,2197441813,77970
31171,47177858185,14250
31172,5921037305,10000
31173,26813193660,13970
31174,3729506770,33580
31175,9027991864,271750
31176,1152596396,60370
31177,8027386235,31480
31178,17089269526,26120
31179,55065325562,23540
31180,82543121441,101940
31181,19477729694,25990
31182,89432759781,29140
31183,2923257383,49830
31184,37103997546,12720
31185,59727396766,22140
31186,50892730586,26520
31187,39733120972,27440
31188,951241236,75500
31189,46150388127,15280
31190,71399643081,16310
31191,542291409,38820
31192,35618083107,15260
31193,1036732897,61290
31194,2048084400,57250
31195,1304419090,48060
31196,1182759027,35840
31197,16544868120,31140
31198,4301527255,74240
31199,3419005885,83590
31200,4909566148,33050
31201,1522612028,68760
31202,3115194754,90870
31203,226757883,44570
31204,1064289268,61180
31205,2363910100,87380
31206,65777527394,169340
31207,226757883,44570
31208,996243223,57680
31209,1631738995,1000000
31210,2762683039,430110
31211,2060127445,34670
31212,39368373109,23720
31213,1024898409,37180
31214,27759015979,10200
31215,1119759959,72900
31216,516857788,48100
31217,33661785903,26790
31218,31689794583,28050
31219,39604028268,18020
31220,89131821180,142470
31221,1624545104,75160
31222,361595964,42980
31223,325372094,44050
31224,5758061208,32010
31225,3594254033,73080
31226,821881636,36370
31227,118484986,46380
31228,2027163575,84900
31229,9075253256,32800
31230,1788721858,58630
31231,201487594,46750
31232,736721323,77300
31233,21797622356,11800
31234,1375217247,80100
31235,14406325076,28100
31236,106606170765,29930
31237,76659105760,10480
31238,87303305259,14510
31239,1195103775,61560
31240,1368972207,41310
31241,17500395948,24800
31242,14853559028,18560
31243,64799861,47120
31244,815937496,67180
31245,1796140037,72140
31246,34456682302,203480
31247,18886533744,20790
31248,1584161837,57550
31249,1395983186,68340
31250,1925385166,68930
31251,77280774631,19730
31252,308095073,44530
31253,64307640,47530
31254,1606286875,61600
31255,2380857566,37110
31256,1864697580,63030
31257,18577413391,26650
31258,49757579097,12560
31259,197607675,41830
31260,23530631499,26320
31261,263729243,45930
31262,45204939260,10900
31263,1062974218,92650
31264,10777764971,11400
31265,432746269,41360
31266,40640402580,25770
31267,33854502558,23450
31268,32189655749,100520
31269,4897782541,31560
31270,150237864312,17870
31271,3950128205,76710
31272,99304321,42390
31273,22887395746,19600
31274,1197910455,58070
31275,93728465219,28250
31276,51633815393,23030
31277,229095780,43540
31278,844668835,60350
31279,1454470038,55970
31280,2645692728,88930
31281,28413415369,25190
31282,1037444559,95210
31283,20707959506,18860
31284,558687882,41030
31285,608064957,94890
31286,6377380700,22300
31287,1631738995,1000000
31288,226110679192,29410
31289,37378231467,25270
31290,59478656525,30200
31291,776833593,63740
31292,58406477013,147360
31293,26713291883,25880
31294,107813967,41800
31295,76419625352,29640
31296,15328257395,26340
31297,534415944,38230
31298,2216068328,53100
31299,1062035948,39780
31300,1197626263,60480
31301,1182759027,35840
31302,1731008531,57110
31303,55658814898,29760
31304,4001203857,75140
31305,9666645468,20920
31306,5299435399,71240
31307,2234338439,447750
31308,1479592041,78100
31309,267098031,46100
31310,1782167693,50910
31311,8171654278,218920
31312,39149199429,14900
31313,1012736886,62380
31314,509600067,39880
31315,18102980032,14800
31316,21490644071,31550
31317,1916241176,94600
31318,393415785,38630
31319,2617938791,35180
31320,45964606960,30090
31321,825775683,69600
31322,8577167106,35170
31323,1724199914,52540
31324,663833715,79420
31325,36811050346,18850
31326,82715082640,22410
31327,746330687,43860
31328,1892327141,35210
31329,82535701404,16120
31330,33103548418,30030
31331,706083408,36840
31332,49031173362,27310
31333,18635719324,15100
31334,37531082584,138300
31335,36197803006,176120
31336,938106104,68720
31337,47590817538,15700
31338,99567606040,14220
31339,26852757475,15650
31340,165421749281,102810
31341,254155153,47360
31342,3475598684,48670
31343,8967539344,32150
31344,141553285,45800
31345,1654488397,49270
31346,212303552895,29800
31347,66257876289,22270
31348,2364483202,54380
31349,153030029,45360
31350,1941532398,85630
31351,3183491584,58530
31352,1383563637,723690
31353,24628664082,17600
31354,18157672735,22620
31355,1694119847,66250
31356,123612371,44790
31357,20113483905,31210
31358,1353588104,49040
31359,912003285,82450
31360,11846576564,12700
31361,1135785241,36630
31362,319707934,44100
31363,768212974,54700
31364,57516114629,11080
31365,1033771264,62530
31366,185234855767,26510
31367,664669696,81860
31368,23861017262,220230
31369,2209103781,454360
31370,2534725839,34430
31371,13882870228,26070
31372,1311369927,57730
31373,56730751704,22520
31374,47056029082,20580
31375,287077495,39580
31376,329709884,39340
31377,640002084,39680
31378,906169889,50810
31379,444859759,39980
31380,25495518647,19860
31381,1631738995,1000000
31382,2259601914,87370
31383,42304020090,121710
31384,28809671951,15600
31385,5957297592,301720
31386,184393023,43020
31387,66860808852,18760
31388,49067806679,11740
31389,2321699483,35710
31390,16984413170,31730
31391,48989402292,27190
31392,1317780887,56490
31393,595262239,39310
31394,3430458143,35400
31395,15957156660,22510
31396,100502811457,29000
31397,1329047021,55130
31398,3692854098,385190
31399,1273841448,54930
31400,37916626389,171430
31401,36766127593,24960
31402,36500486978,17110
31403,25601318259,26490
31404,1309006301,36750
31405,384404229,41610
31406,1490278518,80770
31407,18045084374,30440
31408,16045577416,16000
31409,1114273824,76150
31410,28361974087,11700
31411,12660304592,14100
31412,44301316936,26060
31413,582916951,41440
31414,67250095591,16020
31415,14260621217,23650
31416,4775106304,33400
31417,1163621673,49860
31418,160910108606,112740
31419,123469909,44480
31420,2542862386,454710
31421,316546887,40660
31422,51886250579,152300
31423,16920717376,22800
31424,2818132770,52710
31425,1512488269,79290
31426,635129153,92190
31427,149527371046,29300
31428,799162500,59380
31429,1584836000,69350
31430,91939785821,132710
31431,7799241001,32970
31432,39945137540,22900
31433,62142363351,24390
31434,986348817,34390
31435,104348526441,14430
31436,1571687707,92790
31437,29721041732,19340
31438,24836711839,21650
31439,55293907816,25350
31440,2261012796,64310
31441,11544330483,18820
31442,22077591852,19150
31443,258788012,42240
31444,1463336641,58730
31445,1182004024,59540
31446,91385771650,23180
31447,719307266,39100
31448,771354941,37120
31449,1987432763,70480
31450,320051644,43570
31451,31172644375,16950
31452,100596830161,29700
31453,920023500,86420
31454,3039305356,62830
31455,15968964813,19560
31456,572457435,37700
31457,11202247979,32380
31458,1094657149,76540
31459,69724221576,110650
31460,2947782293,60450
31461,19765776310,24060
31462,1509546820,37330
31463,174546255,38420
31464,2299596129,49820
31465,1631738995,1000000
31466,1771199922,55810
31467,1654960890,67680
31468,3173230482,345270
31469,1152365111,83060
31470,163744988,46660
31471,122640276,42080
31472,40014509671,11890
31473,1517132762,34250
31474,1522413067,51890
31475,911167773,58300
31476,38199392376,11860
31477,31511390670,182930
31478,34327482638,11420
31479,661790663,39950
31480,1343483013,38160
31481,23430054225,14950
31482,6968645360,13500
31483,20249118852,23150
31484,2023501148,74470
31485,1058807512,55420
31486,18298812721,27600
31487,85382056901,17850
31488,8296866576,21900
31489,4652849298,37470
31490,5090008901,73220
31491,372571834,43990
31492,15282441909,31600
31493,846924114,61800
31494,59323822897,96020
31495,21654796659,21380
31496,13705718578,18370
31497,138109706,44780
31498,32939692439,24350
31499,1115258344,68110
31500,1885818182,58580
31501,1576717296,57520
31502,2119265517,82350
31503,233414286,43910
31504,4354543652,93970
31505,532854353911,29290
31506,9666645468,20920
31507,58962650593,25750
31508,3660774270,86270
31509,393415785,38630
31510,83497737471,105410
31511,13293694114,31520
31512,4934127004,76230
31513,228269978897,11070
31514,22887395746,19600
31515,126698850927,30020
31516,3578281662,32400
31517,207607573,47600
31518,979693334,64750
31519,75752401512,108750
31520,5139345535,34090
31521,1385013389,35670
31522,13167973529,24640
31523,128704968,42570
31524,43891319466,21470
31525,517739161,39810
31526,11740205694,25700
31527,8597498625,15300
31528,28839812218,22110
31529,80759142942,138560
31530,1456868084,51600
31531,35799169476,23190
31532,1277904219,62770
31533,52502210697,149550
31534,15713574477,24100
31535,22830933389,24890
31536,19913212122,14400
31537,56663813217,20660
31538,71807826713,168880
31539,36126099993,28700
31540,37547961631,16900
31541,309260537,41100
31542,17500395948,24800
31543,464261240,39510
31544,15101702599,12500
31545,34051118165,16520
31546,89524892842,11760
31547,20753605114,20720
31548,1349053144,87890
31549,674813434,37730
31550,1474365801,63330
31551,69229312042,30290
31552,1987483919,79050
31553,13287800402,10460
31554,59521091475,17810
31555,76735373493,19870
31556,1966323101,34710
31557,162528308349,97330
31558,66335429928,23760
31559,736721323,77300
31560,1265342839,59740
31561,799162500,59380
31562,444859759,39980
31563,152267874,42000
31564,56335760220,29750
31565,1342925184,774680
31566,126888602996,29860
31567,872431084,55050
31568,809260772,52440
31569,52243000685,22470
31570,32610014329,22460
31571,3036521508,34410
31572,19483650662,30820
31573,9950781450,31970
31574,1628240813,61490
31575,1933009877,67690
31576,181403119219,14830
31577,3025886092,62070
31578,972107437,63860
31579,1862058918,75930
31580,40248886135,16540
31581,1697210166,35810
31582,542319986,39060
31583,17872142543,14300
31584,19720899101,16660
31585,12542145494,32790
31586,1631738995,1000000
31587,6968645360,13500
31588,16128464735,16150
31589,993384713,36400
31590,17699354512,15050
31591,1164730164,34180
31592,436528380,41260
31593,176898166819,20070
31594,23384686339,21680
31595,1627125829,48920
31596,5362022398,71530
31597,250858413,47650
31598,64898290512,29050
31599,34540471920,26480
31600,60585077113,30480
31601,21797622356,11800
31602,14782752626,20560
31603,23035858811,22050
31604,90097196,45610
31605,13378711542,12600
31606,44359162413,109810
31607,51108562928,21130
31608,83985160666,21060
31609,2714983269,70450
31610,10777764971,11400
31611,119314940980,20270
31612,58898481965,23360
31613,13612873729,22850
31614,1794566137,63250
31615,22108093345,21440
31616,803787580,47960
31617,2193115670,52410
31618,963676411,36520
31619,13851673776,19200
31620,2274765053,75440
31621,77419633754,158940
31622,906316090,67440
31623,92000552569,26820
31624,15968964813,19560
31625,15486099417,26720
31626,2045579262,77790
31627,81947908112,18540
31628,1386019329,90420
31629,5921037305,10000
31630,35404519616,11820
31631,151288173974,29090
31632,26434377401,18100
31633,209832905146,29740
31634,41334335293,25600
31635,21201603300,14980
31636,5921037305,10000
31637,2398425953,47990
31638,105866663613,114080
31639,3246852304,83160
31640,2039055115,93360
31641,21621514595,21450
31642,2064655737,86650
31643,75690663689,17930
31644,2469410138,59820
31645,203602797,43110
31646,1562201458,69090
31647,1515381697,66750
31648,2805932192,78540
31649,215652556,43320
31650,1102595755,49140
31651,42072761828,24030
31652,810003039,61750
31653,2648203473,49720
31654,25320306351,22860
31655,897803212,81800
31656,1525900791,61320
31657,98467339457,17610
31658,63357620363,22330
31659,23239345271,12650
31660,62363084328,18150
31661,33685836978,17420
31662,41334335293,25600
31663,456206539,40010
31664,628128601,71950
31665,53443551626,23660
31666,11171899613,24450
31667,62705133170,112110
31668,2653152129,356050
31669,25114083678,11190
31670,20022503287,20060
31671,1396185575,85580
31672,1591215956,81640
31673,45942275295,13950
31674,1290874953,34820
31675,1631738995,1000000
31676,699075445,35620
31677,23927692354,26640
31678,1039009451,91140
31679,793302769,52510
31680,37464328803,10880
31681,1790391906,79170
31682,2036927683,47810
31683,52295047194,24020
31684,6497365784,10750
31685,17284911426,22990
31686,48105516504,21330
31687,99226620883,130190
31688,15706772192,17250
31689,27006917803,19260
31690,45964665779,24090
31691,836749559,66850
31692,15473409066,30810
31693,16856330150,15500
31694,951295700,37900
31695,36531313013,21100
31696,1297257205,74980
31697,179815424,42830
31698,476636108,39420
31699,3475598684,48670
31700,166802774480,110700
31701,9460308389,247800
31702,24711842653,22890
31703,171376051,44500
31704,83317374643,96750
31705,316546887,40660
31706,382417194,39300
31707,918065630,57390
31708,1022144024,79690
31709,226110679192,29410
31710,1115218982,53520
31711,112691330545,10960
31712,3728625319,75130
31713,469674353,41570
31714,993295507,56400
31715,357167448,39820
31716,6497365784,10750
31717,18307813892,26600
31718,1622919162,48960
31719,88528741,45320
31720,32929114522,17720
31721,38086805489,17570
31722,2301008628,59370
31723,24380832809,222960
31724,346737566,39400
31725,1602278022,58150
31726,9073676657,24880
31727,30960317809,18900
31728,71825248297,22560
31729,1338365683,60520
31730,1265260946,33680
31731,9919888708,27740
31732,76337584821,142890
31733,30553606632,15750
31734,4696562874,89770
31735,18911838573,28280
31736,268295937,39660
31737,132612338,39070
31738,926335324,50480
31739,27391134488,28200
31740,52706040060,28610
31741,1695291805,68160
31742,8746143840,15800
31743,2088372141,58270
31744,138250028846,14870
31745,68515280690,20930
31746,333538343268,29530
31747,1255704882,57660
31748,159616958,39490
31749,44265390677,25620
31750,6625579513,296290
31751,137417871,46150
31752,104246320,42370
31753,62206717779,13220
31754,160415459,39720
31755,2571545405,49960
31756,789846078,38410
31757,2719937522,68280
31758,14953140135,32930
31759,797573944,51700
31760,148305854610,29560
31761,1190801289,58080
31762,2193159158,36560
31763,2083977428,42730
31764,31130056273,21240
31765,660495848,59160
31766,220657629,45370
31767,36200005581,28240
31768,19889035527,21700
31769,1290874953,34820
31770,246649414,45870
31771,15858265773,33870
31772,17358837590,27480
31773,52177829725,15080
31774,33971811146,177130
31775,43069409942,10840
31776,68577663858,16070
31777,16045577416,16000
31778,105929741,41000
31779,685737048,68060
31780,38722239880,25800
31781,14260621217,23650
31782,1221733190,67610
31783,21797622356,11800
31784,172769859,41720
31785,15885102275,21750
31786,22054457830,227810
31787,36134329859,13110
31788,2339176567,51740
31789,11740205694,25700
31790,27402271562,23800
31791,59021098754,21990
31792,4545694036,85830
31793,1715828315,50180
31794,1710077468,83720
31795,1727907311,78400
31796,16371576203,26900
31797,106332430,41700
31798,1322678546,67920
31799,1717291308,62010
31800,1405592789,35140
31801,60310951953,14630
31802,10270772425,18700
31803,1503643839,47850
31804,217615589,45760
31805,401120146,43950
31806,47005371111,18420
31807,214770472605,29720
31808,31694191897,25560
31809,91654633352,102060
31810,2135849510,58660
31811,37083274318,28440
31812,920542991,79800
31813,89980232792,30930
31814,28452409701,11650
31815,1834033395,57460
31816,1720057529,35920
31817,49950318601,26950
31818,1631738995,1000000
31819,1271956468,59550
31820,110264772658,138140
31821,4274753450,32720
31822,289105316,37510
31823,598331337,37500
31824,120753681397,29570
31825,98412530667,30370
31826,431000365,45500
31827,2976650270,54970
31828,1094648866,36850
31829,7799241001,32970
31830,883575286,47950
31831,161897943965,98750
31832,28543263715,17460
31833,900524591,68400
31834,248371193,41750
31835,1647601825,62590
31836,103200321336,136410
31837,39005083666,23120
31838,106606170765,29930
31839,1458280914,53410
31840,18635719324,15100
31841,51519958536,161300
31842,153169842,45100
31843,23328308469,28670
31844,23211945639,26450
31845,2540537209,49640
31846,775088116,55490
31847,43389576198,18220
31848,20173588938,25150
31849,845017738,58000
31850,4717791452,64230
31851,19516679946,24000
31852,50137442943,25460
31853,2903158341,51390
31854,2838701276,93640
31855,2547789246,36530
31856,6799409598,32210
31857,112760680067,119490
31858,2327846639,36480
31859,46151090360,13250
31860,1093004842,35480
31861,34540471920,26480
31862,84507726573,28500
31863,839909381,78000
31864,153490949,42200
31865,5074251490,66380
31866,3564967825,32450
31867,89325242403,12430
31868,74972262,44400
31869,971375384,50500
31870,73289477586,111070
31871,3480658413,34470
31872,35927370258,16140
31873,40422521903,190420
31874,1331660055,80180
31875,871600480,51550
31876,3384467865,92290
31877,1310461754,64520
31878,665681369,90000
31879,1159485311,50740
31880,34202441186,22400
31881,16984413170,31730
31882,2092435391,34200
31883,1108794328,68800
31884,32075758711,185050
31885,23211945639,26450
31886,47262781,47000
31887,4514022636,72770
31888,1507885768,57430
31889,10379975085,30400
31890,1578830736,78480
31891,889693211,66230
31892,43031454682,12840
31893,26614884467,16800
31894,1787396249,69820
31895,81355524747,17400
31896,5073945079,32540
31897,53378104941,20040
31898,83767852313,101170
31899,68725560166,19420
31900,46847440574,28300
31901,62206717779,13220
31902,1067927975,76300
31903,118518335213,15690
31904,1878170342,35870
31905,17596863824,27450
31906,1086538446,52380
31907,1631738995,1000000
31908,26713291883,25880
31909,13778644135,17070
31910,105021229,45810
31911,61699279243,11480
31912,67869473195,22730
31913,1345272861,63100
31914,1869726327,36890
31915,19913212122,14400
31916,17872142543,14300
31917,176385990117,28960
31918,10021897467,23200
31919,19023259316,123750
31920,921500073,55400
31921,225846202,44450
31922,130760257938,129310
31923,107143949,47760
31924,341242262,44580
31925,83181928375,14480
31926,48385818617,17560
31927,1679186379,78010
31928,151501434,39910
31929,79245177194,28800
31930,897402388,80310
31931,1587580952,35260
31932,50559388087,14490
31933,102347723766,26730
31934,23801859917,22540
31935,5173542214,34540
31936,1603118941,76130
31937,52952058521,14640
31938,49782289265,99160
31939,597941274,39170
31940,1281882406,48980
31941,1631738995,1000000
31942,83955547676,28750
31943,48105516504,21330
31944,39604028268,18020
31945,83955547676,28750
31946,79898627011,16390
31947,972707849,64830
31948,2313591278,33800
31949,11169498489,31800
31950,253229141,40210
31951,92465951863,27370
31952,22875006614,30060
31953,48899227149,28790
31954,90252737233,12360
31955,1900361612,64460
31956,16920717376,22800
31957,16696319811,22580
31958,53300729576,23590
31959,42029013416,26880
31960,30960317809,18900
31961,39733120972,27440
31962,83991245816,149770
31963,1215034794,55990
31964,1356335367,93180
31965,759461395,55100
31966,44415337667,28260
31967,737627132,38020
31968,1008260659,51680
31969,51994472676,20860
31970,32329734658,17380
31971,13327051013,12800
31972,64804641836,159900
31973,48422643274,26180
31974,90818759234,16490
31975,705716521,84600
31976,250867977,37200
31977,22710457019,23010
31978,23857905050,30300
31979,6113327451,33120
31980,2027200385,58650
31981,16045577416,16000
31982,8425910359,33410
31983,83218267813,27400
31984,23891581283,31060
31985,4660049767,88280
31986,4689412440,31900
31987,642879385,91370
31988,1309006301,36750
31989,146372300,41560
31990,1922944845,49610
31991,1109346495,51350
31992,136342456010,114380
31993,55987971004,15160
31994,58039092056,15860
31995,8522526669,30800
31996,28694947024,27200
31997,13380422730,23400
31998,1034063462,76800
31999,50430057183,99210
32000,26178609731,15960
32001,1406241935,71960
32002,34681628225,27040
32003,85800874681,20230
32004,1147993671,66560
32005,1072709312,33100
32006,98361755870,28680
32007,565766155,38310
32008,762762186,53960
32009,33527478892,19660
32010,3559776721,48830
32011,1064289268,61180
32012,11094753535,31000
32013,2245268628,49800
32014,2485556152,65870
32015,18102980032,14800
32016,11025691108,31410
32017,1037414594,36600
32018,52212028291,24490
32019,1034063462,76800
32020,60828581097,26410
32021,1657108672,59920
32022,48385818617,17560
32023,938106104,68720
32024,14026117379,32090
32025,8085474109,11000
32026,1490920701,71440
32027,3808283169,94660
32028,691354610,35550
32029,711674046,53850
32030,3723819249,87030
32031,44458561502,122600
32032,32830187687,27900
32033,41565307695,133140
32034,13313163470,31950
32035,1705178955,49880
32036,49989577,44660
32037,237003670,43450
32038,62932571145,10500
32039,77017899036,18230
32040,4142245630,32460
32041,331373844263,29590
32042,10688901513,31100
32043,2445792587,48170
32044,3761016911,34680
32045,298788004,42040
32046,1631738995,1000000
32047,432858644,37750
32048,2439078268,65030
32049,64125362778,28720
32050,1125074183,63200
32051,1786038874,84610
32052,38722239880,25800
32053,77726524145,14180
32054,309885320,41150
32055,13378711542,12600
32056,72798001655,16130
32057,1576680477,52520
32058,20728975020,28620
32059,266131796,44670
32060,11944582782,13150
32061,88308038235,147290
32062,1119569481,58450
32063,1048776802,53250
32064,219542893,38910
32065,3090360708,62790
32066,18803265229,14600
32067,34197580549,15200
32068,18307813892,26600
32069,644773534,68100
32070,31965056762,16400
32071,1115306739,35200
32072,75981964629,27620
32073,270577793,40150
32074,14216936880,18600
32075,53467110784,19410
32076,52947959020,120140
32077,59974904421,170740
32078,1217375593,538370
32079,187242193601,95550
32080,72979627957,28470
32081,6446853625,31620
32082,24115657486,204720
32083,42486529686,26920
32084,9617972623,20540
32085,13053346967,33150
32086,40731906665,23960
32087,10021897467,23200
32088,60703267154,128300
32089,915242873,56030
32090,1631738995,1000000
32091,52022327352,15380
32092,2803054363,34500
32093,112286948257,112670
32094,1705734988,36350
32095,55967057116,14920
32096,2464172307,84570
32097,287749650,45710
32098,177309916,40720
32099,202015720,41660
32100,598331337,37500
32101,930706624,52700
32102,104305787211,14420
32103,62932571145,10500
32104,2344866946,51620
32105,4624874882,68710
32106,14401704407,16500
32107,66860808852,18760
32108,215652556,43320
32109,32530626896,30620
32110,736160521,87920
32111,2086779934,49930
32112,4355000467,33490
32113,1161709330,56860
32114,759461395,55100
32115,70673149381,13830
32116,26766140139,17590
32117,2783824424,77930
32118,2011782025,68650
32119,948927614,37060
32120,5582933520,36080
32121,6377380700,22300
32122,25132530789,22360
32123,1187200925,48270
32124,18089796046,234520
32125,768994749,40040
32126,59478656525,30200
32127,136237660,45940
32128,90252737233,12360
32129,38215353071,19240
32130,131152378,45380
32131,9816664858,31180
32132,20982986249,28850
32133,1001716380,35100
32134,106834262273,99310
32135,21894588801,23600
32136,4276434933,88760
32137,13378711542,12600
32138,2352379784,83560
32139,64681909342,101680
32140,2170013490,53760
32141,99064246807,109420
32142,96495157882,136850
32143,1102126295,76190
32144,684095423,40630
32145,81998829822,15070
32146,280345467,39760
32147,14854935840,26000
32148,16856330150,15500
32149,1341461886,60960
32150,148305854610,29560
32151,44002401472,124180
32152,1169995751,36250
32153,36531313013,21100
32154,1631738995,1000000
32155,12021004839,31310
32156,21797622356,11800
32157,1106560539,48710
32158,13371213054,252420
32159,26224264781,12300
32160,4916971300,49130
32161,1068344487,85270
32162,97161135608,29450
32163,33839203965,26500
32164,20022503287,20060
32165,1060791960,36950
32166,71676708523,26390
32167,29408358448,14140
32168,30195269319,25280
32169,1266683880,71520
32170,114923292884,12910
32171,2316242628,86360
32172,1264575721,72680
32173,20763867777,19750
32174,12598410593,253700
32175,108417985568,136880
32176,21538411805,22870
32177,66990287346,18160
32178,28361974087,11700
32179,92054192346,26710
32180,13549969722,17840
32181,19516679946,24000
32182,83812734997,142140
32183,1014435883,54580
32184,159102163,38880
32185,34327482638,11420
32186,109690803987,16850
32187,26015099191,16630
32188,47145317344,16890
32189,47177858185,14250
32190,27776778220,22750
32191,49843543,43250
32192,31694191897,25560
32193,4077505210,31450
32194,2428040434,48450
32195,495586357,51000
32196,695331164,55120
32197,2073284769,63580
32198,1736763379,65490
32199,3432960535,34580
32200,7135782721,33660
32201,94422536356,11830
32202,1704198586,52580
32203,1390368337,59700
32204,729566850,34400
32205,23857905050,30300
32206,145358980330,122650
32207,959023675,60090
32208,1393246816,81440
32209,395706670,45900
32210,3556215453,80390
32211,73787657273,110540
32212,63623718990,27940
32213,133592111222,16970
32214,52706040060,28610
32215,3644514533,87450
32216,2824611075,38280
32217,163916469,43490
32218,107813967,41800
32219,69208084095,26330
32220,2640434214,71550
32221,762914645,55660
32222,20989115553,213280
32223,23035858811,22050
32224,62932571145,10500
32225,1488539811,67350
32226,1130099283,52250
32227,8265317495,32430
32228,146248251644,29680
32229,1697843459,50190
32230,104416044305,19930
32231,881919199,57040
32232,40919572290,11940
32233,183865535,42890
32234,58834641795,20890
32235,36799869133,20760
32236,121328006,42790
32237,5346610315,72870
32238,45629561310,20340
32239,2742390603,32900
32240,512139464,39280
32241,5393604399,32110
32242,199049820,43560
32243,4731336529,86920
32244,30081491997,17620
32245,1491645082,36880
32246,35618083107,15260
32247,81479096,40820
32248,28280242518,22970
32249,358643074,40050
32250,1715736302,68460
32251,2097954495,34160
32252,1631738995,1000000
32253,425454493,44460
32254,185417397006,13130
32255,37083274318,28440
32256,642879385,91370
32257,120753681397,29570
32258,2134860152,36360
32259,110300622475,123530
32260,1796057139,81400
32261,5506837978,33000
32262,36531313013,21100
32263,2551575208,67300
32264,2179993233,55600
32265,74972262,44400
32266,53126990322,21460
32267,36766127593,24960
32268,968830042,48420
32269,208686901,44760
32270,112896675454,105130
32271,47572858350,28950
32272,104416044305,19930
32273,36086746685,23510
32274,43440528468,19050
32275,70476813938,13020
32276,381891196,45420
32277,492504328,43480
32278,72257839175,29350
32279,4762542619,62610
32280,73086990904,18190
32281,32370922918,26280
32282,42448808126,17490
32283,3300582914,59310
32284,552578811,54300
32285,38240921045,26550
32286,26678147130,25420
32287,1480991162,81520
32288,27451256944,26740
32289,4053927557,93220
32290,28839812218,22110
32291,317875425,43510
32292,210892546,46890
32293,22429456554,19700
32294,80171413799,21310
32295,3009299449,34350
32296,61148974457,25580
32297,54949908987,149730
32298,48363238717,16250
32299,2354974533,69050
32300,40774285416,170990
32301,2364710440,58400
32302,1333325010,54310
32303,3009299449,34350
32304,64324404296,17640
32305,291505201,42220
32306,18911838573,28280
32307,938106104,68720
32308,1047695139,36640
32309,250867977,37200
32310,62932571145,10500
32311,11544330483,18820
32312,1172851318,93320
32313,41960725561,27150
32314,55997509348,28140
32315,3009634323,35350
32316,552578811,54300
32317,32470386257,28710
32318,35427407247,12100
32319,674811634,40070
32320,74894149910,26890
32321,594193791,37100
32322,13013575496,32340
32323,147720762402,29150
32324,23209700730,205230
32325,64753799997,22420
32326,37298728034,27550
32327,23530631499,26320
32328,63247325082,25950
32329,384191379,44250
32330,2900781512,51510
32331,4125523889,34300
32332,524484664,57500
32333,17837658980,30980
32334,888738418,59480
32335,1243523431,57470
32336,1140785990,35560
32337,25950007188,23900
32338,59632901916,171800
32339,888738418,59480
32340,32939692439,24350
32341,1312899200,63960
32342,12635210498,23500
32343,3578281662,32400
32344,115976112316,118840
32345,1356162665,50140
32346,922757198,67500
32347,103676555496,111750
32348,1046783688,34830
32349,27239955253,149590
32350,150978538,40170
32351,1165750545,35250
32352,526287002,54460
32353,17699354512,15050
32354,33134217629,26630
32355,1820813130,78960
32356,55007371409,27560
32357,5016457568,57130
32358,15209110968,25300
32359,67761898719,28330
32360,17577069175,13760
32361,2095861127,34850
32362,138613638,45790
32363,1962572045,61400
32364,1252210725,62950
32365,3811513343,34930
32366,18635719324,15100
32367,2566155676,70840
32368,40412903977,108610
32369,835522598,84980
32370,155381505812,29820
32371,42393855705,18050
32372,60217269,43920
32373,91459643823,104970
32374,2916597756,33340
32375,1631738995,1000000
32376,2120065700,73060
32377,104305787211,14420
32378,705780122,38660
32379,270577793,40150
32380,9464623711,32390
32381,5073945079,32540
32382,7222355788,33980
32383,152908675016,20510
32384,1515381697,66750
32385,2621229711,80140
32386,78548899083,16350
32387,26929532640,16960
32388,24665681208,17100
32389,61070687456,22150
32390,2804073465,34880
32391,1454470038,55970
32392,34346403621,22250
32393,1631738995,1000000
32394,904161284,69950
32395,26492773281,27410
32396,26583099214,26300
32397,4372823212,71980
32398,1948660038,60530
32399,18077886616,219530
32400,25784050372,22000
32401,2586408678,66840
32402,90097196,45610
32403,854308555,87120
32404,4457803938,80610
32405,76144352074,129220
32406,17872142543,14300
32407,2667226902,33540
32408,1215034794,55990
32409,131493936,40240
32410,738761839,81500
32411,2850239164,74030
32412,850217919,61980
32413,84407391121,104940
32414,17872142543,14300
32415,1057631781,95360
32416,104246320,42370
32417,5123716973,308110
32418,19653365398,188840
32419,65989764078,110180
32420,16911672567,26580
32421,36134329859,13110
32422,45204939260,10900
32423,128862330622,15180
32424,1014435883,54580
32425,1280383657,53320
32426,53172929564,22820
32427,87261080233,120460
32428,185346658593,99710
32429,2178070367,33230
32430,996119850,54080
32431,1765653200,49780
32432,26492773281,27410
32433,61042638688,15020
32434,15484020783,13300
32435,50684659701,25410
32436,1394830915,52640
32437,79245177194,28800
32438,46356008569,18980
32439,10093236863,19400
32440,26381824151,30230
32441,1458460719,56730
32442,207431683,41640
32443,39059444512,25850
32444,24628664082,17600
32445,131932337501,126800
32446,3236275601,32580
32447,31108790427,28160
32448,597192409,38260
32449,1631738995,1000000
32450,2928334040,57440
32451,45871154240,170840
32452,527175044,52500
32453,10631838356,277400
32454,1631738995,1000000
32455,14490409743,25480
32456,5506837978,33000
32457,14755481980,26440
32458,35961503749,32440
32459,1421268512,35380
32460,2423867086,93280
32461,400087054,38240
32462,2583665577,48470
32463,1611253371,554020
32464,19516679946,24000
32465,17483253829,26420
32466,28575728644,21860
32467,45159626041,17050
32468,401120146,43950
32469,54666065301,30670
32470,1517608188,57600
32471,3978563690,67530
32472,250867977,37200
32473,218123823,44820
32474,56618718920,27680
32475,37806502832,19140
32476,18102980032,14800
32477,187305399,43120
32478,22830933389,24890
32479,9666645468,20920
32480,32939692439,24350
32481,212415083,47070
32482,1031361441,62060
32483,25390870946,21340
32484,33518149284,12080
32485,10777764971,11400
32486,55010430037,26160
32487,927743744,76990
32488,1247807567,49590
32489,134223274632,123190
32490,84705126584,23880
32491,2560112034,37040
32492,47262781,47000
32493,36485850456,12160
32494,1868367091,95400
32495,532224967,44020
32496,1114273824,76150
32497,979196730,42510
32498,797146018,59670
32499,36970137027,139890
32500,326046808,37010
32501,3484547434,57940
32502,80695974209,15060
32503,1102595755,49140
32504,1070307467,51720
32505,1147331186,64560
32506,23328308469,28670
32507,477888695,41680
32508,16555497187,13680
32509,1031451474,61430
32510,31229562343,30500
32511,66225167875,135580
32512,120887347990,14070
32513,44434487331,125380
32514,21018328003,25940
32515,19015833190,20900
32516,424654004,39850
32517,74427604153,28770
32518,142818732,46050
32519,59212332185,181790
32520,1116156053,35500
32521,534415944,38230
32522,1113102121,64280
32523,39235642139,197690
32524,486964866,42090
32525,12660304592,14100
32526,1471999622,70770
32527,10545485697,32040
32528,114327886624,119100
32529,5921037305,10000
32530,972303517,51820
32531,184195569242,29900
32532,1446829083,59680
32533,162100198337,15470
32534,17483253829,26420
32535,39604028268,18020
32536,1550593991,33590
32537,61042638688,15020
32538,2908755525,67550
32539,10460628957,25000
32540,68578517902,103950
32541,52254634753,30390
32542,51108562928,21130
32543,82590527677,16940
32544,36808459328,28370
32545,90877732279,101830
32546,1062035948,39780
32547,121328006,42790
32548,37626867549,31050
32549,1738052343,44260
32550,11094753535,31000
32551,105929741,41000
32552,5066738724,75520
32553,1571596295,35970
32554,128567282277,113480
32555,15139950852,12000
32556,33786480230,11250
32557,148522245,45860
32558,307021607,39130
32559,10710322980,32770
32560,1757687966,80680
32561,83140906453,131450
32562,1631738995,1000000
32563,3829209781,71060
32564,325372094,44050
32565,586244091,39010
32566,300688973,47420
32567,1834089006,35020
32568,72486092345,19490
32569,100929380,45250
32570,10289649799,31040
32571,152756057,46300
32572,572433011,79100
32573,422381531,39320
32574,308095073,44530
32575,2627922325,34690
32576,254524967,45350
32577,56335760220,29750
32578,49375053451,24600
32579,207230984,39180
32580,27285891240,22640
32581,17089269526,26120
32582,72765563960,13210
32583,921347718,85680
32584,22228222233,24010
32585,113100706629,18310
32586,183016524603,14290
32587,1797516323,68550
32588,33264601265,27320
32589,1695291805,68160
32590,1450945752,50880
32591,24836711839,21650
32592,287045120,45070
32593,1125596516,53200
32594,2384530411,77780
32595,851428503,62190
32596,1576680477,52520
32597,227434353,45180
32598,93768562560,133390
32599,414655614,39460
32600,31229562343,30500
32601,187315199,45090
32602,125844076674,113270
32603,2685223976,35800
32604,3753006713,354740
32605,1416184182,74190
32606,22710457019,23010
32607,941432475,76680
32608,18646345859,20000
32609,29632216199,25470
32610,75265126808,147740
32611,17913562656,22840
32612,16679862710,26290
32613,45016106005,22740
32614,32635120117,11200
32615,93814257728,23870
32616,37567752094,159050
32617,347066566,39550
32618,4746785168,324340
32619,37083274318,28440
32620,28831914222,15780
32621,23211945639,26450
32622,306243809,47450
32623,8037842913,21950
32624,1234061710,55040
32625,1072709312,33100
32626,286525382,42710
32627,760233125,38220
32628,5921037305,10000
32629,175952284,43800
32630,83243143,45190
32631,15075237399,20500
32632,4582309308,83890
32633,15139950852,12000
32634,21256246165,21800
32635,4452498776,305530
32636,52509947800,117190
32637,61241520492,27130
32638,1531506051,49380
32639,23891581283,31060
32640,903110811,50120
32641,121011637850,15540
32642,261865260,42460
32643,3524632878,73160
32644,770721784,51750
32645,1017552751,37220
32646,126888602996,29860
32647,51245873680,20640
32648,58898481965,23360
32649,30226971708,27790
32650,1639200157,44390
32651,3439547843,56470
32652,103545942,47300
32653,60640256246,120800
32654,40412903977,108610
32655,85785499489,17670
32656,92923004936,103710
32657,2584122018,77010
32658,83579052,43000
32659,49130761050,100150
32660,1710832223,53480
32661,49950318601,26950
32662,9131255530,17200
32663,89637957998,29330
32664,36911250830,20940
32665,3396710767,82340
32666,1002859373,58860
32667,13977867678,24400
32668,925902524,38690
32669,913681874,55630
32670,26813193660,13970
32671,1918357512,58370
32672,26290561592,28600
32673,670293721,36120
32674,53840856249,19440
32675,1230530036,53310
32676,405672651,42750
32677,12956944537,16200
32678,207431683,41640
32679,2607188054,62180
32680,2506049939,410770
32681,17324529314,116970
32682,79245177194,28800
32683,1661546047,79970
32684,316269838,41960
32685,44160343987,11900
32686,147109653180,113690
32687,19820949925,25090
32688,2381508863,34750
32689,22228222233,24010
32690,1887835034,500380
32691,16920717376,22800
32692,3221830573,60660
32693,20047359759,28400
32694,1044956962,74000
32695,105227157103,139500
32696,462712938,43970
32697,9677268621,31640
32698,3578464701,32160
32699,141075573972,24240
32700,64898290512,29050
32701,1130576654,36230
32702,1631738995,1000000
32703,1459288437,38480
32704,17352688335,13240
32705,555654719,91250
32706,3294360883,78230
32707,51480690814,19920
32708,3313124016,59060
32709,1456335692,49980
32710,173531469778,16330
32711,62050792018,17220
32712,183938076,43880
32713,2077234290,66730
32714,2957305427,59890
32715,947955481,38730
32716,526448295,38640
32717,15282441909,31600
32718,14112508657,31980
32719,64576378693,171630
32720,448357012,44930
32721,8085474109,11000
32722,3339688532,35240
32723,1690717450,70170
32724,1309521169,808540
32725,19913212122,14400
32726,42484091798,27700
32727,1966323101,34710
32728,4969208629,92670
32729,100275085420,28490
32730,2174299884,36260
32731,1539569393,64950
32732,10753109148,22060
32733,64401351469,148960
32734,2825195103,60860
32735,87259594940,112340
32736,64552754153,101900
32737,1450945752,50880
32738,528564721,57620
32739,1503643839,47850
32740,4822970492,71620
32741,1024898409,37180
32742,586991972,36980
32743,93181636467,28880
32744,1206558770,66980
32745,45184795444,14360
32746,1771178308,34530
32747,766491088,38780
32748,85575873,45050
32749,971375384,50500
32750,20249118852,23150
32751,21779733392,16710
32752,39561734780,102420
32753,26848678271,32120
32754,4250146741,33600
32755,55488647090,17260
32756,16496210356,23850
32757,132612338,39070
32758,218254140,41040
32759,441296639,38190
32760,16680645035,13750
32761,27586585426,33220
32762,21271550925,31650
32763,48528795678,14650
32764,19447024870,25860
32765,3342105591,65430
32766,15209110968,25300
32767,17577069175,13760
32768,78202753357,16160
32769,3261896343,58770
32770,155705038,44170
32771,13262870369,30950
32772,37378231467,25270
32773,31265914644,11600
32774,80104964039,29280
32775,13597838470,21400
32776,19876439793,30100
32777,154030490897,97960
32778,2881351931,32500
32779,190426979,39620
32780,84593545698,150210
32781,1692693188,77180
32782,51245873680,20640
32783,13074164597,16600
32784,401120146,43950
32785,460217872,37920
32786,1008260659,51680
32787,77575422683,116230
32788,309260537,41100
32789,1834089006,35020
32790,23801859917,22540
32791,1503154573,735330
32792,14854935840,26000
32793,84176945856,159700
32794,42489225706,16880
32795,15824340416,31220
32796,393415785,38630
32797,12157445989,17800
32798,12157445989,17800
32799,715875897,54350
32800,1665829483,53900
32801,5881796817,70630
32802,146474386864,22940
32803,74025124402,158640
32804,448357012,44930
32805,91314454097,135160
32806,57925406744,15220
32807,2639650600,92270
32808,1631738995,1000000
32809,993384713,36400
32810,168179807,43760
32811,153102937233,108560
32812,65800996925,20650
32813,54194807280,15240
32814,12800337729,19080
32815,153307044021,15370
32816,21562116980,12320
32817,57107389399,27280
32818,2273718244,47920
32819,5172271447,86130
32820,378468355,38080
32821,45632610231,25040
32822,2439816565,73170
32823,672067418,53240
32824,2484423433,61350
32825,16149569609,239660
32826,190426979,39620
32827,64174328787,10760
32828,20982986249,28850
32829,51351898035,120660
32830,1264337163,64090
32831,74582275647,130180
32832,62824168591,20180
32833,76499235718,21430
32834,9131255530,17200
32835,47005371111,18420
32836,248371193,41750
32837,23623676402,21560
32838,3512730700,86330
32839,836749559,66850
32840,26614884467,16800
32841,45775561671,16180
32842,12669680225,31770
32843,58091400410,14280
32844,527106431652,20310
32845,539701280,36290
32846,143923548036,107790
32847,1175518397,55000
32848,1631738995,1000000
32849,2742390603,32900
32850,17816376891,31400
32851,91113442,40220
32852,225846202,44450
32853,29632216199,25470
32854,26285418960,31200
32855,1738094346,34440
32856,1066932586,63440
32857,22077591852,19150
32858,82333143928,13870
32859,5442605242,52570
32860,48326487621,18120
32861,152609468922,14130
32862,9617972623,20540
32863,1631738995,1000000
32864,129881612290,30690
32865,1478148334,51940
32866,39566793244,95940
32867,54118540783,179480
32868,1760550635,50540
32869,26381824151,30230
32870,8037842913,21950
32871,4416217305,84280
32872,45083877970,19610
32873,951295700,37900
32874,331019354533,29550
32875,25297291654,13590
32876,60327809007,28650
32877,1714133943,34040
32878,27153562936,19380
32879,47327142953,30120
32880,2175991433,49480
32881,8085474109,11000
32882,153708336059,15090
32883,176898166819,20070
32884,1602365715,35770
32885,53378104941,20040
32886,22199368675,26540
32887,9618791272,32560
32888,44394028370,14910
32889,81608179491,20080
32890,1438829217,82710
32891,912193339,51440
32892,47590817538,15700
32893,722439760,39940
32894,191639277,45220
32895,993384713,36400
32896,729566850,34400
32897,137182569270,13170
32898,649714857,52800
32899,1748479526,33170
32900,169496546,42860
32901,77520830140,152920
32902,8018007742,33440
32903,39005083666,23120
32904,370171284,42400
32905,8746143840,15800
32906,115014292,45230
32907,9917822452,32280
32908,154720533922,111990
32909,15877656541,24250
32910,28694947024,27200
32911,246649414,45870
32912,14406325076,28100
32913,31705464373,12970
32914,83731277822,96080
32915,66980122242,21270
32916,85323155985,24690
32917,60217269,43920
32918,8085474109,11000
32919,80547999181,21390
32920,39016062947,175730
32921,284665383,43840
32922,1269250563,85690
32923,170481357541,13790
32924,26766140139,17590
32925,4119243392,50510
32926,49413258698,22810
32927,17913562656,22840
32928,8967539344,32150
32929,57968587629,14350
32930,27940405232,196210
32931,33973621953,20850
32932,14854935840,26000
32933,19115025399,31130
32934,6764665872,52560
32935,58962650593,25750
32936,110308372724,144160
32937,8788397572,33470
32938,3985070804,33300
32939,2831241368,378560
32940,21797622356,11800
32941,123203558799,29250
32942,1425402861,40930
32943,24252413441,20200
32944,298707558,40180
32945,12745329493,265970
32946,40509875064,19090
32947,213804296,40060
32948,954770377,49070
32949,1631738995,1000000
32950,85462368157,128110
32951,54916054073,23630
32952,114174616,43680
32953,925032490,56800
32954,137195328,47480
32955,20312580565,31710
32956,49381445260,23550
32957,28229514027,18550
32958,495586357,51000
32959,1830358843,87880
32960,802212922,62040
32961,178917078,41240
32962,11835720014,31850
32963,2554714068,34270
32964,71670533558,28840
32965,331373844263,29590
32966,2790851456,34450
32967,16045577416,16000
32968,77358320092,25870
32969,5370666784,32760
32970,19733236061,17650
32971,3475875261,34010
32972,1377465902,82880
32973,1031361441,62060
32974,26015099191,16630
32975,13327051013,12800
32976,6536029761,12400
32977,13937887246,31160
32978,37464328803,10880
32979,79766442212,23530
32980,2162008504,92320
32981,1077100663,60220
32982,340316873,42780
32983,32881649327,16860
32984,1106560539,48710
32985,35609020232,25110
32986,71885048,43750
32987,30809472740,20620
32988,7799241001,32970
32989,68707185434,166140
32990,172769859,41720
32991,39733120972,27440
32992,55950604904,147000
32993,52916706695,149700
32994,74354120579,26990
32995,462618438,41870
32996,48106561534,17680
32997,38025505020,18060
32998,850311287,85770
32999,16045577416,16000
33000,2204359227,78150
33001,262709266,44160
33002,1631738995,1000000
33003,3680650113,34600
33004,2423162791,49920
33005,1060415951,38740
33006,30115678114,18480
33007,119569756,46360
33008,55456818348,19970
33009,23801859917,22540
33010,2830464353,62960
33011,206665880,46500
33012,12579447919,19550
33013,904772282,63850
33014,2513321011,63660
33015,49950318601,26950
33016,30561579825,25520
33017,686805446,36240
33018,2474520114,49550
33019,1809368779,36150
33020,1667104277,67130
33021,10460628957,25000
33022,1631738995,1000000
33023,129364709843,21830
33024,202944663,44430
33025,1364143593,47330
33026,38294574307,24220
33027,593595130,38550
33028,5239906787,76400
33029,97161135608,29450
33030,2574858930,83350
33031,107335174215,29130
33032,73079687,45290
33033,99330889937,137110
33034,1086538446,52380
33035,5425841059,243910
33036,2074499570,61170
33037,971375384,50500
33038,15269062707,11500
33039,1582506483,85910
33040,34816312754,14470
33041,1537310706,65580
33042,75455562305,17060
33043,788953203,36000
33044,63795945201,119250
33045,1265342839,59740
33046,86772968,46620
33047,67652384114,10700
33048,421511376,41280
33049,27963580724,16690
33050,2160661217,33240
33051,47495969857,25320
33052,62567339635,22450
33053,187571086,43700
33054,5879316474,60240
33055,18307813892,26600
33056,2140949733,74850
33057,54108542506,14590
33058,3216871134,54480
33059,912193339,51440
33060,468477751,44960
33061,1720198094,78520
33062,27776778220,22750
33063,167338567312,109260
33064,21287332433,31890
33065,373789449,37940
33066,124330811523,107500
33067,59404347204,123550
33068,229520041119,29510
33069,4286166684,67790
33070,141075573972,24240
33071,28239516012,25200
33072,8346863649,32710
33073,1048774713,61370
33074,1587580952,35260
33075,7171896670,18400
33076,360673622,45340
33077,3495238246,50330
33078,57752642392,106760
33079,11428586638,26080
33080,53558931702,182600
33081,34301978873,23230
33082,51180551841,23750
33083,2016444455,619500
33084,23035858811,22050
33085,14401704407,16500
33086,2586408678,66840
33087,33808150331,25680
33088,58789430977,17450
33089,21288505553,14520
33090,18628129908,24380
33091,338418945850,10330
33092,42776227094,22290
33093,446484289484,11810
33094,18886533744,20790
33095,94422536356,11830
33096,1007587212,47820
33097,1458790427,62480
33098,39915727804,10040
33099,2217169894,74990
33100,77318911205,99380
33101,25970337110,117840
33102,52607696761,23040
33103,75178766258,13340
33104,45204939260,10900
33105,98467339457,17610
33106,58736990766,13330
33107,22638781700,12580
33108,99955399,46730
33109,116256958139,29270
33110,3736822851,33790
33111,37547961631,16900
33112,528564721,57620
33113,15075237399,20500
33114,74260332675,103830
33115,284665383,43840
33116,24490191066,151380
33117,352619721,41790
33118,70094774695,118030
33119,33164507023,26260
33120,1099842406,78690
33121,10289649799,31040
33122,3761016911,34680
33123,1333428994,78170
33124,49359018714,15250
33125,44739121196,18240
33126,24707988149,13900
33127,1212350998,62560
33128,30809472740,20620
33129,80409751380,30320
33130,35681395866,25400
33131,1464000125,38570
33132,981231282,53840
33133,157215732671,117170
33134,15739671791,31840
33135,36291091355,20440
33136,64471100549,97000
33137,16621932651,17300
33138,35427407247,12100
33139,15328257395,26340
33140,2702770635,82200
33141,2492420179,34970
33142,1161554838,85760
33143,48607470664,28090
33144,890798603,57490
33145,43757809,46000
33146,1713736983,88070
33147,2143746421,67320
33148,280664916,45570
33149,920023500,86420
33150,673564716,64380
33151,41957637985,164810
33152,8592713409,16550
33153,22887395746,19600
33154,1188872627,37830
33155,962307346,55520
33156,73853166671,105160
33157,67869473195,22730
33158,517483321,40540
33159,37886404387,189720
33160,2413549571,72250
33161,1168231102,51910
33162,4198959378,34210
33163,11937178087,252570
33164,91555941914,27860
33165,6605409452,32170
33166,10777764971,11400
33167,37423098053,20980
33168,1941091566,89100
33169,35235920,47200
33170,28575728644,21860
33171,323376822,45850
33172,20779417236,217560
33173,1168231102,51910
33174,47385819368,22260
33175,97236810,44950
33176,22121110597,26200
33177,110365433554,19810
33178,52029375826,28290
33179,1827091444,77170
33180,1548143380,78950
33181,4600682694,33970
33182,36118879660,26140
33183,1002173127,51640
33184,1888438610,37000
33185,1064289268,61180
33186,128522310772,29200
33187,5102164291,92850
33188,1430080786,50250
33189,62337635512,12950
33190,3898809431,84690
33191,520982089,62000
33192,65804347944,145280
33193,44265852448,115930
33194,1795306695,55020
33195,21439255372,18110
33196,1479351498,63820
33197,153030029,45360
33198,41424530923,181200
33199,265841866,46180
33200,1631738995,1000000
33201,51444035286,16380
33202,299431873,44770
33203,108075561023,140590
33204,97431212785,21610
33205,1349753984,51140
33206,3733759576,92910
33207,39005083666,23120
33208,83528814,41820
33209,963676411,36520
33210,16128464735,16150
33211,81355524747,17400
33212,21779733392,16710
33213,38199392376,11860
33214,144682939,44040
33215,39733120972,27440
33216,1509141265,34080
33217,2610136349,34310
33218,55374624092,12040
33219,295129914,41400
33220,90068509,47110
33221,1217757231,92940
33222,2583665577,48470
33223,8933766969,10120
33224,23338015042,16100
33225,109603610131,105790
33226,699075445,35620
33227,3121314200,48020
33228,9860075636,274320
33229,73155169420,27180
33230,6466075967,32690
33231,70758428673,11920
33232,488441464,43740
33233,236960803,37410
33234,30709358619,17510
33235,30561579825,25520
33236,433963396,45950
33237,13378711542,12600
33238,1192712548,65790
33239,17945253211,240170
33240,16045577416,16000
33241,3354030972,83780
33242,117210791201,24970
33243,8581767922,32550
33244,773295980,44630
33245,1650756823,37270
33246,51571577193,168480
33247,83052142214,11680
33248,40143322519,25720
33249,27006917803,19260
33250,26434377401,18100
33251,11214989092,22980
33252,65321368387,28550
33253,49777359859,24580
33254,2627922325,34690
33255,653518636,56580
33256,2418348882,54100
33257,906316090,67440
33258,1502193693,48150
33259,10270772425,18700
33260,60140852560,20880
33261,1240223226,78870
33262,27681409375,27000
33263,2422086007,76240
33264,14466649155,34150
33265,624135090,55180
33266,1101482311,79600
33267,52386653634,29120
33268,309643652,39900
33269,44415337667,28260
33270,223208169,44110
33271,1146116298,69260
33272,3510398616,75670
33273,854883682,63360
33274,1532805375,48870
33275,17967957924,18030
33276,255955687,46950
33277,28089660686,15900
33278,44771031966,30550
33279,65381773729,27080
33280,40619608490,19350
33281,26852757475,15650
33282,386209859,41990
33283,61467253282,18790
33284,67953786265,152670
33285,22429456554,19700
33286,135604023,46800
33287,1901546824,66480
33288,1341461886,60960
33289,500180676,38930
33290,38946778013,25920
33291,49359018714,15250
33292,46356008569,18980
33293,4051492848,85090
33294,1792230918,66300
33295,7742634553,34860
33296,20483685045,24680
33297,56663813217,20660
33298,66289101676,29950
33299,346737566,39400
33300,23891581283,31060
33301,1643631467,35950
33302,788953203,36000
33303,1274800634,50200
33304,36821475109,19320
33305,1808390984,77140
33306,11460828157,263050
33307,24362149542,24150
33308,131960287837,105060
33309,16253970402,30760
33310,129004327884,127910
33311,41310928181,12990
33312,2179303903,78070
33313,1724774500,70980
33314,754423723,59320
33315,18307813892,26600
33316,31965056762,16400
33317,369908415,39250
33318,7623443849,18500
33319,153467040,41180
33320,3576022235,34620
33321,1030534069,54550
33322,1532805375,48870
33323,114177850,44350
33324,1060225033,51950
33325,6240140673,35090
33326,54583536254,22030
33327,22887395746,19600
33328,328483496378,14610
33329,32470386257,28710
33330,59446441280,17540
33331,1919516614,49340
33332,77555504553,103310
33333,42484091798,27700
33334,56863531249,96200
33335,66390408205,19770
33336,106606170765,29930
33337,41132067628,27300
33338,85800874681,20230
33339,1869726327,36890
33340,60585077113,30480
33341,32497885421,14680
33342,45184795444,14360
33343,19477729694,25990
33344,614898278,90950
33345,454322706,47720
33346,29967860642,16650
33347,27520353423,30520
33348,864853774,78940
33349,4916422520,82920
33350,32635120117,11200
33351,891157635,86590
33352,23891581283,31060
33353,54719621738,122620
33354,16656548476,17500
33355,18032677363,18350
33356,12370260581,17440
33357,13977867678,24400
33358,37768543418,27850
33359,339957117,40830
33360,1224554872,50360
33361,27285891240,22640
33362,10588033325,23680
33363,4966059338,14200
33364,196284093162,15910
33365,107052404668,128560
33366,4424944880,32620
33367,1522800587,67240
33368,1061351690,70150
33369,767621107,50660
33370,14789513945,19790
33371,34346403621,22250
33372,131935748430,21810
33373,3765250027,53910
33374,1599073732,84200
33375,1063372437,56960
33376,104593023255,113190
33377,22638781700,12580
33378,25275200839,17350
33379,31180941172,20690
33380,5320876545,71130
33381,623436439,91560
33382,21797622356,11800
33383,6847361817,24080
33384,1406241935,71960
33385,39566793244,95940
33386,532428215,41390
33387,2407384323,55870
33388,36308356891,114580
33389,103545942,47300
33390,54056916280,19570
33391,85468721624,11930
33392,3005350981,81910
33393,36403960863,18520
33394,6968645360,13500
33395,5838385960,67120
33396,1890926846,68980
33397,1560294603,61860
33398,103388181430,13570
33399,762762186,53960
33400,754354668,88980
33401,2370155753,72860
33402,3984230615,49190
33403,1854059329,809500
33404,4876666259,47790
33405,83106196086,17770
33406,16922364702,202790
33407,3026703674,59470
33408,414655614,39460
33409,1027484393,49120
33410,18305845572,17240
33411,8961575045,33570
33412,60991101392,13310
33413,11740205694,25700
33414,1226651480,76060
33415,619306389,58550
33416,2243976179,78920
33417,155705038,44170
33418,936487306,70420
33419,101083304,44010
33420,111575305185,24670
33421,21631552444,26750
33422,3034302728,48280
33423,1755254181,49350
33424,1333777695,57980
33425,1036732897,61290
33426,82543121441,101940
33427,125223383683,15510
33428,225970779,47730
33429,26441271661,26250
33430,13378711542,12600
33431,290690343,38350
33432,17816376891,31400
33433,41334335293,25600
33434,14575236336,11050
33435,3407125932,95300
33436,1424645999,64020
33437,49105597402,23860
33438,34197580549,15200
33439,96749548081,25840
33440,27658983288,33390
33441,6536029761,12400
33442,16666559748,22200
33443,19621655952,13920
33444,105519470356,108290
33445,5640221134,34280
33446,1631738995,1000000
33447,978105902,85400
33448,508441697,40400
33449,921500073,55400
33450,3131163107,60760
33451,1631738995,1000000
33452,17913562656,22840
33453,1759310267,62920
33454,84622031903,22130
33455,2185777270,66740
33456,8384588150,35030
33457,88061372061,126110
33458,1400204117,94350
33459,1895911929,78250
33460,26721853715,207660
33461,1624545104,75160
33462,44265390677,25620
33463,1470313716,88660
33464,52057806061,19820
33465,5207892040,10600
33466,1562946977,73070
33467,104919748191,15150
33468,67354936590,21530
33469,1172609876,51880
33470,12175959216,13600
33471,1255704882,57660
33472,119100849015,28940
33473,25565025425,20190
33474,333538343268,29530
33475,2487165921,56720
33476,41501229438,23000
33477,2384530411,77780
33478,18305845572,17240
33479,59083013007,13140
33480,31272637609,23520
33481,31229562343,30500
33482,99291744251,17830
33483,55947192914,98660
33484,3605731813,89380
33485,59390328408,158900
33486,1627343277,87530
33487,49424817345,17160
33488,2583971177,80350
33489,575007723,39480
33490,66182785335,11560
33491,3659542944,83270
33492,2204956728,48820
33493,391825680,38540
33494,84767214321,29920
33495,594193791,37100
33496,7694107713,24900
33497,35609020232,25110
33498,417703744,35900
33499,36337466435,23490
33500,1760720453,95340
33501,100596830161,29700
33502,1562201458,69090
33503,32830187687,27900
33504,39915727804,10040
33505,1315134039,50310
33506,103632938719,17990
33507,93728465219,28250
33508,382417194,39300
33509,27776778220,22750
33510,69189115013,27500
33511,25922689803,25100
33512,64532778744,28590
33513,12542145494,32790
33514,1222889612,80780
33515,1662301289,34810
33516,26290561592,28600
33517,3958083071,91930
33518,1847117475,53010
33519,67764958701,16580
33520,37291167699,22080
33521,64189111235,11490
33522,325550878,41690
33523,155705038,44170
33524,117210791201,24970
33525,49954885546,25710
33526,4538992533,56020
33527,39814103731,30630
33528,727000833,50150
33529,15269062707,11500
33530,27858448744,211460
33531,149528554887,108730
33532,28532854762,20320
33533,2217498872,49090
33534,26381824151,30230
33535,179041528221,12030
33536,1221624715,664190
33537,227434353,45180
33538,25950007188,23900
33539,29487419306,143500
33540,199049820,43560
33541,1731891694,35520
33542,28452409701,11650
33543,118820551707,111410
33544,23239345271,12650
33545,14112508657,31980
33546,261663814049,10910
33547,1072709312,33100
33548,811298469,35980
33549,2462576827,47780
33550,1090037166,40950
33551,24792833125,13940
33552,3438051424,51070
33553,911167773,58300
33554,300688973,47420
33555,386703694,36200
33556,253753259106,24260
33557,379670148,44370
33558,15885102275,21750
33559,1222741054,66140
33560,418257067985,29440
33561,20334120816,19250
33562,31689794583,28050
33563,291505201,42220
33564,225143170,42440
33565,847563162,49020
33566,95993250730,139800
33567,37656571114,25030
33568,65390376476,15420
33569,8428149698,284670
33570,1720090768,64290
33571,1746992915,81630
33572,45616050575,26400
33573,89850048084,153730
33574,226635679,40970
33575,2633246038,94070
33576,36912513109,97120
33577,73401986374,142400
33578,15721573027,21710
33579,35809846307,25120
33580,27239955253,149590
33581,2086324526,36210
33582,44458561502,122600
33583,54461303160,110500
33584,2501056199,36220
33585,997782266,34020
33586,3675680351,32950
33587,18569873872,23300
33588,138613638,45790
33589,34051118165,16520
33590,152611704605,104930
33591,60256838359,12760
33592,2275150254,67990
33593,63578466333,18620
33594,5908571087,308600
33595,1112554537,60580
33596,26852757475,15650
33597,4002892791,84020
33598,31343462603,30850
33599,19516679946,24000
33600,151403046,42880
33601,1017279770,68610
33602,21343667691,12880
33603,1488943050,35930
33604,170955665905,95970
33605,12460692893,24920
33606,61406082,47620
33607,1395172573,54640
33608,414307714,36570
33609,882778274,35160
33610,32808586402,212270
33611,84693565684,148990
33612,4127695335,34230
33613,119819066,47500
33614,1631738995,1000000
33615,293811909,43330
33616,509896069,46770
33617,4653690989,93110
33618,138938485696,110060
33619,11322932870,14040
33620,1158563011,62940
33621,25782815157,19980
33622,84759813311,22230
33623,49489469370,16440
33624,101257967,45120
33625,45184795444,14360
33626,2048371778,49440
33627,62760612558,26610
33628,253425413,38450
33629,10708572650,12900
33630,1358286438,77580
33631,11542771524,269710
33632,109835242568,27570
33633,1058786959,56690
33634,8597498625,15300
33635,121017774,47660
33636,21133977922,186100
33637,43906743230,107300
33638,91275473137,143970
33639,58929175523,17630
33640,12956944537,16200
33641,12282619838,32030
33642,22750135145,21320
33643,57925406744,15220
33644,1698264549,33770
33645,21588729272,30600
33646,46745158604,24820
33647,1306532858,740560
33648,64061855658,123560
33649,86772968,46620
33650,42818496987,22700
33651,118546641724,23830
33652,14253139298,23980
33653,4549231477,78340
33654,110365433554,19810
33655,1306837732,605860
33656,1940077050,52620
33657,2696268362,47930
33658,1207305544,57630
33659,81354161288,24990
33660,542291409,38820
33661,27681409375,27000
33662,83070234966,113400
33663,76993929,44700
33664,3097598273,34650
33665,861673698,62310
33666,79849030588,27970
33667,118609779204,15210
33668,20244260098,31580
33669,20328737308,27660
33670,65321368387,28550
33671,33527478892,19660
33672,2436277175,79650
33673,4877143345,338850
33674,1649210722,68690
33675,2204956728,48820
33676,15118294498,27010
33677,52756244431,16680
33678,152907000674,30260
33679,78548899083,16350
33680,225143170,42440
33681,5284569104,59000
33682,6968645360,13500
33683,2339176567,51740
33684,509618491,46120
33685,1388650375,70010
33686,3430458143,35400
33687,2881351931,32500
33688,331373844263,29590
33689,2268348706,377390
33690,1892327141,35210
33691,5076772438,277730
33692,39577525050,19780
33693,254226091528,29580
33694,36337466435,23490
33695,120075664709,10140
33696,7171896670,18400
33697,25275200839,17350
33698,1390368337,59700
33699,59763139801,30580
33700,32093453406,14840
33701,1881435351,907530
33702,73155169420,27180
33703,394927874,38300
33704,94645239809,30280
33705,5048166092,80480
33706,2727877506,61200
33707,51444035286,16380
33708,49413258698,22810
33709,118609779204,15210
33710,28592621127,21220
33711,1002859373,58860
33712,47615883511,27100
33713,40958045541,191410
33714,15635220941,25060
33715,43271837939,21480
33716,151213742232,105760
33717,16310027550,25050
33718,24235127208,27020
33719,106606170765,29930
33720,1760161574,74160
33721,21288505553,14520
33722,25729367717,24830
33723,64532778744,28590
33724,57343371692,23420
33725,74644239021,111360
33726,479224048,40960
33727,4127695335,34230
33728,58929175523,17630
33729,5672801744,70510
33730,36879273869,17140
33731,526287002,54460
33732,23927692354,26640
33733,957778084,35650
33734,26826166714,33280
33735,981297216,53440
33736,577366034,39390
33737,1115258344,68110
33738,967689915,34700
33739,3182760860,56440
33740,1665837218,36020
33741,156964936856,109160
33742,1735764934,452100
33743,133704853279,29420
33744,52065406763,22020
33745,13077299177,15620
33746,297852860,37400
33747,1496051077,79980
33748,436528380,41260
33749,4058823465,80330
33750,21708211240,24810
33751,1356162665,50140
33752,1531530356,55580
33753,139086468654,123160
33754,21817176627,19120
33755,23964761158,15840
33756,96183231348,13510
33757,552578811,54300
33758,43757809,46000
33759,4719105190,75020
33760,78922264,47150
33761,13618910578,19900
33762,32277474896,18680
33763,1197626263,60480
33764,10708572650,12900
33765,3391174760,35220
33766,345818912,47390
33767,2285114144,57950
33768,8085474109,11000
33769,78132681,43520
33770,817050770,47880
33771,1582506483,85910
33772,1622919162,48960
33773,22108093345,21440
33774,567022855,38500
33775,899253829,76790
33776,2355047111,92230
33777,70761788511,156450
33778,9705234307,49840
33779,4754293554,90710
33780,17324529314,116970
33781,434613057,36160
33782,63268072804,171030
33783,806802254,39920
33784,3218283428,50790
33785,47974690022,20670
33786,56730751704,22520
33787,1731071928,55550
33788,6298459752,290720
33789,73838320521,20630
33790,17699354512,15050
33791,15256087012,10300
33792,19166847708,16480
33793,6735664401,32260
33794,58301785691,21140
33795,97880133,45450
33796,706544623,53950
33797,3428058188,84710
33798,40107433283,15040
33799,131348039831,27260
33800,8597498625,15300
33801,47145317344,16890
33802,59521091475,17810
33803,31108790427,28160
33804,1715828315,50180
33805,51132409411,14540
33806,882415535,83510
33807,2289333820,50170
33808,111164141689,15390
33809,289105316,37510
33810,34197580549,15200
33811,73802628198,27170
33812,17913562656,22840
33813,84259873080,15820
33814,28239510390,25450
33815,1890308942,89000
33816,63247325082,25950
33817,20399910663,225350
33818,1860576486,51370
33819,55701451700,10380
33820,72056434002,98570
33821,2005173606,69270
33822,13077299177,15620
33823,23623676402,21560
33824,152267874,42000
33825,45016106005,22740
33826,11740205694,25700
33827,22108093345,21440
33828,17040484266,23950
33829,57538257616,25230
33830,15348844245,17480
33831,1074740555,78110
33832,1318413446,79230
33833,96789736572,28430
33834,13618910578,19900
33835,12956944537,16200
33836,3333029450,49670
33837,539701280,36290
33838,1656388370,66120
33839,151092871204,29600
33840,30719654234,22320
33841,91555941914,27860
33842,13977867678,24400
33843,86857621363,22760
33844,21562116980,12320
33845,25390870946,21340
33846,2168652353,63990
33847,326046808,37010
33848,20244260098,31580
33849,115639754280,97410
33850,93946037763,106860
33851,76419625352,29640
33852,72787882081,24130
33853,7402605866,261430
33854,2423344870,58850
33855,1093004842,35480
33856,595433583,37520
33857,1835414816,79510
33858,115423471543,11470
33859,61225260345,18720
33860,59119266873,27120
33861,128408980075,27430
33862,526448295,38640
33863,19913212122,14400
33864,382417194,39300
33865,30412907126,18640
33866,627432508,86570
33867,1420897545,68970
33868,36485850456,12160
33869,478526148,41530
33870,45276330903,16450
33871,17540990784,15030
33872,958250947,40430
33873,2439367630,55890
33874,1869726327,36890
33875,27825526306,17900
33876,1002961399,37800
33877,874510352,54740
33878,665681369,90000
33879,20707959506,18860
33880,2004491699,53940
33881,1843760201,37080
33882,75638280613,157960
33883,114174616,43680
33884,5132397483,66370
33885,1152365111,83060
33886,128862330622,15180
33887,15256087012,10300
33888,12460692893,24920
33889,3469888511,75270
33890,14983675041,32330
33891,29519184146,29040
33892,1631738995,1000000
33893,62760612558,26610
33894,27453873209,26690
33895,1631738995,1000000
33896,8980836246,32990
33897,19452232416,23220
33898,405438678,38750
33899,34202441186,22400
33900,36118879660,26140
33901,4445775289,61070
33902,1631738995,1000000
33903,56498784100,28810
33904,14216936880,18600
33905,34346403621,22250
33906,25238803212,20460
33907,496555472,36050
33908,59763139801,30580
33909,1631738995,1000000
33910,2920275994,63720
33911,27021423680,23390
33912,44290276242,23700
33913,35427407247,12100
33914,62050792018,17220
33915,11171899613,24450
33916,46838785900,27880
33917,54873856257,23130
33918,1182759027,35840
33919,4341437986,93670
33920,504496466,39960
33921,2001824176,59390
33922,2814215203,61990
33923,36200005581,28240
33924,6794665272,33360
33925,2685223976,35800
33926,2036664112,50830
33927,54125178661,111550
33928,564183957,38700
33929,25320306351,22860
33930,91903229637,16080
33931,4406570004,60490
33932,1076951788,66780
33933,23959612898,18750
33934,372155866,45150
33935,384404229,41610
33936,48477139296,12460
33937,39149199429,14900
33938,638638094,38800
33939,15680717211,23050
33940,30859014812,23560
33941,585470461,56990
33942,35922754479,20350
33943,1848395580,37140
33944,2900415767,75860
33945,2722158511,78470
33946,1706930155,56170
33947,32942908226,16300
33948,12370260581,17440
33949,40919572290,11940
33950,1935742425,52890
33951,72643908819,12920
33952,45942275295,13950
33953,158218983,40420
33954,74881020275,122370
33955,45093937968,157570
33956,19558299507,14880
33957,38465057091,32080
33958,211991544,43390
33959,1063372437,56960
33960,18061541782,27710
33961,1143451295,72020
33962,394927874,38300
33963,1961742952,67000
33964,67069395640,21490
33965,22825466302,31880
33966,537733467,41550
33967,26799977040,21720
33968,197607675,41830
33969,31120345513,27610
33970,820227571,70020
33971,12800337729,19080
33972,100596830161,29700
33973,46848216759,15760
33974,1637457051,71990
33975,33454510396,26210
33976,1592087188,67340
33977,297070175,42720
33978,147074571454,29880
33979,10136440557,30560
33980,102049838113,20030
33981,18102980032,14800
33982,1206558770,66980
33983,4192472573,55670
33984,4895708826,308840
33985,103388181430,13570
33986,369908415,39250
33987,45942275295,13950
33988,1631738995,1000000
33989,576198569,36810
33990,55967580342,14710
33991,1643197770,91850
33992,124132070,43940
33993,6857926726,53150
33994,64570007221,15810
33995,128522310772,29200
33996,10270772425,18700
33997,49063758173,23020
33998,98492533050,134610
33999,18290663502,21840
34000,2962124386,69970
34001,854308555,87120
34002,13378711542,12600
34003,46549464576,14860
34004,48233420339,25240
34005,14216936880,18600
34006,36485850456,12160
34007,124212322538,15730
34008,270577793,40150
34009,32664879670,23620
34010,28727425069,29030
34011,32942908226,16300
34012,56863531249,96200
34013,80104964039,29280
34014,4615617384,80120
34015,2107442319,57580
34016,1794344209,66060
34017,1992008370,35320
34018,2737621213,35740
34019,55007371409,27560
34020,37656571114,25030
34021,1377089934,51900
34022,8116726785,290550
34023,567025553,38270
34024,711613273,61590
34025,133261509776,128320
34026,21894588801,23600
34027,594193791,37100
34028,1088409901,49710
34029,41851576292,15400
34030,41762742490,21620
34031,12564986713,25760
34032,53744940,44890
34033,70825573759,26430
34034,82590527677,16940
34035,26692492132,28150
34036,54916054073,23630
34037,11214989092,22980
34038,52059997494,30640
34039,463866674,42670
34040,993384713,36400
34041,14720086762,21150
34042,68464200458,170140
34043,24889431040,16260
34044,864547034,73790
34045,317128054,39990
34046,52954844225,27750
34047,15415977530,15000
34048,83842384078,24040
34049,3705058466,91990
34050,5207892040,10600
34051,11428586638,26080
34052,54325580362,11300
34053,17284911426,22990
34054,508607459,38340
34055,861673698,62310
34056,3270252826,60070
34057,135874898,39840
34058,4854570977,31700
34059,86210728663,24310
34060,50684659701,25410
34061,36482134180,30530
34062,100347566,47570
34063,114015166253,104480
34064,17816376891,31400
34065,104505943011,116400
34066,24362149542,24150
34067,48600534478,22090
34068,1940077050,52620
34069,333511825,46250
34070,72436479231,20420
34071,5207892040,10600
34072,1012736886,62380
34073,39059444512,25850
34074,92853523305,16320
34075,219808637,45750
34076,61608273333,100260
34077,5895104079,55470
34078,542702668,57180
34079,23338015042,16100
34080,15415977530,15000
34081,41960725561,27150
34082,495586357,51000
34083,40581309322,21180
34084,36118879660,26140
34085,14260621217,23650
34086,31272637609,23520
34087,49359018714,15250
34088,1518008875,58480
34089,1656789849,72780
34090,786568730,56390
34091,1735538039,93480
34092,815937496,67180
34093,65541575233,20210
34094,1743630640,78180
34095,23035858811,22050
34096,87408291606,13050
34097,4083723954,91660
34098,1345768938,63900
34099,8143426756,32820
34100,22638781700,12580
34101,1631738995,1000000
34102,555654719,91250
34103,219542893,38910
34104,368844630,44560
34105,3584277310,93690
34106,53699787391,149310
34107,37045766564,25640
34108,177656041608,97020
34109,951295700,37900
34110,53901635036,123760
34111,11661087339,275810
34112,57757055267,24470
34113,4584263012,33070
34114,20214540506,24190
34115,101083304,44010
34116,17324529314,116970
34117,921500073,55400
34118,295614536,42500
34119,2665111018,33500
34120,225846202,44450
34121,92109690679,124240
34122,120558737,44320
34123,1466703436,57400
34124,1489893802,52390
34125,23357523209,26850
34126,595433583,37520
34127,120869832506,119110
34128,46991134952,16770
34129,134540055239,115130
34130,6740202111,31940
34131,20022503287,20060
34132,223208169,44110
34133,41052939509,18390
34134,1239447018,36300
34135,35393760318,13190
34136,79121136335,21970
34137,2392560478,49030
34138,330270936,44420
34139,36297534223,16840
34140,2172945808,76720
34141,743266878,36760
34142,2323428132,51020
34143,1775269617,50620
34144,63623718990,27940
34145,1190299858,65830
34146,110176673593,21980
34147,40838574989,28040
34148,92993092403,117780
34149,20214540506,24190
34150,11202247979,32380
34151,137908304759,125260
34152,1931589495,83950
34153,1437069646,67740
34154,839678439,40530
34155,28361974087,11700
34156,1033693647,65640
34157,1918415876,89990
34158,786879774,37690
34159,20982986249,28850
34160,96220940435,17960
34161,19381245471,32370
34162,36879273869,17140
34163,12182235393,16920
34164,1839348420,52490
34165,52022327352,15380
34166,4969816114,53670
34167,19889035527,21700
34168,1478596572,85220
34169,981297216,53440
34170,2650769718,34950
34171,6618928776,31350
34172,28809671951,15600
34173,15139950852,12000
34174,70348835290,25930
34175,48363238717,16250
34176,1326793974,78030
34177,27382133872,24980
34178,827490366,39790
34179,19516679946,24000
34180,735503252,37380
34181,32635120117,11200
34182,1145660652,52310
34183,26766140139,17590
34184,49783597064,14780
34185,13778644135,17070
34186,3097598273,34650
34187,25782815157,19980
34188,1002961399,37800
34189,123647571826,130340
34190,719781309,54000
34191,47744486793,25080
34192,1386990083,83960
34193,121328006,42790
34194,1391917284,71810
34195,321337963,43100
34196,94346318091,145670
34197,82272825071,15170
34198,72926475548,24420
34199,2088824165,89740
34200,1809368779,36150
34201,6847361817,24080
34202,93887203998,106200
34203,94358824584,147470
34204,82925456600,24560
34205,24836711839,21650
34206,45116285441,15670
34207,7235591285,33690
34208,105199937823,121150
34209,91385771650,23180
34210,23530631499,26320
34211,1757687966,80680
34212,160984375113,22430
34213,1080765144,35600
34214,2519242735,80850
34215,2318495246,68630
34216,27391134488,28200
34217,597608919,61620
34218,199430731,41480
34219,87410203984,27050
34220,2398422053,84700
34221,85365941042,103900
34222,47066111055,17880
34223,654665891,75580
34224,3564967825,32450
34225,802212922,62040
34226,1563077090,476040
34227,58898481965,23360
34228,11169498489,31800
34229,5921037305,10000
34230,3343163255,78450
34231,33527478892,19660
34232,48477139296,12460
34233,215915717,47170
34234,87711931496,17780
34235,1003974561,40130
34236,126922650107,19710
34237,20753605114,20720
34238,1069762860,48500
34239,2313591278,33800
34240,1193484985,53040
34241,575007723,39480
34242,577621887,38150
34243,1853249643,82490
34244,53228220556,22920
34245,333246718,44490
34246,1043270488,76600
34247,2384823119,81890
34248,49413258698,22810
34249,23136038329,13440
34250,1631738995,1000000
34251,60991101392,13310
34252,872431084,55050
34253,54125178661,111550
34254,105297355168,107920
34255,13977867678,24400
34256,1975737998,79730
34257,4966059338,14200
34258,1444506076,95240
34259,743266878,36760
34260,284074140,41900
34261,12755555429,17470
34262,2547380790,35880
34263,43731534449,10980
34264,1190801289,58080
34265,50332233856,103400
34266,23214113792,32630
34267,70673149381,13830
34268,31694191897,25560
34269,1680516862,62810
34270,68955529987,157890
34271,59591093401,25820
34272,25922689803,25100
34273,29505504515,21260
34274,713115969,38460
34275,1515381697,66750
34276,189885527763,24630
34277,52386653634,29120
34278,1405592789,35140
34279,54653907275,13480
34280,674882483,37450
34281,1040966627,78680
34282,2781527654,437680
34283,668040133,52120
34284,32514229560,140770
34285,129727782415,14960
34286,1600360913,65160
34287,55353179998,18530
34288,17358837590,27480
34289,1410190845,52460
34290,4732222352,34050
34291,875954773,67540
34292,1125596516,53200
34293,24388907569,27950
34294,86007273344,27630
34295,3564967825,32450
34296,83985160666,21060
34297,45440822326,30180
34298,138963756,39500
34299,83680402609,20710
34300,59651360264,30360
34301,1811584398,77890
34302,35344470911,16750
34303,2439999946,38770
34304,21817176627,19120
34305,30561579825,25520
34306,222382913,38600
34307,23384686339,21680
34308,12157445989,17800
34309,5370666784,32760
34310,11051108822,32940
34311,531109532,40840
34312,52086938502,122940
34313,126159770,40560
34314,1954227484,48850
34315,1193484985,53040
34316,316546887,40660
34317,44601256535,110370
34318,1322608488,89610
34319,1631738995,1000000
34320,1325397370,70790
34321,66407312744,131710
34322,2338436115,38070
34323,3696576114,36140
34324,142251444344,14730
34325,105888030,46450
34326,91555941914,27860
34327,467625318,44190
34328,49063758173,23020
34329,60650416742,16360
34330,29278399330,17320
34331,1126374415,39640
34332,1235846993,79120
34333,6837661579,52610
34334,49124583227,22610
34335,3196093679,33850
34336,5212274845,32640
34337,25114083678,11190
34338,539714944,37680
34339,1490805317,89150
34340,439751259,46130
34341,2400810617,386540
34342,180383241294,103380
34343,880387844,76960
34344,1741720458,51530
34345,208808126,45020
34346,349099405,47220
34347,13851673776,19200
34348,1346657706,64620
34349,309643652,39900
34350,706544623,53950
34351,42715357006,132920
34352,24263189038,13000
34353,95724542696,27640
34354,1099500483,63490
34355,1132825385,89920
34356,15716367775,26470
34357,1656388370,66120
34358,121762192590,127840
34359,3928131950,90690
34360,4326865732,69310
34361,14112508657,31980
34362,729566850,34400
34363,169631376,41300
34364,161080205,43430
34365,18102980032,14800
34366,48105516504,21330
34367,32814418308,25310
34368,79380682246,138120
34369,76073047830,152800
34370,1919516614,49340
34371,17128374143,32910
34372,14219690356,15630
34373,1657108672,59920
34374,24252413441,20200
34375,18393286804,11360
34376,14854935840,26000
34377,25690367682,27230
34378,112930925182,12730
34379,28532854762,20320
34380,58037634093,13120
34381,28969049305,17360
34382,115390912834,28660
34383,7453570774,50610
34384,405438678,38750
34385,31506054817,209480
34386,927743744,76990
34387,9098804669,253400
34388,75994774256,111770
34389,754423723,59320
34390,104758063700,11510
34391,1648112867,60460
34392,27762926584,25500
34393,44983229310,16170
34394,104040411044,15410
34395,1031451474,61430
34396,83218267813,27400
34397,915242873,56030
34398,1361160829,87140
34399,5208169720,84100
34400,1704470963,65470
34401,37567752094,159050
34402,83181928375,14480
34403,200653988882,12570
34404,23122731626,31260
34405,49067806679,11740
34406,161069872,43400
34407,94945672856,13670
34408,32530626896,30620
34409,632345504,39600
34410,46303638989,30610
34411,258585817641,12090
34412,539701280,36290
34413,12370260581,17440
34414,1687138819,37650
34415,19621303841,19800
34416,4241912653,83070
34417,1593710664,73850
34418,51671452648,28540
34419,15139950852,12000
34420,368250558,41670
34421,80409751380,30320
34422,1421108625,62600
34423,2036753785,57260
34424,29721041732,19340
34425,5054472386,71590
34426,83118774461,143920
34427,36627299455,15640
34428,357944280,43650
34429,32277474896,18680
34430,2386574498,35360
34431,2439204853,88740
34432,59404347204,123550
34433,17317254802,14850
34434,40855257342,21360
34435,21332525229,18200
34436,1843760201,37080
34437,26704245525,18880
34438,30115678114,18480
34439,43964464699,16280
34440,1631738995,1000000
34441,66860808852,18760
34442,5458998769,33310
34443,9131255530,17200
34444,995830868,64440
34445,1113508849,48570
34446,54325580362,11300
34447,2421718058,70140
34448,26794617770,13400
34449,82011306999,27030
34450,993295507,56400
34451,34202441186,22400
34452,1161709330,56860
34453,128408980075,27430
34454,293126043,41430
34455,862465548,53600
34456,19166847708,16480
34457,140710880525,121570
34458,13618910578,19900
34459,147720762402,29150
34460,24622745401,31920
34461,1975081611,79450
34462,5109119383,81310
34463,46603536142,13080
34464,65012503117,24910
34465,61042638688,15020
34466,126698850927,30020
34467,395706670,45900
34468,125807550696,116940
34469,786879774,37690
34470,3959272767,93680
34471,28239210726,26100
34472,1517132762,34250
34473,34935271309,25590
34474,74289631873,139150
34475,6062647024,32050
34476,108627943882,103660
34477,11169498489,31800
34478,2088372141,58270
34479,1631738995,1000000
34480,1631738995,1000000
34481,13937887246,31160
34482,50200379051,18670
34483,495586357,51000
34484,5607021924,83750
34485,13949999515,256400
34486,69653039568,15430
34487,128522310772,29200
34488,1280193045,48680
34489,25782815157,19980
34490,32593402267,22350
34491,160415459,39720
34492,9617972623,20540
34493,1820263706,52650
34494,56467476451,23330
34495,152300602,39380
34496,77431310011,29980
34497,15209110968,25300
34498,66269388705,169200
34499,445493287973,13290
34500,66918821,44060
34501,85759961224,111260
34502,71497977949,169980
34503,854883682,63360
34504,27936444603,18890
34505,2837319050,48530
34506,19048350386,32000
34507,78113245075,115760
34508,102356929908,98190
34509,1899705042,58440
34510,269975335,44730
34511,130896668335,13910
34512,235623305,46370
34513,100176358627,29380
34514,22108093345,21440
34515,59529936907,156690
34516,370300963,47180
34517,966607496,36100
34518,28458960272,190180
34519,44984558600,12640
34520,16253970402,30760
34521,1748479526,33170
34522,49950318601,26950
34523,21256246165,21800
34524,19068532632,12940
34525,11094753535,31000
34526,370171284,42400
34527,628128601,71950
34528,14216936880,18600
34529,34202441186,22400
34530,2939827718,63130
34531,15885102275,21750
34532,1227431902,53370
34533,18886533744,20790
34534,567022855,38500
34535,2580113710,56950
34536,537733467,41550
34537,3320900345,93660
34538,18577413391,26650
34539,3644563023,53920
34540,4749854019,85880
34541,1602278022,58150
34542,4521361319,32660
34543,36345144089,13520
34544,84259873080,15820
34545,16649303622,20170
34546,259519562136,24480
34547,5207892040,10600
34548,534768871402,29670
34549,577366034,39390
34550,4966059338,14200
34551,49427172601,30040
34552,3011330685,34920
34553,15484020783,13300
34554,153490949,42200
34555,4564211677,36010
34556,37495008730,15350
34557,2790851456,34450
34558,14720086762,21150
34559,2453183642,88060
34560,35364601454,14090
34561,402826796,44550
34562,43685827197,19450
34563,56498784100,28810
34564,1037381923,62740
34565,207607573,47600
34566,67354936590,21530
34567,2122574114,84550
34568,3487998047,81570
34569,89469713540,99540
34570,583181080,38200
34571,62142363351,24390
34572,61805000561,27240
34573,2521791850,79470
34574,36178077994,22180
34575,10136440557,30560
34576,27936444603,18890
34577,28137966581,12960
34578,31980352960,19540
34579,230809744,47350
34580,4250146741,33600
34581,44301316936,26060
34582,53378104941,20040
34583,141273976648,98260
34584,1753265117,36710
34585,1040576527,62630
34586,915439284,38120
34587,57343371692,23420
34588,12755555429,17470
34589,161849540835,99360
34590,10688901513,31100
34591,25310954185,154890
34592,16128464735,16150
34593,829909192,54400
34594,400087054,38240
34595,19452232416,23220
34596,666316070,38590
34597,30661738016,19650
34598,2372262311,37530
34599,3367423898,84800
34600,50787716016,28220
34601,19889035527,21700
34602,94243747041,144050
34603,2699178245,93350
34604,22930910141,20960
34605,21245108197,22380
34606,49424817345,17160
34607,4496301748,87900
34608,950415436,67430
34609,825445965,37770
34610,4673490309,72690
34611,553654429,39350
34612,2368906458,34220
34613,28193267581,218010
34614,3677979128,33900
34615,1525044832,58680
34616,907034587,50680
34617,32610014329,22460
34618,578546494,37740
34619,41334335293,25600
34620,51924449833,18080
34621,21319622040,18000
34622,1247807567,49590
34623,1316543277,63640
34624,627432508,86570
34625,107120145,47380
34626,967689915,34700
34627,954684584,47900
34628,691354610,35550
34629,31130056273,21240
34630,131496608842,98610
34631,64262334195,15880
34632,7720832534,17790
34633,12874612989,32350
34634,3172887491,35580
34635,1921975135,58140
34636,1198898535,36990
34637,55374624092,12040
34638,156281312847,95680
34639,1453916606,85460
34640,30860554806,10400
34641,2972831225,65340
34642,201487594,46750
34643,3811513343,34930
34644,92318074912,25220
34645,34183964289,170330
34646,1855628191,67020
34647,1272824081,61250
34648,2362501811,34960
34649,17421661930,21930
34650,25132530789,22360
34651,961125105,36380
34652,2642897555,71070
34653,2441971086,54160
34654,21677571436,27160
34655,1030534069,54550
34656,17500395948,24800
34657,47262781,47000
34658,65381773729,27080
34659,93783661034,11730
34660,8597498625,15300
34661,100652020484,145780
34662,163251837,40260
34663,47615883511,27100
34664,45616050575,26400
34665,52756244431,16680
34666,48233420339,25240
34667,70672181212,162910
34668,56681637590,169620
34669,15095599100,33030
34670,52497291564,23210
34671,233220419,45960
34672,52050217699,181090
34673,44290276242,23700
34674,14782752626,20560
34675,3974667249,83050
34676,45231475671,16560
34677,640002084,39680
34678,51879156942,11970
34679,2142980631,36280
34680,94645239809,30280
34681,25782815157,19980
34682,108996867737,143860
34683,27520353423,30520
34684,1965146457,33460
34685,35213785935,27800
34686,103491138980,115000
34687,175181366,47320
34688,32696858199,12020
34689,17913562656,22840
34690,26434377401,18100
34691,29229634945,32670
34692,9246399911,33430
34693,1714133943,34040
34694,96497170884,21910
34695,60650416742,16360
34696,90490163,41020
34697,2313591278,33800
34698,55484554170,23290
34699,1346372260,57170
34700,182904087,45980
34701,1387110742,62390
34702,44415337667,28260
34703,150162982496,103420
34704,992037637,80690
34705,23959612898,18750
34706,2530960081,87640
34707,62611392606,20370
34708,28655336302,24520
34709,4454378659,81880
34710,2287450376,75680
34711,2646489676,35910
34712,14522310942,14060
34713,115267129549,103450
34714,9617972623,20540
34715,10379975085,30400
34716,54108063089,164500
34717,1290874953,34820
34718,5429156891,73810
34719,177803911,46320
34720,41213701,42920
34721,2355770031,57690
34722,105995622,44680
34723,48880466305,24210
34724,5582933520,36080
34725,10708572650,12900
34726,1241743777,61960
34727,21588729272,30600
34728,2296085998,36410
34729,17872142543,14300
34730,240474175,39830
34731,1380363952,58190
34732,27237505980,20300
34733,2667226902,33540
34734,57582910096,160000
34735,1098342432,54180
34736,20164471771,17150
34737,28286652085,17040
34738,5252817881,33740
34739,62517854534,20150
34740,2179993233,55600
34741,15348844245,17480
34742,3577891960,309480
34743,16310027550,25050
34744,1465852201,77900
34745,1226651480,76060
34746,12564986713,25760
34747,3814579632,38110
34748,14535360311,248450
34749,8085474109,11000
34750,14853559028,18560
34751,27681409375,27000
34752,21319622040,18000
34753,78922264,47150
34754,19015833190,20900
34755,2309399575,35000
34756,1083807726,61410
34757,1553880175,35150
34758,35393760318,13190
34759,41713220542,28000
34760,3805928629,93000
34761,1179484094,74320
34762,719781309,54000
34763,290690343,38350
34764,1587580952,35260
34765,2360289298,54650
34766,59651360264,30360
34767,1747122093,94940
34768,1950633591,80360
34769,55602175873,107210
34770,44415337667,28260
34771,14687326283,31540
34772,303902126,47080
34773,21797622356,11800
34774,15075237399,20500
34775,1413337760,70900
34776,2004116373,87480
34777,15836834070,22160
34778,16310027550,25050
34779,1890582179,63420
34780,939623427,55700
34781,92056534243,100560
34782,12460692893,24920
34783,59593844653,24620
34784,62653790007,26130
34785,1778838258,65710
34786,24280202958,17950
34787,18291876801,25440
34788,163594944,41850
34789,79898627011,16390
34790,4775106304,33400
34791,49063758173,23020
34792,47590817538,15700
34793,52756244431,16680
34794,78548899083,16350
34795,1624545104,75160
34796,44301316936,26060
34797,2547380790,35880
34798,2092435391,34200
34799,156178888418,96090
34800,29583948353,213170
34801,37809039347,17750
34802,13453048540,26040
34803,83955547676,28750
34804,1407219077,59290
34805,8444407677,33930
34806,74972262,44400
34807,37083274318,28440
34808,1168742252,50800
34809,156185378810,109600
34810,32830187687,27900
34811,69189115013,27500
34812,1161709800,56630
34813,150764185261,29500
34814,759461395,55100
34815,1643117127,67720
34816,1687138819,37650
34817,107323519,43080
34818,151403046,42880
34819,5389146643,59790
34820,754423723,59320
34821,97161135608,29450
34822,30870185810,16790
34823,48538423419,22040
34824,11563633982,32220
34825,17284174655,17940
34826,2560152186,73120
34827,15721573027,21710
34828,11612366711,22590
34829,1108306484,74540
34830,173364507,45990
34831,568458504,40550
34832,44095473091,28180
34833,1986305171,72560
34834,3121314200,48020
34835,24263189038,13000
34836,42086966196,21550
34837,68557442308,123930
34838,868116865,55960
34839,98484490807,115250
34840,142251444344,14730
34841,246164863,39260
34842,106457964150,21640
34843,1059157434,65700
34844,93015524300,25510
34845,44802303961,17970
34846,2422597203,34170
34847,14026117379,32090
34848,29083726643,17520
34849,15209110968,25300
34850,316546887,40660
34851,1808390984,77140
34852,1631738995,1000000
34853,1529682767,52840
34854,15484020783,13300
34855,1154788768,56700
34856,1046261340,48700
34857,33689322989,24610
34858,72735434144,97560
34859,27402271562,23800
34860,995275634,60400
34861,866302718,40760
34862,62234736374,15990
34863,72464782584,135800
34864,41132067628,27300
34865,35922754479,20350
34866,2671993361,70690
34867,30115678114,18480
34868,10093236863,19400
34869,911136707,71390
34870,971375384,50500
34871,101545693,44940
34872,7851988117,34340
34873,56618718920,27680
34874,93090494388,14760
34875,1511961303,48200
34876,86356058651,103740
34877,77747470175,11610
34878,1043184003,37840
34879,210259093,41340
34880,2060127445,34670
34881,2306348412,75600
34882,280436357,38560
34883,1631738995,1000000
34884,143801727045,30070
34885,1751429918,590640
34886,13019544924,31490
34887,75312824819,30160
34888,38199392376,11860
34889,23211945639,26450
34890,877681671,40140
34891,55378221550,27380
34892,25259689223,24780
34893,15680717211,23050
34894,2160661217,33240
34895,195756165,41940
34896,16471274664,16700
34897,18646345859,20000
34898,27825526306,17900
34899,71741480937,26110
34900,11202247979,32380
34901,12956944537,16200
34902,11559053251,24340
34903,84705126584,23880
34904,139274334779,119520
34905,224379405209,29390
34906,1448551774,52360
34907,1307570941,52050
34908,232807205,44330
34909,34229453564,21040
34910,1280193045,48680
34911,163251837,40260
34912,330507919,43820
34913,11846576564,12700
34914,54093323247,182450
34915,803787580,47960
34916,863855022,50280
34917,116256958139,29270
34918,1386019329,90420
34919,21439255372,18110
34920,17284174655,17940
34921,757845961,41220
34922,107655851635,13860
34923,29083726643,17520
34924,16729232021,24660
34925,172769859,41720
34926,295033679,38490
34927,1308374485,53770
34928,27451256944,26740
34929,33518149284,12080
34930,2143587767,93620
34931,74708566,47710
34932,903720987,57750
34933,2270770968,80750
34934,168460775772,100860
34935,34888386853,30660
34936,6536029761,12400
34937,4143814611,34460
34938,29137251043,21170
34939,1682487466,89050
34940,47615883511,27100
34941,4669589851,92170
34942,49381445260,23550
34943,1140245137,67380
34944,1137454757,56640
34945,982700275,63280
34946,33854502558,23450
34947,13618910578,19900
34948,1626584908,74010
34949,762762186,53960
34950,31889305836,19000
34951,2064655737,86650
34952,2034487917,81730
34953,41052939509,18390
34954,1033771264,62530
34955,58185294563,26050
34956,62504361229,29400
34957,46926898181,184730
34958,2328116354,80510
34959,39341073855,22100
34960,1206567733,52630
34961,16843158054,21410
34962,12635210498,23500
34963,30152653742,14940
34964,25238803212,20460
34965,24235127208,27020
34966,79893757633,28830
34967,2848004712,82560
34968,6377380700,22300
34969,903720987,57750
34970,11559053251,24340
34971,38946778013,25920
34972,31130056273,21240
34973,4079342695,87910
34974,72302397997,26150
34975,14522310942,14060
34976,1502193693,48150
34977,372155866,45150
34978,432199265,40360
34979,1235843086,79920
34980,2289047884,83800
34981,247205852,46160
34982,41900658858,12120
34983,61070687456,22150
34984,4521361319,32660
34985,120753681397,29570
34986,24490191066,151380
34987,22051198415,10780
34988,117033626657,117010
34989,54325580362,11300
34990,58929175523,17630
34991,126246642443,106510
34992,14522310942,14060
34993,119553324017,110750
34994,60585077113,30480
34995,1457114680,59860
34996,1374398176,53690
34997,1611355995,90740
34998,79244402702,129960
34999,167476567,45650
35000,1463088335,73360
35001,46416427689,22600
35002,51627841728,17080
35003,29505504515,21260
35004,16164216833,32740
35005,699075445,35620
35006,3617961302,32100
35007,29092281328,20450
35008,140434483350,110630
35009,15957156660,22510
35010,54056916280,19570
35011,26319852004,17820
35012,17500395948,24800
35013,1730438104,68590
35014,6245579100,34380
35015,422565642,41650
35016,1227744012,54040
35017,30081491997,17620
35018,54560372121,21280
35019,112925834173,117340
35020,2649774732,33750
35021,1248044095,553700
35022,14401704407,16500
35023,1358865881,55690
35024,2273365535,54730
35025,6497365784,10750
35026,4805581084,56150
35027,27946580149,18090
35028,78050958788,142550
35029,18010885233,25740
35030,26676025512,14700
35031,490391879,38670
35032,45276330903,16450
35033,44583458321,173320
35034,36032053100,21370
35035,3282914330,59250
35036,1463088335,73360
35037,1280669659,36720
35038,116013024,42110
35039,904161284,69950
35040,469674353,41570
35041,75468881950,23570
35042,73838320521,20630
35043,516857788,48100
35044,4781727800,75880
35045,227813096866,29990
35046,11025691108,31410
35047,839909381,78000
35048,47788817752,18570
35049,2976506218,50470
35050,3011330685,34920
35051,53799554756,21120
35052,22930910141,20960
35053,34197580549,15200
35054,43988405080,18250
35055,466060420,43900
35056,99304321,42390
35057,57050127055,16050
35058,1860397770,85350
35059,26224264781,12300
35060,83576589535,129970
35061,1139755417,52730
35062,19636230090,227700
35063,2803054363,34500
35064,42776227094,22290
35065,1359895322,77340
35066,4775106304,33400
35067,502382014,38370
35068,1260035424,36450
35069,1442655517,52350
35070,1125678091,71210
35071,150659996039,114920
35072,152267874,42000
35073,1073453760,51400
35074,1058807512,55420
35075,45276330903,16450
35076,22633287384,31190
35077,111438965024,122640
35078,542319986,39060
35079,49616268759,15790
35080,29296433783,30470
35081,40248886135,16540
35082,55065325562,23540
35083,1228084738,58880
35084,73853166671,105160
35085,28361974087,11700
35086,5166388969,61470
35087,22429456554,19700
35088,14401704407,16500
35089,137887014421,12620
35090,952542409,61740
35091,15700282152,31510
35092,27979223636,30880
35093,37076423390,25550
35094,23857905050,30300
35095,1120085119,37190
35096,1878134533,84140
35097,572206676,40600
35098,2621229711,80140
35099,265825149,43260
35100,57635684120,28120
35101,1641305649,49560
35102,568458367,45970
35103,641033554,35280
35104,53360332046,114120
35105,163744988,46660
35106,20796534998,230650
35107,917382401,56740
35108,190696698792,13160
35109,63623718990,27940
35110,18305845572,17240
35111,1037381923,62740
35112,512139464,39280
35113,154238727806,28910
35114,83579052,43000
35115,1071249015,81690
35116,165588562337,10640
35117,22913369903,22650
35118,1047695139,36640
35119,68426394282,14120
35120,5438715240,34720
35121,14983675041,32330
35122,6627272930,286690
35123,267738788,39030
35124,58819867748,16420
35125,383483995,43670
35126,29278399330,17320
35127,30931706509,26560
35128,43891319466,21470
35129,29278399330,17320
35130,17837658980,30980
35131,24252413441,20200
35132,26704245525,18880
35133,1421268512,35380
35134,3054073789,93710
35135,766491088,38780
35136,457440846,40110
35137,476704625,47230
35138,386703694,36200
35139,2916597756,33340
35140,113786074923,13620
35141,54282409757,170620
35142,1100532596,37480
35143,150978538,40170
35144,1473407178,533820
35145,82724148106,110390
35146,109447033795,127160
35147,1781274255,53350
35148,132539028920,10810
35149,37345174129,19470
35150,187315199,45090
35151,833556389,39160
35152,1410781350,78650
35153,57968587629,14350
35154,47974690022,20670
35155,957778084,35650
35156,16679862710,26290
35157,191639277,45220
35158,1809368779,36150
35159,55241510149,29100
35160,34005205205,17920
35161,1139766717,72950
35162,273763257255,29360
35163,54876647456,144440
35164,29880351046,27520
35165,39341073855,22100
35166,76708673953,15930
35167,105888030,46450
35168,2919222564,423450
35169,821881636,36370
35170,15139950852,12000
35171,29505504515,21260
35172,57806500123,24550
35173,394927874,38300
35174,16911672567,26580
35175,54729884543,19170
35176,903110811,50120
35177,37298728034,27550
35178,35228575397,11380
35179,25782815157,19980
35180,627524386,60310
35181,13313163470,31950
35182,2557112974,34840
35183,1931367898,67220
35184,55183628089,21870
35185,3675680351,32950
35186,3226634564,49740
35187,1241856236,90580
35188,16045577416,16000
35189,761417391,63780
35190,64864154,44620
35191,2803054363,34500
35192,12956944537,16200
35193,1431257500,85410
35194,128742187,39650
35195,15415977530,15000
35196,22210244914,32830
35197,18187169458,25340
35198,1218546002,59900
35199,963520497,606300
35200,84545719814,17690
35201,292398717197,13770
35202,786879774,37690
35203,2095437168,72590
35204,467625318,44190
35205,1520470110,68580
35206,64674009756,18780
35207,13074164597,16600
35208,32416660137,30770
35209,81354161288,24990
35210,92178585888,129890
35211,5438715240,34720
35212,1436691956,36830
35213,672067418,53240
35214,55410056978,15770
35215,1790391906,79170
35216,538782591,61650
35217,481871803,44200
35218,2512313294,80840
35219,120179971896,17230
35220,1067829889,48750
35221,5212274845,32640
35222,1769608237,75720
35223,34424666716,27910
35224,7235591285,33690
35225,26411647433,18320
35226,30152653742,14940
35227,526287002,54460
35228,608369571,40500
35229,1775987998,54250
35230,62337635512,12950
35231,2243323915,435760
35232,3195948330,49010
35233,65406865703,17280
35234,57343371692,23420
35235,567025553,38270
35236,174546255,38420
35237,36337466435,23490
35238,3477597512,89250
35239,719307266,39100
35240,41132067628,27300
35241,84592707,47400
35242,27453873209,26690
35243,32821241123,11350
35244,4596909356,34570
35245,47005371111,18420
35246,3379356103,36060
35247,2319003825,53570
35248,310328313,44140
35249,20763867777,19750
35250,197227947681,30110
35251,94422536356,11830
35252,17128469813,239800
35253,19578529441,30450
35254,64890665743,26240
35255,62206717779,13220
35256,77739927609,131120
35257,2779059179,35700
35258,864853774,78940
35259,174984123,46780
35260,6735664401,32260
35261,16471274664,16700
35262,23386497913,182400
35263,882778274,35160
35264,18646345859,20000
35265,429448171,39560
35266,30084375971,25250
35267,1283689244,92840
35268,18569873872,23300
35269,1697515665,56930
35270,41960725561,27150
35271,89868053282,96990
35272,133281925,45080
35273,357850812,58600
35274,47056029082,20580
35275,647389033,54110
35276,1342129374,39770
35277,55748627777,26970
35278,213362498,45060
35279,1129902148,37890
35280,27530071116,17550
35281,1522413067,51890
35282,80432649,40080
35283,6058041633,54590
35284,14112508657,31980
35285,93383498284,123360
35286,6000734333,32020
35287,4093727172,34290
35288,72189263017,15720
35289,1705028225,67390
35290,417573801,41860
35291,2574394073,35540
35292,370171284,42400
35293,18045084374,30440
35294,2019812457,93190
35295,457440846,40110
35296,39341073855,22100
35297,218598569,43280
35298,22199368675,26540
35299,47177858185,14250
35300,993384713,36400
35301,150978538,40170
35302,18481232985,211230
35303,1088409901,49710
35304,2534725839,34430
35305,59226755862,151150
35306,51444035286,16380
35307,12660304592,14100
35308,1864530308,71580
35309,54461303160,110500
35310,85575873,45050
35311,43654596251,120180
35312,30553606632,15750
35313,3080295852,49460
35314,17692850331,15940
35315,14406325076,28100
35316,82370632,44340
35317,1436697048,58810
35318,3054576582,95490
35319,11740205694,25700
35320,42029013416,26880
35321,7720832534,17790
35322,585470461,56990
35323,38137425611,30680
35324,105741479106,134870
35325,54813969200,15320
35326,13074074288,19580
35327,27530071116,17550
35328,30553606632,15750
35329,9096597453,23940
35330,23384686339,21680
35331,15750815092,18660
35332,1506403118,48040
35333,75470879077,16340
35334,25260575034,24170
35335,5219442219,33090
35336,197152104,40300
35337,47749067877,14170
35338,4966059338,14200
35339,1505703723,57900
35340,1674842288,74570
35341,52122790549,26350
35342,25275200839,17350
35343,26416815952,21300
35344,41549304645,198670
35345,2303251752,76890
35346,1046261340,48700
35347,15473409066,30810
35348,17317560587,19180
35349,29278399330,17320
35350,26434377401,18100
35351,2054556986,94560
35352,123903511760,18330
35353,163980124855,13370
35354,133704853279,29420
35355,15282441909,31600
35356,124431586634,28390
35357,143183014,47550
35358,10460628957,25000
35359,5082557683,32470
35360,1683624057,65000
35361,1172683727,48400
35362,82016039828,22220
35363,71306009606,159290
35364,3341017963,82140
35365,33128794370,29190
35366,11051108822,32940
35367,2513321011,63660
35368,5115478228,91480
35369,1631738995,1000000
35370,329709884,39340
35371,16371576203,26900
35372,40014509671,11890
35373,58301785691,21140
35374,1622919162,48960
35375,30960317809,18900
35376,78999070290,27980
35377,5939939965,62990
35378,1002553055,55010
35379,4586000438,32570
35380,1499579667,48860
35381,1888438610,37000
35382,58301785691,21140
35383,1393716515,68940
35384,326020670,40350
35385,461028209,40900
35386,87410203984,27050
35387,47385819368,22260
35388,12066502163,33020
35389,981671806,49950
35390,153490949,42200
35391,278624276,41060
35392,1965146457,33460
35393,49989577,44660
35394,664669696,81860
35395,1478148334,51940
35396,1749761234,69560
35397,945264980,56680
35398,1346825162,746050
35399,71416975581,22780
35400,4127695335,34230
35401,93853282773,110830
35402,1157687241,59130
35403,1920489781,32600
35404,8384588150,35030
35405,4775106304,33400
35406,48607470664,28090
35407,217562611,45390
35408,20312580565,31710
35409,48620544013,98960
35410,16810611257,21690
35411,12694562021,26800
35412,948927614,37060
35413,4213949050,57830
35414,55987971004,15160
35415,61148974457,25580
35416,1693013539,545470
35417,15212996425,14000
35418,1535591846,91670
35419,14853559028,18560
35420,46416427689,22600
35421,2060087884,57330
35422,15635220941,25060
35423,378341183,40640
35424,881265849,36930
35425,18032677363,18350
35426,34721363845,26020
35427,35508041271,96350
35428,86027768469,20380
35429,48538423419,22040
35430,128522310772,29200
35431,39723842489,19880
35432,45629561310,20340
35433,30248033672,215160
35434,27237505980,20300
35435,35799169476,23190
35436,13705718578,18370
35437,377417179,40740
35438,724963256,48950
35439,71885048,43750
35440,2951512388,390280
35441,167402673,39270
35442,97548299719,10420
35443,72643908819,12920
35444,33518149284,12080
35445,112148491028,99190
35446,43865790894,19280
35447,246649414,45870
35448,2912381797,66260
35449,26416815952,21300
35450,49031173362,27310
35451,7720832534,17790
35452,2096778487,57960
35453,85468325261,20950
35454,169982122,45700
35455,1790160218,65920
35456,118842630238,136920
35457,214510322,38400
35458,57545934402,24790
35459,42166437606,159850
35460,538782591,61650
35461,1849805416,33780
35462,1208372127,49310
35463,47572858350,28950
35464,1080809458,63020
35465,3529451137,365440
35466,85468325261,20950
35467,27153562936,19380
35468,797146018,59670
35469,61467057039,176100
35470,1158300016,67370
35471,1614167084,61090
35472,5282604480,62090
35473,101975980531,20730
35474,1033722074,65390
35475,5132442914,71640
35476,697319039,44220
35477,42212233279,10720
35478,50833322434,181880
35479,31760018623,13100
35480,1631738995,1000000
35481,3098163848,95510
35482,1050007474,88700
35483,16310027550,25050
35484,201931355,45430
35485,2547789246,36530
35486,16671615759,17000
35487,605910573,54900
35488,10358530455,16510
35489,80547999181,21390
35490,104096311489,113000
35491,633324334,40680
35492,115306295340,25020
35493,61794661422,15550
35494,144432893889,28360
35495,35796070103,23270
35496,15212996425,14000
35497,76555873757,21210
35498,2212803294,532580
35499,481871803,44200
35500,1228262849,56920
35501,2788686487,72910
35502,1860576486,51370
35503,281412318,45670
35504,28280242518,22970
35505,372969483,41580
35506,1052867311,37160
35507,674813434,37730
35508,250867977,37200
35509,210852314,42290
35510,129727782415,14960
35511,2869884714,94840
35512,456274645,39090
35513,65139576623,17430
35514,3162543285,365980
35515,386703694,36200
35516,15269062707,11500
35517,21332525229,18200
35518,36577072979,202660
35519,19621303841,19800
35520,1817160414,54130
35521,31272637609,23520
35522,82486381663,120750
35523,1295333704,78580
35524,40239095341,31250
35525,53404074242,146710
35526,62363084328,18150
35527,11846576564,12700
35528,54873856257,23130
35529,25553867219,28340
35530,32942908226,16300
35531,46364741189,20750
35532,15877656541,24250
35533,2282147448,61480
35534,30809472740,20620
35535,41960725561,27150
35536,11559053251,24340
35537,17825749906,26170
35538,28239516012,25200
35539,15075237399,20500
35540,25297291654,13590
35541,30931706509,26560
35542,11702591275,20800
35543,864547034,73790
35544,39707060329,202450
35545,1527602325,75040
35546,11597347536,252050
35547,2008683938,63240
35548,1169033083,37870
35549,16425153791,30350
35550,436528380,41260
35551,21509159440,21000
35552,45629561310,20340
35553,5921037305,10000
35554,72896861688,12440
35555,1165590517,916840
35556,4032970381,85180
35557,132011555,41370
35558,1539279228,47890
35559,6740202111,31940
35560,100553487,42580
35561,3686673370,82680
35562,179815424,42830
35563,12460692893,24920
35564,69549007378,138580
35565,1224313746,60510
35566,1274312067,47840
35567,144682939,44040
35568,399377215,46190
35569,97102742136,101930
35570,1256951558,51540
35571,28535155489,17700
35572,435190277672,12230
35573,506974138,40020
35574,100553487,42580
35575,71101382311,135770
35576,400087054,38240
35577,45964665779,24090
35578,474762503,46330
35579,132419835529,102140
35580,997782266,34020
35581,1416581140,73050
35582,56730751704,22520
35583,3831305354,50900
35584,1172683727,48400
35585,1587580952,35260
35586,1432567795,49400
35587,4726553883,79040
35588,59375523928,180060
35589,2111912918,56540
35590,1892327141,35210
35591,17317560587,19180
35592,237003670,43450
35593,2983604386,35660
35594,30859014812,23560
35595,207230984,39180
35596,85224473968,129730
35597,2344159088,33700
35598,91443744912,28990
35599,2406733029,50550
35600,90594113232,11290
35601,52065406763,22020
35602,317236975,41510
35603,745431878,48840
35604,89402801630,12390
35605,13851673776,19200
35606,199039989879,31570
35607,73847159816,21510
35608,596472008,39210
35609,378468355,38080
35610,1374398176,53690
35611,5088831243,73700
35612,2630933526,84540
35613,1472550328,68860
35614,17141299216,31300
35615,12874612989,32350
35616,16471274664,16700
35617,27936444603,18890
35618,10556791132,20780
35619,28239516012,25200
35620,925032490,56800
35621,137864928504,17020
35622,24356159492,163100
35623,1932929809,62840
35624,708402499,60600
35625,230291343,41490
35626,1631738995,1000000
35627,1406869737,84780
35628,31646471750,23350
35629,1817160414,54130
35630,4966059338,14200
35631,35861990654,10180
35632,2214361852,56130
35633,1585843325,76780
35634,3077891089,60340
35635,15878150283,15950
35636,88617288649,28930
35637,27681409375,27000
35638,1131377818,50220
35639,1224996701,60800
35640,824946011,53800
35641,84844484259,26380
35642,2140553864,34510
35643,972707849,64830
35644,2168700459,75300
35645,99955399,46730
35646,41196050480,18460
35647,86634682,46820
35648,66980122242,21270
35649,1391187023,52550
35650,79893757633,28830
35651,39341073855,22100
35652,31694191897,25560
35653,40509875064,19090
35654,114052432718,29460
35655,39368373109,23720
35656,134648289807,105070
35657,31718287740,20520
35658,84844484259,26380
35659,318939335,44070
35660,1725879853,49850
35661,72130215093,112980
35662,4837689981,65720
35663,41132067628,27300
35664,296078334,44210
35665,9451390383,31690
35666,29229634945,32670
35667,96117636213,97460
35668,58138179192,26930
35669,1036339873,57090
35670,33685836978,17420
35671,51444035286,16380
35672,18973023210,21200
35673,6529349225,35330
35674,1126931297,74530
35675,905649754,66050
35676,1243523431,57470
35677,5173542214,34540
35678,65378861284,15710
35679,5488637938,31660
35680,8961575045,33570
35681,619356231,64410
35682,701757018,43220
35683,156118339739,12770
35684,2186014394,50240
35685,14073065206,23250
35686,66990287346,18160
35687,911136707,71390
35688,131333318,46010
35689,5758061208,32010
35690,5065125460,311650
35691,17317254802,14850
35692,2097954495,34160
35693,60834298902,16470
35694,15139950852,12000
35695,120753681397,29570
35696,97752786928,28060
35697,1747122093,94940
35698,727000833,50150
35699,83955547676,28750
35700,46603536142,13080
35701,855319314,36680
35702,130896668335,13910
35703,464261240,39510
35704,24826996500,31020
35705,99291744251,17830
35706,54412151037,97290
35707,24826996500,31020
35708,158580372,43300
35709,58458830799,23260
35710,2857700066,61660
35711,25120547973,32530
35712,49275798206,21420
35713,30195269319,25280
35714,36224244366,24440
35715,58819867748,16420
35716,26290561592,28600
35717,4966059338,14200
35718,1356208616,55610
35719,520982089,62000
35720,79748411645,28320
35721,25390870946,21340
35722,268458850,41210
35723,2375490786,58510
35724,150637593779,102170
35725,9096597453,23940
35726,80892928138,112580
35727,1017552751,37220
35728,3016756408,58750
35729,21779733392,16710
35730,59021098754,21990
35731,1362720839,53290
35732,624135090,55180
35733,26799977040,21720
35734,13380422730,23400
35735,29634990721,24500
35736,16656548476,17500
35737,49105597402,23860
35738,997782266,34020
35739,1082159705,69750
35740,2533631926,36730
35741,1393220268,81770
35742,2617938791,35180
35743,37291167699,22080
35744,110253974754,113280
35745,6714501360,11440
35746,321407856,45010
35747,81059730594,13810
35748,1631738995,1000000
35749,162394257847,98720
35750,1001716380,35100
35751,1536337998,72630
35752,197141194414,22720
35753,41385627040,19220
35754,727000833,50150
35755,83150128381,96900
35756,152609468922,14130
35757,1631738995,1000000
35758,605910573,54900
35759,16425153791,30350
35760,9950781450,31970
35761,4570407173,72350
35762,363929049,36660
35763,12535683392,260500
35764,15706772192,17250
35765,1304419090,48060
35766,492256542,42150
35767,959023675,60090
35768,15256087012,10300
35769,60327809007,28650
35770,3761016911,34680
35771,29967860642,16650
35772,62039307124,102890
35773,1335249047,94550
35774,71204208010,30410
35775,227813096866,29990
35776,13378711542,12600
35777,10460628957,25000
35778,567025553,38270
35779,1157687241,59130
35780,86801961432,16190
35781,3718582074,32190
35782,4170684124,93960
35783,27237505980,20300
35784,87711931496,17780
35785,110279791980,29340
35786,5392852585,34060
35787,1014087521,37360
35788,141553285,45800
35789,1961562689,73140
35790,31760018623,13100
35791,3244327025,35610
35792,136237660,45940
35793,950152031,60100
35794,915439284,38120
35795,26224264781,12300
35796,226757883,44570
35797,31760018623,13100
35798,148140845,44800
35799,59119266873,27120
35800,822351231,53170
35801,70148464889,25890
35802,987729963,38100
35803,786879774,37690
35804,514580279,38650
35805,142667404579,17910
35806,38782682113,25260
35807,358643074,40050
35808,14134858373,22310
35809,586244091,39010
35810,202015720,41660
35811,131594764415,117320
35812,18569873872,23300
35813,1506196148,65040
35814,1305526926,69870
35815,47570883871,22530
35816,57545934402,24790
35817,119819066,47500
35818,2644353153,53610
35819,89637957998,29330
35820,65983781497,26570
35821,1605327369,56460
35822,1754493396,90590
35823,62512720215,113380
35824,52350936660,109330
35825,15209110968,25300
35826,1756027831,56360
35827,745431878,48840
35828,742150344,62690
35829,70823905377,149000
35830,22633287384,31190
35831,183938076,43880
35832,16371576203,26900
35833,2104936267,84520
35834,78312033442,27590
35835,2627922325,34690
35836,58822293097,30720
35837,36911250830,20940
35838,41762742490,21620
35839,59566748182,13320
35840,1305526926,69870
35841,31634145708,23080
35842,68542529613,22630
35843,1714799591,78740
35844,12117734393,20290
35845,824382934,59410
35846,2996465232,66820
35847,83149138969,154210
35848,1570559963,90610
35849,4477860533,35390
35850,85746886984,109370
35851,29505504515,21260
35852,153467040,41180
35853,113103924464,105610
35854,37345174129,19470
35855,34935271309,25590
35856,93783661034,11730
35857,133592111222,16970
35858,34424666716,27910
35859,44265390677,25620
35860,1028528304,86460
35861,125476823324,129880
35862,2803054363,34500
35863,4897782541,31560
35864,15101702599,12500
35865,14203848435,13040
35866,62206717779,13220
35867,450993184,40290
35868,37102239822,164830
35869,4391431506,277140
35870,3564967825,32450
35871,121966366,40100
35872,13549969722,17840
35873,29505504515,21260
35874,3700144041,79110
35875,79336792390,12240
35876,39149199429,14900
35877,20738062485,13820
35878,1270965742,59600
35879,2923830062,92990
35880,23964761158,15840
35881,729566850,34400
35882,47406727323,134440
35883,15952412483,14020
35884,4686424149,88090
35885,58834641795,20890
35886,4095677118,86240
35887,27451256944,26740
35888,19048350386,32000
35889,855468356,76880
35890,718375719,39360
35891,15328257395,26340
35892,44394028370,14910
35893,702043340,50080
35894,495586357,51000
35895,2349063167,90600
35896,37103997546,12720
35897,17837658980,30980
35898,981231282,53840
35899,935579474,58700
35900,1102595755,49140
35901,4982246133,31680
35902,4864762711,32980
35903,1618779006,72550
35904,641033554,35280
35905,336104978,45680
35906,598151154,63040
35907,15241819764,13200
35908,52509947800,117190
35909,145627226009,109100
35910,150464928328,103000
35911,1107709663,897000
35912,4982246133,31680
35913,553654429,39350
35914,60217269,43920
35915,64799861,47120
35916,58192362683,29520
35917,100502811457,29000
35918,47385819368,22260
35919,19447024870,25860
35920,1281882406,48980
35921,4521361319,32660
35922,137195328,47480
35923,29096265241,15360
35924,22913369903,22650
35925,41966739496,14030
35926,54325580362,11300
35927,181593982788,10920
35928,4586467411,32700
35929,25950007188,23900
35930,68426394282,14120
35931,3249964007,91350
35932,36403960863,18520
35933,1400640808,36820
35934,1494288775,58790
35935,53840856249,19440
35936,37912300282,169630
35937,55658814898,29760
35938,1792791388,69320
35939,3754206293,79310
35940,101594178411,16980
35941,3309516388,54980
35942,850683698,53500
35943,698549102,39440
35944,15415977530,15000
35945,1698264549,33770
35946,384404229,41610
35947,8027386235,31480
35948,125474901290,112880
35949,1389476515,51960
35950,27451256944,26740
35951,1959147690,51920
35952,44983229310,16170
35953,1036580434,36690
35954,1567345660,65530
35955,57806500123,24550
35956,1760616848,33080
35957,96183231348,13510
35958,53744940,44890
35959,58898481965,23360
35960,670293721,36120
35961,58185294563,26050
35962,16621932651,17300
35963,107073859638,16590
35964,11702591275,20800
35965,13167973529,24640
35966,105888030,46450
35967,2699762200,80880
35968,4039400794,90180
35969,129828716,46200
35970,144276376,46680
35971,7518615481,55300
35972,59478656525,30200
35973,3677979128,33900
35974,12579447919,19550
35975,13019544924,31490
35976,11094753535,31000
35977,4854570977,31700
35978,968103564,62150
35979,9131255530,17200
35980,1820176887,80250
35981,33103548418,30030
35982,182904087,45980
35983,69550393234,101800
35984,20646758302,114290
35985,197607675,41830
35986,11713902729,33210
35987,1060415951,38740
35988,4742558467,85970
35989,78132681,43520
35990,49950318601,26950
35991,4824751548,70810
35992,759715768,40380
35993,2561208879,72880
35994,1766453796,47800
35995,174546255,38420
35996,61790509145,152570
35997,8540532486,32360
35998,16686922179,215270
35999,43580075260,20250
36000,1744453739,39220
36001,78093115477,23790
36002,107253745660,25690
36003,1017879136,71460
36004,39603242522,29780
36005,2552123346,83400
36006,1237095266,34780
36007,4262912094,72760
36008,3979130841,89840
36009,37768826437,189250
36010,108556117318,96650
36011,13696731951,20480
36012,1377267831,52680
36013,2651592311,74700
36014,1280673861,93440
36015,65390376476,15420
36016,2825409183,91190
36017,1890308942,89000
36018,3270123817,93750
36019,2321699483,35710
36020,760233125,38220
36021,137712471785,30140
36022,24003250153,106980
36023,81505193061,27730
36024,270577793,40150
36025,1034853663,70190
36026,366529462,46960
36027,41762742490,21620
36028,49783597064,14780
36029,456084401,42190
36030,42589667193,20610
36031,2095861127,34850
36032,15957156660,22510
36033,163216653819,109450
36034,1631738995,1000000
36035,27759015979,10200
36036,24953211633,28020
36037,26224264781,12300
36038,41310928181,12990
36039,981852683,65370
36040,8327663122,52850
36041,71896889159,164820
36042,152267874,42000
36043,81582810538,110310
36044,1205040522,77470
36045,40509875064,19090
36046,129828716,46200
36047,35861990654,10180
36048,1540419024,76900
36049,82011306999,27030
36050,125198421649,125390
36051,1389311485,70850
36052,143801727045,30070
36053,47721839131,13650
36054,1046261340,48700
36055,957778084,35650
36056,2577418570,69700
36057,71062243226,12520
36058,141839080,46310
36059,65567433837,115280
36060,40855257342,21360
36061,2908755525,67550
36062,533581486,39240
36063,55007371409,27560
36064,25182861324,26220
36065,517739161,39810
36066,43891319466,21470
36067,576424133,39450
36068,1871465222,83610
36069,1631738995,1000000
36070,23521342765,20400
36071,951295700,37900
36072,1539829106,651720
36073,29092281328,20450
36074,22199368675,26540
36075,2807461945,63570
36076,7135782721,33660
36077,1305713598,57840
36078,13937887246,31160
36079,3867180947,90730
36080,1578430142,34190
36081,36488308375,12050
36082,66806253421,20240
36083,69486195,47140
36084,3608935121,72940
36085,53378104941,20040
36086,11544330483,18820
36087,49757579097,12560
36088,743266878,36760
36089,30310855411,11640
36090,70703191468,18610
36091,1694093869,36440
36092,1459288437,38480
36093,22710457019,23010
36094,49130761050,100150
36095,3770611690,34550
36096,15139950852,12000
36097,25991851873,16090
36098,894291895,37370
36099,9617972623,20540
36100,938106104,68720
36101,52177829725,15080
36102,391776302,40340
36103,14488576352,30970
36104,1274800634,50200
36105,43134529375,19850
36106,89432759781,29140
36107,111600728831,14580
36108,65541575233,20210
36109,39957048884,18650
36110,12157445989,17800
36111,8522526669,30800
36112,36345144089,13520
36113,1437212909,64730
36114,1338365683,60520
36115,1478596572,85220
36116,88521745532,30310
36117,2309399575,35000
36118,13618910578,19900
36119,49063758173,23020
36120,49235057290,20100
36121,36086746685,23510
36122,27475232553,20550
36123,6497365784,10750
36124,1517132762,34250
36125,68443709094,10280
36126,36345144089,13520
36127,47852194578,102850
36128,79893757633,28830
36129,436528380,41260
36130,54032546352,21250
36131,18781364593,22500
36132,1954116745,71710
36133,34051118165,16520
36134,16045577416,16000
36135,1775987998,54250
36136,12460692893,24920
36137,391776302,40340
36138,20961781294,26960
36139,211991544,43390
36140,116983325494,28870
36141,101708440084,105440
36142,23521342765,20400
36143,116892276,47100
36144,1740441176,48350
36145,1188872627,37830
36146,13937887246,31160
36147,16671615759,17000
36148,70476813938,13020
36149,150237864312,17870
36150,28089660686,15900
36151,1992008370,35320
36152,8085474109,11000
36153,16666559748,22200
36154,47188230093,14750
36155,27520353423,30520
36156,1112554537,60580
36157,985071251,52660
36158,23067459600,16620
36159,37326142645,25360
36160,75091648586,167640
36161,19461963426,226880
36162,29648005691,16060
36163,2552123346,83400
36164,905649754,66050
36165,36531313013,21100
36166,22108093345,21440
36167,86007273344,27630
36168,190696698792,13160
36169,15095599100,33030
36170,464261240,39510
36171,1247224417,94400
36172,174930782512,20090
36173,127017783765,27140
36174,384191379,44250
36175,6160148890,277890
36176,170758614904,96560
36177,9464623711,32390
36178,5829490482,57710
36179,35832071920,208180
36180,58962650593,25750
36181,6432666660,64870
36182,340316873,42780
36183,50892730586,26520
36184,883575286,47950
36185,382100978,39670
36186,1475056818,48480
36187,603853053,61240
36188,112941358856,18970
36189,68389065,42650
36190,65323669288,142870
36191,2853050662,65360
36192,4293134449,93920
36193,47385819368,22260
36194,21654796659,21380
36195,39945137540,22900
36196,922409550,37460
36197,106606170765,29930
36198,2594660495,62520
36199,18569873872,23300
36200,578546494,37740
36201,7171896670,18400
36202,457485908,41050
36203,1389311485,70850
36204,7941000614,48560
36205,72344901884,122980
36206,49342341513,20050
36207,39945137540,22900
36208,27006917803,19260
36209,119345816052,103930
36210,146474386864,22940
36211,85382056901,17850
36212,422345095,39590
36213,1705763397,89240
36214,31343462603,30850
36215,65746209350,122000
36216,55007371409,27560
36217,1092875447,77920
36218,39907846228,160590
36219,93728465219,28250
36220,34468336823,15010
36221,39603242522,29780
36222,1089130858,65840
36223,32670578675,26700
36224,34069048433,14620
36225,29083726643,17520
36226,1726482552,90850
36227,817050770,47880
36228,1146116298,69260
36229,78093115477,23790
36230,1602321798,73480
36231,12956944537,16200
36232,1717291308,62010
36233,5477146119,49770
36234,41111666437,20870
36235,10585496191,32250
36236,42993873724,25540
36237,2681825384,79350
36238,75174067534,104360
36239,411328572,77600
36240,2238311212,48580
36241,26583099214,26300
36242,31697639525,193390
36243,149349296959,121370
36244,162862396807,29690
36245,3517778735,86060
36246,28239516012,25200
36247,2534725839,34430
36248,92711875717,132680
36249,121190485066,132040
36250,309643652,39900
36251,35668694476,15120
36252,566393964165,27470
36253,17596863824,27450
36254,23927692354,26640
36255,528564721,57620
36256,1144048438,48250
36257,15486099417,26720
36258,2406794113,86900
36259,14575236336,11050
36260,39733120972,27440
36261,468477751,44960
36262,28089729007,31110
36263,39709193489,18920
36264,1154788768,56700
36265,115422323816,11180
36266,72449666202,124470
36267,866197758,39630
36268,103706458131,108840
36269,1125582828,70990
36270,33854502558,23450
36271,671646324,62700
36272,16587975028,18940
36273,1494288775,58790
36274,10545485697,32040
36275,74356023612,30000
36276,1890745334,69640
36277,39149199429,14900
36278,80432649,40080
36279,7623443849,18500
36280,74038430209,139420
36281,39086128513,182310
36282,17967957924,18030
36283,67738246934,15270
36284,58039092056,15860
36285,14026117379,32090
36286,1907942400,73040
36287,2122310372,94490
36288,19844523867,19020
36289,23164184064,14240
36290,81505193061,27730
36291,4596909356,34570
36292,1141082640,39040
36293,1631738995,1000000
36294,3432960535,34580
36295,1786727304,66760
36296,1499051659,61300
36297,70703191468,18610
36298,1594590186,52920
36299,281412318,45670
36300,1588880290,49390
36301,1547344793,77620
36302,5297725920,72040
36303,3761016911,34680
36304,762914645,55660
36305,10270772425,18700
36306,3940272681,58060
36307,15706772192,17250
36308,2434042015,91260
36309,23857905050,30300
36310,954770377,49070
36311,2140949733,74850
36312,242753741,45630
36313,10889983504,35990
36314,1196475341,53400
36315,36808459328,28370
36316,18032677363,18350
36317,38722239880,25800
36318,141553285,45800
36319,2325402888,88880
36320,10556791132,20780
36321,1631738995,1000000
36322,62080968171,11850
36323,97161135608,29450
36324,2009382358,58030
36325,78221692149,13850
36326,28361974087,11700
36327,81479096,40820
36328,36554885532,25900
36329,73086990904,18190
36330,6062647024,32050
36331,2277924864,85240
36332,597192409,38260
36333,80304750348,10850
36334,129727782415,14960
36335,65800996925,20650
36336,45632125775,30920
36337,56269074847,13660
36338,65338616156,171600
36339,36531313013,21100
36340,56934598928,20020
36341,15750184038,226530
36342,50734035423,15480
36343,3884280119,51080
36344,31473491054,24700
36345,1465513503,85330
36346,3028471753,63670
36347,642879385,91370
36348,1178836724,93300
36349,2060669916,61520
36350,42072761828,24030
36351,26085220253,12060
36352,140984716881,118680
36353,254524967,45350
36354,520982089,62000
36355,1597005112,56210
36356,1801923650,725830
36357,56498784100,28810
36358,13851673776,19200
36359,121423357917,101740
36360,2682622770,83760
36361,1360456133,63380
36362,143389164997,115150
36363,81998829822,15070
36364,90818759234,16490
36365,142105757206,105710
36366,1007587212,47820
36367,932765774,65740
36368,171721504532,100070
36369,1438829217,82710
36370,2533631926,36730
36371,253211928,38720
36372,82272825071,15170
36373,3216996991,76390
36374,1309916981,71540
36375,539715302,68950
36376,83497737471,105410
36377,1601246441,58020
36378,3514516170,52960
36379,163104065,42340
36380,27402271562,23800
36381,121140945548,108660
36382,122318791465,98020
36383,39577525050,19780
36384,991790636,48520
36385,634159836,38960
36386,1565338415,35450
36387,55895435237,99480
36388,591837111,52100
36389,33535152814,30330
36390,23430054225,14950
36391,72635817688,21020
36392,5023084202,33960
36393,107151441793,112920
36394,1093607619,61640
36395,119100849015,28940
36396,171134434,45300
36397,1367128860,57970
36398,2161348924,84660
36399,75569493452,24720
36400,138528050672,20590
36401,67761898719,28330
36402,62485842,44300
36403,8903345832,18180
36404,5611900724,69070
36405,5751597917,34980
36406,284665383,43840
36407,13380422730,23400
36408,299065959,41090
36409,38086805489,17570
36410,147074571454,29880
36411,1525044832,58680
36412,84557250108,29940
36413,1333777695,57980
36414,35609020232,25110
36415,635774859,56600
36416,64220158022,167890
36417,84226452392,23770
36418,267738788,39030
36419,28535155489,17700
36420,40743075381,202750
36421,25297291654,13590
36422,40014509671,11890
36423,18157672735,22620
36424,30152653742,14940
36425,21332525229,18200
36426,3109143947,32240
36427,1356208616,55610
36428,49049046607,17120
36429,1631738995,1000000
36430,51059616944,189780
36431,3546411674,65420
36432,2025585873,48210
36433,742150344,62690
36434,1233861583,82160
36435,3196093679,33850
36436,12370260581,17440
36437,1251253237,55060
36438,16666559748,22200
36439,6704027691,33630
36440,5640221134,34280
36441,33273745027,28690
36442,8903345832,18180
36443,1582953761,50580
36444,60256838359,12760
36445,123396054,45890
36446,658310822,58360
36447,45949497479,30740
36448,3951431052,32650
36449,8085474109,11000
36450,1472510525,82740
36451,1801825905,62350
36452,29505504515,21260
36453,7163533745,33380
36454,54741634366,18810
36455,74356023612,30000
36456,2421897353,65010
36457,3575148493,77540
36458,1656425328,57650
36459,817111941,51050
36460,7651121190,288030
36461,126888602996,29860
36462,1606286875,61600
36463,37673201671,24140
36464,1872430804,75450
36465,33808150331,25680
36466,48538423419,22040
36467,1286787511,69360
36468,1859526782,33480
36469,253229141,40210
36470,18061541782,27710
36471,792155054,57700
36472,24826996500,31020
36473,36001209506,195230
36474,2343460973,51560
36475,9451390383,31690
36476,159616958,39490
36477,15118294498,27010
36478,21319622040,18000
36479,62790876487,25670
36480,2809964253,50820
36481,40715249564,21780
36482,838533750,38440
36483,1359086769,48600
36484,50685929997,162180
36485,47533294819,173830
36486,1662898514,56880
36487,280345467,39760
36488,542291409,38820
36489,1788588637,63080
36490,78772919040,145060
36491,54583536254,22030
36492,129974040903,116520
36493,34826781636,18040
36494,35071733965,30250
36495,535279887540,13730
36496,201487594,46750
36497,19221989618,21850
36498,53799554756,21120
36499,3919600799,89580
36500,129602532155,112280
36501,65432619178,116380
36502,33839203965,26500
36503,2147748781,61460
36504,116011826027,135560
36505,37634954045,125310
36506,4586467411,32700
36507,31705464373,12970
36508,2147748781,61460
36509,33264601265,27320
36510,78548899083,16350
36511,4832008528,32960
36512,1183232811,75730
36513,1705143848,32200
36514,1144440856,75780
36515,1232882764,55840
36516,35609020232,25110
36517,112201252208,15330
36518,2750411959,49370
36519,43223920572,27840
36520,64307640,47530
36521,1771178308,34530
36522,2040521120,33550
36523,591837111,52100
36524,126499091281,11520
36525,2412057753,79950
36526,18803265229,14600
36527,39814103731,30630
36528,1256802558,71650
36529,62485842,44300
36530,3770611690,34550
36531,115368366476,113240
36532,18741652662,21500
36533,1386870995,55080
36534,43271837939,21480
36535,125772675497,102410
36536,2010238312,76200
36537,7171896670,18400
36538,32370922918,26280
36539,43757809,46000
36540,846924114,61800
36541,1069762860,48500
36542,444859759,39980
36543,317128054,39990
36544,77535530255,14770
36545,76774785576,102710
36546,1295333704,78580
36547,219808637,45750
36548,100502811457,29000
36549,1696626854,59210
36550,1752615712,83680
36551,847563162,49020
36552,2480739202,55680
36553,36957900638,26660
36554,2092135412,64170
36555,1187118243,36550
36556,4479169311,33910
36557,12175959216,13600
36558,2159509016,66030
36559,11428586638,26080
36560,1251253237,55060
36561,74240862370,24280
36562,1344904168,50100
36563,1309868987,67830
36564,1145660652,52310
36565,292213082,45600
36566,5477552405,33610
36567,75115765487,131150
36568,514580279,38650
36569,214509163012,29710
36570,18305845572,17240
36571,297852860,37400
36572,1020154320,56000
36573,1918415876,89990
36574,69486195,47140
36575,18307813892,26600
36576,95946270589,128340
36577,333246718,44490
36578,100275085420,28490
36579,338272219,40690
36580,1848395580,37140
36581,30960317809,18900
36582,90097196,45610
36583,163104065,42340
36584,91431856244,16270
36585,1556348661,73920
36586,146372300,41560
36587,2134860152,36360
36588,50500077393,23440
36589,1775326411,62670
36590,15212996425,14000
36591,36337466435,23490
36592,3325601395,68230
36593,1631738995,1000000
36594,64833548966,160240
36595,72275575737,18690
36596,20209723738,17710
36597,36879273869,17140
36598,81196639816,26030
36599,26813193660,13970
36600,14755481980,26440
36601,121983872146,111280
36602,80695974209,15060
36603,526448295,38640
36604,2097954495,34160
36605,61406082,47620
36606,16471274664,16700
36607,290690343,38350
36608,460217872,37920
36609,363929049,36660
36610,26813193660,13970
36611,36766127593,24960
36612,26871343036,193520
36613,55241510149,29100
36614,67250095591,16020
36615,70910051151,24180
36616,49591181675,30380
36617,27453873209,26690
36618,64324404296,17640
36619,26492773281,27410
36620,14216936880,18600
36621,2710327824,90050
36622,19720899101,16660
36623,549716388,43410
36624,448357012,44930
36625,915242873,56030
36626,29895623558,184720
36627,1387110742,62390
36628,18478125009,31790
36629,59119860557,17980
36630,100929380,45250
36631,2438879247,72480
36632,1094385091,71630
36633,31107276306,26860
36634,44301316936,26060
36635,46232919356,10930
36636,41972943163,28170
36637,28817645643,24850
36638,1650039199,76560
36639,81479096,40820
36640,66918821,44060
36641,28028044957,15980
36642,1479351498,63820
36643,21509159440,21000
36644,978648171,36310
36645,1251669780,73460
36646,52309800498,24870
36647,72979627957,28470
36648,22887395746,19600
36649,196280735775,30170
36650,742150344,62690
36651,32929114522,17720
36652,27759015979,10200
36653,68389065,42650
36654,342243612,44030
36655,1410148687,65180
36656,65321368387,28550
36657,4330200544,75710
36658,18032677363,18350
36659,178908348789,101990
36660,20753605114,20720
36661,290299518,42530
36662,432858644,37750
36663,2247580566,57670
36664,341242262,44580
36665,2916597756,33340
36666,567108774,54800
36667,1460930708,55360
36668,142700483883,109770
36669,1687962234,51460
36670,61222272028,24050
36671,75994774256,111770
36672,422565642,41650
36673,695331164,55120
36674,1540027351,608720
36675,331373844263,29590
36676,907107768,67450
36677,27681409375,27000
36678,270161958,45480
36679,11713902729,33210
36680,58301785691,21140
36681,18102980032,14800
36682,1705143848,32200
36683,74354120579,26990
36684,72821124724,141080
36685,994808248,78080
36686,792392949,65240
36687,71275229269,22440
36688,132092400572,103610
36689,48106561534,17680
36690,1602365715,35770
36691,20170337196,25630
36692,52177829725,15080
36693,112357545982,103150
36694,20311628600,31070
36695,1784591649,64340
36696,2439814721,80200
36697,203602797,43110
36698,1631738995,1000000
36699,20738062485,13820
36700,43333005421,22210
36701,81000596474,123140
36702,2442671120,50230
36703,62337635512,12950
36704,16666559748,22200
36705,303016833,42310
36706,13597838470,21400
36707,1322325802,83200
36708,80207359806,108420
36709,2104614983,36620
36710,74427604153,28770
36711,26011446033,28380
36712,17692850331,15940
36713,22738853349,10080
36714,53901635036,123760
36715,48233420339,25240
36716,2088824165,89740
36717,201931355,45430
36718,355284019,42120
36719,55967057116,14920
36720,58037634093,13120
36721,1152596396,60370
36722,28286652085,17040
36723,47648759268,163580
36724,11214989092,22980
36725,1532552453,92550
36726,986348817,34390
36727,2579124418,87280
36728,37673201671,24140
36729,1654533033,54690
36730,2240451850,59300
36731,2551575208,67300
36732,21621514595,21450
36733,2547789246,36530
36734,72896861688,12440
36735,878815721,58460
36736,20170337196,25630
36737,28239516012,25200
36738,104919748191,15150
36739,22710457019,23010
36740,530805181,64920
36741,54813969200,15320
36742,1959422397,48080
36743,2462576827,47780
36744,146372300,41560
36745,1239418180,59180
36746,39496745515,198290
36747,490391879,38670
36748,123726657123,12420
36749,1666891273,89260
36750,3677979128,33900
36751,2045579262,77790
36752,19720899101,16660
36753,1631738995,1000000
36754,20751108190,23100
36755,4288115377,82100
36756,58321181402,12290
36757,110979341,42060
36758,49454473699,175800
36759,55997509348,28140
36760,1063372437,56960
36761,38025505020,18060
36762,1665837218,36020
36763,36489171794,25010
36764,30860554806,10400
36765,65541575233,20210
36766,289209913,44850
36767,49359018714,15250
36768,15241819764,13200
36769,1006713557,57270
36770,33808150331,25680
36771,597608919,61620
36772,27833592503,162210
36773,132612338,39070
36774,1660421545,89400
36775,108685629700,128000
36776,115422323816,11180
36777,18973023210,21200
36778,16680645035,13750
36779,1850483599,60950
36780,1589275372,85600
36781,2627922325,34690
36782,55065325562,23540
36783,11544330483,18820
36784,8597498625,15300
36785,21977773248,20280
36786,386209859,41990
36787,1550593991,33590
36788,144199040,44900
36789,1920489781,32600
36790,30553606632,15750
36791,35213785935,27800
36792,62567339635,22450
36793,32497885421,14680
36794,59160781191,169500
36795,10093236863,19400
36796,95286021000,30150
36797,2307997600,65200
36798,298788004,42040
36799,24287704285,18740
36800,1000117552,55620
36801,19621303841,19800
36802,865025241,64860
36803,862541609,38990
36804,2328116354,80510
36805,575007723,39480
36806,1553929800,77040
36807,28239516012,25200
36808,2560112034,37040
36809,502382014,38370
36810,2099106019,402690
36811,1489374806,734200
36812,34047281011,178540
36813,506974138,40020
36814,16128464735,16150
36815,205936537,42960
36816,432199265,40360
36817,97423322873,110860
36818,141553285,45800
36819,53119614313,13540
36820,685737048,68060
36821,941343937,62660
36822,1057815704,55920
36823,4586000438,32570
36824,18973023210,21200
36825,103496654,45240
36826,830793017,41160
36827,43271837939,21480
36828,1598785642,50720
36829,22108093345,21440
36830,42448808126,17490
36831,482519922,40870
36832,49063758173,23020
36833,1116156053,35500
36834,1631738995,1000000
36835,13977867678,24400
36836,26813193660,13970
36837,2015220600,57410
36838,821797924,59490
36839,270203828,43240
36840,93728465219,28250
36841,36224244366,24440
36842,13262870369,30950
36843,23035858811,22050
36844,12995868583,17580
36845,33786480230,11250
36846,78074623714,16220
36847,167530346,40850
36848,1867599484,56040
36849,6968645360,13500
36850,585470461,56990
36851,29400030302,28450
36852,48899227149,28790
36853,1631738995,1000000
36854,136032526461,117910
36855,1326793974,78030
36856,156118339739,12770
36857,462712938,43970
36858,526287002,54460
36859,270161958,45480
36860,585470461,56990
36861,85851341859,17180
36862,32635120117,11200
36863,811298469,35980
36864,13937887246,31160
36865,43440528468,19050
36866,1447036868,63140
36867,41972943163,28170
36868,1503197883,70520
36869,38215353071,19240
36870,54032546352,21250
36871,1436032479,72150
36872,8296866576,21900
36873,1621558385,67900
36874,410743071659,10220
36875,125234130128,12110
36876,1184696056,52040
36877,779268274,39150
36878,27153562936,19380
36879,6735664401,32260
36880,2649774732,33750
36881,1797516323,68550
36882,51154213914,14660
36883,40581309322,21180
36884,2765569377,70350
36885,932765774,65740
36886,51755226246,21920
36887,1112554537,60580
36888,122506061958,127350
36889,13378711542,12600
36890,75467188306,138110
36891,1251239695,51300
36892,2398425953,47990
36893,2012633694,54990
36894,1790160218,65920
36895,1753265117,36710
36896,27681409375,27000
36897,17677778838,32890
36898,1126374415,39640
36899,73086990904,18190
36900,24252413441,20200
36901,93777362303,100340
36902,1070307467,51720
36903,3950631685,80670
36904,1784331003,66430
36905,136973567383,105360
36906,2916084824,35780
36907,19115025399,31130
36908,19876439793,30100
36909,100977093970,113600
36910,14720086762,21150
36911,52177829725,15080
36912,1135785241,36630
36913,143604743239,29540
36914,46356008569,18980
36915,38978792540,21590
36916,1540419024,76900
36917,104040411044,15410
36918,1227744012,54040
36919,1631738995,1000000
36920,112201252208,15330
36921,345934961,41190
36922,4897782541,31560
36923,686805446,36240
36924,150764185261,29500
36925,15716367775,26470
36926,9975585772,19360
36927,15101702599,12500
36928,33808150331,25680
36929,1440700484,65090
36930,991001074,34990
36931,1622919162,48960
36932,966607496,36100
36933,1663291256,49160
36934,83360458105,97360
36935,100835883112,119560
36936,16371576203,26900
36937,3500924144,76330
36938,79245177194,28800
36939,7280944825,291860
36940,14488576352,30970
36941,42393855705,18050
36942,25238803212,20460
36943,49989577,44660
36944,100553487,42580
36945,1208762652,61120
36946,47749067877,14170
36947,2337757534,63540
36948,32830187687,27900
36949,2646159153,93720
36950,1017552751,37220
36951,14854935840,26000
36952,44415337667,28260
36953,52497291564,23210
36954,2049096723,429000
36955,11322932870,14040
36956,131442981630,126270
36957,28137966581,12960
36958,613705540,39700
36959,23430054225,14950
36960,719781309,54000
36961,15172273050,32130
36962,542319986,39060
36963,915439284,38120
36964,3109132994,33330
36965,644773534,68100
36966,2576477892,72380
36967,3854371096,32140
36968,61699279243,11480
36969,939623427,55700
36970,1631738995,1000000
36971,61186561009,168910
36972,152926924713,12690
36973,1471999622,70770
36974,60828581097,26410
36975,66826149690,173710
36976,177309916,40720
36977,1683624057,65000
36978,3200723221,33530
36979,100553487,42580
36980,1697843459,50190
36981,201487594,46750
36982,41132067628,27300
36983,15096223682,26090
36984,199049820,43560
36985,309643652,39900
36986,56890745277,19530
36987,124132070,43940
36988,163322549928,114420
36989,25320306351,22860
36990,3587540746,52670
36991,98467339457,17610
36992,1227744012,54040
36993,2571545405,49960
36994,1385013389,35670
36995,202015720,41660
36996,2407561270,50780
36997,2815792555,82670
36998,30860554806,10400
36999,138963756,39500
37000,2903276820,70560
37001,2048154646,68670
37002,1054922676,38210
37003,26011446033,28380
37004,15118294498,27010
37005,1655272260,35850
37006,39937412905,22960
37007,9950781450,31970
37008,80908992623,120780
37009,1254673458,38430
37010,4557572413,64810
37011,9073676657,24880
37012,20798791919,15850
37013,754354668,88980
37014,39945137540,22900
37015,591837111,52100
37016,23801859917,22540
37017,13380422730,23400
37018,1186908578,48110
37019,802463687,52400
37020,42696556036,31870
37021,104186585931,29730
37022,932765774,65740
37023,1295198668,64080
37024,178630630,42330
37025,252147894,42350
37026,548747932,64600
37027,26614884467,16800
37028,24287704285,18740
37029,1759030585,86960
37030,23122731626,31260
37031,91561615702,106210
37032,44290276242,23700
37033,822260496,39970
37034,70917260148,13610
37035,78221692149,13850
37036,46745158604,24820
37037,1078975842,50010
37038,57635684120,28120
37039,1907642101,90170
37040,5368419132,76950
37041,1850420346,86540
37042,52057806061,19820
37043,5921037305,10000
37044,183300676617,97180
37045,16621932651,17300
37046,22012188432,19330
37047,3095178355,35230
37048,41442873078,21580
37049,57757055267,24470
37050,1423750163,55290
37051,1654488397,49270
37052,2137268600,63480
37053,1856735312,34660
37054,1538174220,82470
37055,15101702599,12500
37056,59952461054,25490
37057,1840692042,36920
37058,1584161837,57550
37059,2423344870,58850
37060,24836711839,21650
37061,48880466305,24210
37062,9966939481,21600
37063,260318545,43850
37064,342902864,45510
37065,37298728034,27550
37066,74803381851,23370
37067,3880804478,88290
37068,24280202958,17950
37069,23946777746,220110
37070,37495008730,15350
37071,11248132422,32300
37072,91443744912,28990
37073,62087726496,27070
37074,5219442219,33090
37075,1370358993,49700
37076,336104978,45680
37077,59329830220,14050
37078,4519748819,61830
37079,62206717779,13220
37080,1188774954,38970
37081,967689915,34700
37082,27391134488,28200
37083,3645400135,346480
37084,198531248,42560
37085,37495008730,15350
37086,18791756845,32320
37087,3854371096,32140
37088,38782682113,25260
37089,702043340,50080
37090,2004116373,87480
37091,1870360023,64370
37092,99304321,42390
37093,2395974107,35960
37094,18791756845,32320
37095,98412530667,30370
37096,98468339684,27650
37097,1394830915,52640
37098,37809039347,17750
37099,6704027691,33630
37100,3675680351,32950
37101,238836015079,30010
37102,1937797597,93590
37103,1449785037,79580
37104,295129914,41400
37105,10556791132,20780
37106,15484020783,13300
37107,326020670,40350
37108,148636019115,108470
37109,16680645035,13750
37110,25950007188,23900
37111,107813967,41800
37112,658310822,58360
37113,333716227,47590
37114,22077591852,19150
37115,614402784,37490
37116,97161135608,29450
37117,1499963646,54490
37118,93213766,42900
37119,751083944,58250
37120,54017203707,18450
37121,127610593098,16230
37122,2741515429,70830
37123,1621512804,77850
37124,2497104835,491450
37125,31265914644,11600
37126,89432759781,29140
37127,1411430031,35270
37128,132593675288,128730
37129,144566564184,100570
37130,61148974457,25580
37131,216522743,46040
37132,25488146696,207730
37133,16256207613,233450
37134,7235591285,33690
37135,1483752476,49000
37136,4966059338,14200
37137,39561734780,102420
37138,46609776660,13720
37139,42393855705,18050
37140,39149199429,14900
37141,61225260345,18720
37142,5549620249,33730
37143,4659655310,47860
37144,5015297284,84270
37145,14603919782,35860
37146,24280202958,17950
37147,74990334162,143790
37148,674813434,37730
37149,89261862724,18510
37150,119157909,47630
37151,3576022235,34620
37152,42393855705,18050
37153,4081067193,72410
37154,2681587839,55240
37155,10925602014,240840
37156,993169686,78780
37157,48516137369,23060
37158,40498004790,24590
37159,123203558799,29250
37160,20214540506,24190
37161,8933766969,10120
37162,520982089,62000
37163,1458790427,62480
37164,17284174655,17940
37165,879914943,37170
37166,982700275,63280
37167,19381245471,32370
37168,1209411229,68000
37169,49489469370,16440
37170,14755481980,26440
37171,16856330150,15500
37172,100596830161,29700
37173,61467253282,18790
37174,27825526306,17900
37175,34681628225,27040
37176,14073065206,23250
37177,926886691,53620
37178,22633287384,31190
37179,1645557202,78380
37180,1342683647,66770
37181,39033636438,199400
37182,23648330515,229240
37183,54349301320,24460
37184,7623443849,18500
37185,2265369160,87000
37186,49413258698,22810
37187,137636890,46210
37188,608064957,94890
37189,17837658980,30980
37190,310929357,37250
37191,1663291256,49160
37192,84592707,47400
37193,144199040,44900
37194,86657090469,150990
37195,2214361852,56130
37196,2193159158,36560
37197,43447786887,116580
37198,23239345271,12650
37199,153875844422,100680
37200,106028725,47240
37201,15750815092,18660
37202,266131796,44670
37203,1576717296,57520
37204,4832008528,32960
37205,39005083666,23120
37206,36808459328,28370
37207,86772968,46620
37208,1847266009,59190
37209,1582197668,511700
37210,1516883747,73270
37211,142799541,42100
37212,65406865703,17280
37213,64189111235,11490
37214,27776778220,22750
37215,113004047,45490
37216,2512917250,64720
37217,18567186251,34330
37218,36345144089,13520
37219,1492778463,77700
37220,33036051309,25960
37221,49782289265,99160
37222,8746143840,15800
37223,609632980,37150
37224,861673698,62310
37225,2561208879,72880
37226,3752345103,63650
37227,864853774,78940
37228,649714857,52800
37229,11612366711,22590
37230,473804026996,11310
37231,60866140858,12480
37232,3814964572,35530
37233,21631552444,26750
37234,1391187023,52550
37235,8005651455,31150
37236,1164263840,56060
37237,17089269526,26120
37238,59143909418,26360
37239,6377380700,22300
37240,50678387133,162280
37241,44707290022,18930
37242,2199078024,37230
37243,13749746627,18260
37244,145674566645,105980
37245,41111666437,20870
37246,36799869133,20760
37247,25275200839,17350
37248,78007317755,13360
37249,66066370,42550
37250,28299503383,202350
37251,825775683,69600
37252,169410838450,11580
37253,1471837414,52070
37254,50679553777,185920
37255,10093236863,19400
37256,2641373586,48900
37257,145885935628,123270
37258,101083304,44010
37259,175952284,43800
37260,1876560773,80640
37261,173574493781,25390
37262,142667404579,17910
37263,342042513,66890
37264,1952179910,33670
37265,29379235908,209050
37266,915439284,38120
37267,42568519534,26190
37268,116075986845,27530
37269,1487418003,411760
37270,224188854,43580
37271,1137744856,78750
37272,15241819764,13200
37273,28543263715,17460
37274,107323519,43080
37275,429448171,39560
37276,2459975371,48550
37277,2140553864,34510
37278,15269062707,11500
37279,146372300,41560
37280,307021607,39130
37281,654665891,75580
37282,12370260581,17440
37283,492761241,39740
37284,74803381851,23370
37285,4465649097,71800
37286,4217918955,364710
37287,2514082924,51280
37288,184195569242,29900
37289,1992008370,35320
37290,1509546820,37330
37291,555654719,91250
37292,12370260581,17440
37293,1735696134,70200
37294,184125576,44970
37295,3329996268,55320
37296,43223920572,27840
37297,803787580,47960
37298,89524892842,11760
37299,776195211,42870
37300,1356162665,50140
37301,94645239809,30280
37302,661790663,39950
37303,49777359859,24580
37304,43906743230,107300
37305,846924114,61800
37306,19015833190,20900
37307,850683698,53500
37308,11559053251,24340
37309,135748009740,118350
37310,152908675016,20510
37311,2803054363,34500
37312,157334943166,95830
37313,59119860557,17980
37314,5921037305,10000
37315,958549335,50990
37316,124120162084,135140
37317,1927594420,51120
37318,22274522030,18300
37319,1603738547,83460
37320,59047479801,17330
37321,8592713409,16550
37322,69748186106,11220
37323,6113327451,33120
37324,81845896228,104150
37325,75569493452,24720
37326,1092328277,70310
37327,1241743777,61960
37328,54560372121,21280
37329,152756057,46300
37330,6847361817,24080
37331,120753681397,29570
37332,58039092056,15860
37333,140955089313,19830
37334,120887347990,14070
37335,377417179,40740
37336,1452448662,63460
37337,2893181116,77680
37338,152267874,42000
37339,13612873729,22850
37340,51393903441,19510
37341,70348835290,25930
37342,3123446351,57300
37343,2249112847,64610
37344,94637837179,111370
37345,1539279228,47890
37346,15716367775,26470
37347,605350479,37670
37348,133545441422,124030
37349,1296534590,75960
37350,17500395948,24800
37351,42589667193,20610
37352,3629555141,64990
37353,1693940630,65400
37354,26434377401,18100
37355,197227947681,30110
37356,1310857836,51870
37357,21245108197,22380
37358,30719654234,22320
37359,1065436287,68270
37360,40498004790,24590
37361,122132101,41760
37362,265027913,43130
37363,495586357,51000
37364,18781364593,22500
37365,2386574498,35360
37366,35393760318,13190
37367,248416745,44540
37368,845017738,58000
37369,108982521474,30540
37370,2596276581,94860
37371,36957900638,26660
37372,35846434103,12550
37373,5921037305,10000
37374,207929605,46590
37375,25369830504,134300
37376,1011865248,52180
37377,768322602,37090
37378,44758361049,25170
37379,66418776944,140870
37380,495539667,80380
37381,70673149381,13830
37382,31624462478,27350
37383,5489805432,74170
37384,473021194,38170
37385,6137849725,64910
37386,792392949,65240
37387,1644157609,426830
37388,52037401887,22120
37389,128522310772,29200
37390,39945137540,22900
37391,42053547758,24320
37392,28089660686,15900
37393,32370922918,26280
37394,19416274791,33190
37395,19316290958,233710
37396,29096265241,15360
37397,48347533,44860
37398,24711842653,22890
37399,59478656525,30200
37400,7326877173,32850
37401,99905516331,12590
37402,2093338993,648240
37403,2381508863,34750
37404,1537310706,65580
37405,2251229099,66340
37406,504465393,36340
37407,43501996949,24530
37408,48390762993,103910
37409,53799554756,21120
37410,945264980,56680
37411,1699831961,54440
37412,627524386,60310
37413,28137966581,12960
37414,3331926689,56120
37415,44461683118,10240
37416,19621303841,19800
37417,4093727172,34290
37418,18291876801,25440
37419,96789736572,28430
37420,567022855,38500
37421,119100849015,28940
37422,146415605,43460
37423,53409349832,10100
37424,17352688335,13240
37425,79849030588,27970
37426,40136875057,26770
37427,1449895858,574710
37428,12182235393,16920
37429,985071251,52660
37430,2155493312,846860
37431,3415650879,81780
37432,2178070367,33230
37433,925032490,56800
37434,4081574467,62500
37435,79471465033,11660
37436,609297051,44360
37437,48528795678,14650
37438,35927370258,16140
37439,1631738995,1000000
37440,978105902,85400
37441,31760018623,13100
37442,92907114947,150110
37443,41085533680,12280
37444,30412907126,18640
37445,978648171,36310
37446,1631738995,1000000
37447,72829992292,30190
37448,33555873981,12200
37449,19889035527,21700
37450,13813563496,32060
37451,355284019,42120
37452,53443551626,23660
37453,51712250882,137400
37454,4139972881,33920
37455,2203545175,36130
37456,20249118852,23150
37457,1631738995,1000000
37458,1716440625,80790
37459,2916597756,33340
37460,74887879477,24950
37461,138613638,45790
37462,127984266962,112440
37463,1952179910,33670
37464,284074140,41900
37465,12804134435,31610
37466,1275919064,54520
37467,340316873,42780
37468,4815379048,86970
37469,187315199,45090
37470,38946778013,25920
37471,55293907816,25350
37472,154780538542,110710
37473,1528666910,71830
37474,4150755985,78160
37475,74546775532,159760
37476,56822468980,22880
37477,44902378450,18010
37478,18291876801,25440
37479,290407115,46540
37480,18803265229,14600
37481,965912216,73500
37482,222382913,38600
37483,1213177422,38940
37484,3090799763,57640
37485,986459807,57160
37486,37455535968,17760
37487,277263165,45540
37488,873411038,58800
37489,106490114776,140360
37490,358643074,40050
37491,40735498550,193830
37492,28089660686,15900
37493,24652206273,17190
37494,123170721930,114800
37495,52006394875,29620
37496,6586080833,57240
37497,563347692,38380
37498,481871803,44200
37499,2260322667,76110
37500,1046783688,34830
37501,2147748781,61460
37502,17816376891,31400
37503,2092435391,34200
37504,1429035186,72960
37505,54108542506,14590
37506,1376223777,55750
37507,2611699671,394190
37508,17317254802,14850
37509,26011446033,28380
37510,6466075967,32690
37511,57485137201,170360
37512,1118884128,73550
37513,306086293788,29320
37514,17540990784,15030
37515,43891319466,21470
37516,1931367898,67220
37517,7720832534,17790
37518,1207305544,57630
37519,131182274246,131190
37520,53395287258,184790
37521,1164747559,83900
37522,66362318261,13350
37523,2557427042,32480
37524,48879509064,20260
37525,1441943169,65140
37526,1908322068,59730
37527,107148863950,14570
37528,67129058834,26010
37529,48347533,44860
37530,34202441186,22400
37531,1072709312,33100
37532,45173635137,23430
37533,103545942,47300
37534,71275229269,22440
37535,17317560587,19180
37536,634159836,38960
37537,48632573621,28070
37538,113786074923,13620
37539,2249257331,732520
37540,40962683772,20600
37541,1918293445,68570
37542,64630757742,103850
37543,18045084374,30440
37544,7394073238,33140
37545,8101115241,20840
37546,2259601914,87370
37547,1060225033,51950
37548,2441550991,36170
37549,6466075967,32690
37550,68660692992,26230
37551,61278958959,28110
37552,28299948879,30890
37553,1919516614,49340
37554,1604530916,54510
37555,15632682407,13450
37556,155381505812,29820
37557,15635220941,25060
37558,76525213476,144940
37559,1509141265,34080
37560,217479809229,29830
37561,963259311,52820
37562,36403960863,18520
37563,2607253612,52690
37564,35846434103,12550
37565,23654036646,130220
37566,49567566189,23910
37567,21343667691,12880
37568,973365626,69000
37569,95065093954,102070
37570,4988605642,65730
37571,2431872851,36490
37572,13464515511,244180
37573,2025692169,70090
37574,945264980,56680
37575,22121110597,26200
37576,47721839131,13650
37577,96343378781,97060
37578,14782752626,20560
37579,989365560,61920
37580,1520470110,68580
37581,143604743239,29540
37582,84622031903,22130
37583,1090532987,52370
37584,881265849,36930
37585,108856857270,29910
37586,3027794921,92690
37587,4504775868,34640
37588,14782752626,20560
37589,16446882670,27340
37590,1296534590,75960
37591,66707690606,101540
37592,2610749738,34800
37593,55293907816,25350
37594,7207678269,268380
37595,254226091528,29580
37596,36725496221,105860
37597,42489225706,16880
37598,44278541434,116930
37599,77726524145,14180
37600,56822468980,22880
37601,56269074847,13660
37602,93960332121,21110
37603,873159096,40730
37604,181403119219,14830
37605,2001391359,38870
37606,4105446898,76030
37607,51180551841,23750
37608,394927874,38300
37609,229095780,43540
37610,46811601032,126460
37611,1741446864,70730
37612,11322932870,14040
37613,51393903441,19510
37614,21817176627,19120
37615,306086293788,29320
37616,77859726070,12130
37617,4010868102,315330
37618,29891347869,28270
37619,3110407763,95330
37620,863855022,50280
37621,154238727806,28910
37622,1631738995,1000000
37623,73072512307,19060
37624,36168836621,188860
37625,47066111055,17880
37626,218254140,41040
37627,137417871,46150
37628,30661738016,19650
37629,133565508221,125250
37630,11171899613,24450
37631,48106561534,17680
37632,26434377401,18100
37633,48516137369,23060
37634,73642083145,14010
37635,13077299177,15620
37636,65406865703,17280
37637,34681628225,27040
37638,62522304467,146420
37639,2134860152,36360
37640,36972142743,15590
37641,2488944962,60870
37642,8018007742,33440
37643,33128794370,29190
37644,48754291979,161860
37645,2017419158,49420
37646,83528814,41820
37647,48932072348,19030
37648,2458056571,52420
37649,72926475548,24420
37650,2140487059,62540
37651,60734190187,22550
37652,2064856018,75590
37653,316269838,41960
37654,17293723838,228990
37655,2105109652,71190
37656,2761320563,350850
37657,98977519401,17290
37658,1631738995,1000000
37659,558687882,41030
37660,1184258289,525800
37661,745305738,68680
37662,1769420066,76280
37663,130107480577,119380
37664,995830868,64440
37665,20763867777,19750
37666,55987971004,15160
37667,5921037305,10000
37668,49361607235,19480
37669,1576456905,75100
37670,2608808999,66320
37671,2210262090,90400
37672,11835720014,31850
37673,225846202,44450
37674,202015720,41660
37675,39244436334,19620
37676,1172993327,52810
37677,59722378236,99250
37678,240474175,39830
37679,76419625352,29640
37680,56269074847,13660
37681,1049140050,50300
37682,43757809,46000
37683,719307266,39100
37684,37656571114,25030
37685,1262119294,64980
37686,27759015979,10200
37687,47673360988,12270
37688,1238796644,65450
37689,1712315811,82040
37690,2392560478,49030
37691,37743414978,15870
37692,1005249725,74790
37693,121312134312,24760
37694,317261577,41620
37695,68798509268,18440
37696,51928380792,97100
37697,1308374485,53770
37698,22426798037,21050
37699,16128464735,16150
37700,1759030585,86960
37701,4292486146,86560
37702,36811050346,18850
37703,170217240783,96070
37704,98437383739,97870
37705,1547344793,77620
37706,3412815800,66360
37707,12579447919,19550
37708,10358530455,16510
37709,56730751704,22520
37710,69254992316,28820
37711,1966501682,86120
37712,18577413391,26650
37713,986348817,34390
37714,4139384764,59270
37715,58037634093,13120
37716,39957048884,18650
37717,195819684,43600
37718,263729243,45930
37719,98579188776,114430
37720,2633692201,83440
37721,189187624,40750
37722,3904062708,92890
37723,1735696134,70200
37724,20214540506,24190
37725,358355550,45720
37726,16662598179,19520
37727,30115678114,18480
37728,1564260300,52450
37729,25922689803,25100
37730,1914391007,68620
37731,977011201,56300
37732,472545976,42430
37733,4854570977,31700
37734,20633379777,31360
37735,106042603235,109620
37736,4732222352,34050
37737,867797600,81180
37738,2897055071,63760
37739,26692492132,28150
37740,51671452648,28540
37741,532525883,37640
37742,1533853467,38250
37743,638332189,50560
37744,30966134539,20410
37745,27237505980,20300
37746,379670148,44370
37747,2605152615,73690
37748,20047359759,28400
37749,18307813892,26600
37750,8037842913,21950
37751,27769597355,215360
37752,49060135838,97820
37753,66042753019,111000
37754,184393023,43020
37755,26614884467,16800
37756,15172273050,32130
37757,13618910578,19900
37758,27520353423,30520
37759,6714501360,11440
37760,461028209,40900
37761,1134814293,63500
37762,30688222926,18130
37763,19849554641,241210
37764,2685223976,35800
37765,43440528468,19050
37766,1149559910,86000
37767,2240051451,65260
37768,3911403422,352500
37769,1818227392,33820
37770,240963705,43810
37771,317875425,43510
37772,1782645133,88600
37773,370300963,47180
37774,18628129908,24380
37775,1760550635,50540
37776,391825680,38540
37777,52524760859,25330
37778,3222300429,35490
37779,793302769,52510
37780,1553880175,35150
37781,296078334,44210
37782,26766140139,17590
37783,15018153817,21660
37784,1631738995,1000000
37785,16666559748,22200
37786,5073945079,32540
37787,115390912834,28660
37788,3236275601,32580
37789,45629561310,20340
37790,11559053251,24340
37791,25574467318,20360
37792,50734035423,15480
37793,1041207695,34900
37794,97161135608,29450
37795,2344177850,56900
37796,53799554756,21120
37797,52456015034,158410
37798,6825304777,31500
37799,3583670340,54530
37800,22851451315,30700
37801,727000833,50150
37802,16671615759,17000
37803,363929049,36660
37804,19075872929,240140
37805,23357523209,26850
37806,23493083807,18950
37807,13778644135,17070
37808,1013675216,90830
37809,2045588469,95450
37810,80432649,40080
37811,49049299801,145220
37812,3229580833,53180
37813,1264368907,81410
37814,47721839131,13650
37815,1204335177,68740
37816,100502811457,29000
37817,12956944537,16200
37818,74356023612,30000
37819,28382266408,21540
37820,1007587212,47820
37821,16649303622,20170
37822,4632076462,64800
37823,209832905146,29740
37824,603853053,61240
37825,2362501811,34960
37826,1267966539,52430
37827,735503252,37380
37828,318939335,44070
37829,1932846252,48650
37830,1276226649,66200
37831,310240902,46670
37832,2509789849,53730
37833,702043340,50080
37834,383483995,43670
37835,132011555,41370
37836,21319622040,18000
37837,88608614331,19910
37838,926335324,50480
37839,154821658190,28420
37840,2797434055,81390
37841,3876499677,82010
37842,29096265241,15360
37843,33950951213,23140
37844,928759657,35790
37845,1690717450,70170
37846,2484423433,61350
37847,1456868084,51600
37848,41851576292,15400
37849,635774859,56600
37850,3023823681,91610
37851,29519184146,29040
37852,386703694,36200
37853,577110669,45530
37854,31342351119,190200
37855,1765653200,49780
37856,506974138,40020
37857,3109143947,32240
37858,4241372846,326380
37859,24792833125,13940
37860,733940752,52950
37861,5751597917,34980
37862,16911672567,26580
37863,952542409,61740
37864,52086938502,122940
37865,11932444456,218000
37866,1088409901,49710
37867,23493083807,18950
37868,1631738995,1000000
37869,874510352,54740
37870,40107433283,15040
37871,2655350803,67960
37872,919500002,37980
37873,40143322519,25720
37874,30489634111,164300
37875,4274137796,80530
37876,1186202406,63680
37877,5704610014,66540
37878,10021897467,23200
37879,66806253421,20240
37880,55488647090,17260
37881,5563729457,34240
37882,54325580362,11300
37883,30960317809,18900
37884,100596830161,29700
37885,11094753535,31000
37886,963676411,36520
37887,28520159386,19300
37888,1745335418,84220
37889,34681628225,27040
37890,1635819422,50960
37891,16555497187,13680
37892,1602651494,64120
37893,71301481204,114390
37894,61598617140,25790
37895,1025405426,62250
37896,49757579097,12560
37897,75569493452,24720
37898,342042513,66890
37899,2495007104,56750
37900,15256087012,10300
37901,16496210356,23850
37902,997782266,34020
37903,59734376004,15830
37904,40310472754,23930
37905,33036051309,25960
37906,1262635962,75120
37907,197227947681,30110
37908,163792207,46350
37909,2451981297,492600
37910,18290663502,21840
37911,4463682399,79060
37912,3576022235,34620
37913,1943206095,60390
37914,56792157328,13580
37915,15877656541,24250
37916,33454510396,26210
37917,5082557683,32470
37918,1134104289,53550
37919,42590251057,112300
37920,45940864219,18280
37921,12741993283,30860
37922,52952058521,14640
37923,71670533558,28840
37924,2337757534,63540
37925,36200005581,28240
37926,2419486689,60230
37927,84557250108,29940
37928,2846401848,56290
37929,21654796659,21380
37930,14720086762,21150
37931,1743125570,79390
37932,187697392727,97150
37933,3717464515,73110
37934,114533898662,140950
37935,113005204623,18960
37936,14720086762,21150
37937,1318498549,54260
37938,357850812,58600
37939,48233420339,25240
37940,46838785900,27880
37941,1593758003,35630
37942,268458850,41210
37943,47095388432,21080
37944,847452917,87980
37945,1140785990,35560
37946,500320635,46470
37947,23521342765,20400
37948,41353196028,12140
37949,81854449336,126160
37950,64324404296,17640
37951,603853053,61240
37952,1890582179,63420
37953,67354936590,21530
37954,3763726155,50850
37955,1631738995,1000000
37956,183865535,42890
37957,1449605088,33650
37958,25375355909,19670
37959,96789736572,28430
37960,81454223,43780
37961,26411647433,18320
37962,2377875981,49280
37963,67195225842,20010
37964,1378490026,90900
37965,15101702599,12500
37966,304326832,43290
37967,65929410765,122380
37968,2508648992,69300
37969,32470386257,28710
37970,16662598179,19520
37971,62260546027,165000
37972,52607696761,23040
37973,1474079351,85310
37974,2999814395,37860
37975,52607696761,23040
37976,26495857219,156400
37977,86717575813,126200
37978,165211464,40320
37979,70120083483,15230
37980,23521342765,20400
37981,3326394597,34360
37982,293028886,39540
37983,18973023210,21200
37984,963676411,36520
37985,27402271562,23800
37986,97020392152,15530
37987,137285216657,116750
37988,17500395948,24800
37989,2128459317,71920
37990,92603711266,27780
37991,2485219164,62680
37992,733940752,52950
37993,5983251227,311110
37994,5921037305,10000
37995,761420229,46970
37996,74069564978,31270
37997,4250146741,33600
37998,6404613422,33640
37999,35927370258,16140
38000,15635220941,25060
38001,10021897467,23200
38002,2756394057,70680
38003,62613087701,166000
38004,32497885421,14680
38005,4150811939,47870
38006,957792398,39530
38007,20271072387,19680
38008,9451390383,31690
38009,10142773672,258490
38010,10021897467,23200
38011,1601336481,68250
38012,2222247275,35310
38013,58822293097,30720
38014,5167734617,75290
38015,80409751380,30320
38016,2170013490,53760
38017,1454470038,55970
38018,128567339451,128600
38019,104565331578,136350
38020,722439760,39940
38021,33577961195,19460
38022,270577793,40150
38023,37298728034,27550
38024,12694562021,26800
38025,1631738995,1000000
38026,873411038,58800
38027,2179993233,55600
38028,1186908578,48110
38029,6551789126,279680
38030,101975980531,20730
38031,79898627011,16390
38032,2091594545,49510
38033,22940211578,13700
38034,2579896884,53710
38035,44076668864,197960
38036,103588381372,131200
38037,11559053251,24340
38038,51755226246,21920
38039,49489469370,16440
38040,85721686363,146590
38041,2665111018,33500
38042,1735538039,93480
38043,838533750,38440
38044,474762503,46330
38045,4504775868,34640
38046,1134104289,53550
38047,47587072634,16460
38048,1937719630,77410
38049,160415459,39720
38050,50137442943,25460
38051,1517132762,34250
38052,30960317809,18900
38053,28831914222,15780
38054,368250558,41670
38055,27237505980,20300
38056,2742390603,32900
38057,2084098603,37970
38058,84844484259,26380
38059,5345037297,51610
38060,43134529375,19850
38061,43567488403,110030
38062,78122501742,121420
38063,34075787416,13460
38064,2368906458,34220
38065,28809671951,15600
38066,112268278175,95790
38067,43757809,46000
38068,60923512467,11060
38069,1246744945,61080
38070,31172644375,16950
38071,113605749,44440
38072,847452917,87980
38073,201531355547,16010
38074,18973023210,21200
38075,824644192,57080
38076,45173635137,23430
38077,75738004561,27770
38078,10708572650,12900
38079,917382401,56740
38080,1219557706,73840
38081,45231475671,16560
38082,1230530036,53310
38083,39368373109,23720
38084,963259311,52820
38085,1191076510,64790
38086,62653790007,26130
38087,321337963,43100
38088,96789736572,28430
38089,58301785691,21140
38090,304963033,45310
38091,8085474109,11000
38092,34174865717,27510
38093,26441271661,26250
38094,14853559028,18560
38095,48600534478,22090
38096,1108794328,68800
38097,70148464889,25890
38098,1043184003,37840
38099,6740202111,31940
38100,8522526669,30800
38101,514580279,38650
38102,3013356019,50430
38103,755161576,37340
38104,68742621656,120650
38105,641033554,35280
38106,1358286438,77580
38107,146657492754,12310
38108,137712471785,30140
38109,20043163240,13800
38110,171376051,44500
38111,253425413,38450
38112,1199251193,65660
38113,27839817214,10340
38114,55987971004,15160
38115,18307813892,26600
38116,2027480615,70220
38117,476636108,39420
38118,12066502163,33020
38119,421511376,41280
38120,3530473800,94050
38121,118353792894,122730
38122,658310822,58360
38123,77230986316,11210
38124,2409182720,69690
38125,492761241,39740
38126,1565125458,61580
38127,32025620892,24200
38128,2603490372,80810
38129,4250146741,33600
38130,1125678091,71210
38131,565552098,41770
38132,67535387882,134520
38133,820041598,66100
38134,1501628763,59690
38135,27776778220,22750
38136,15680717211,23050
38137,101533765039,96450
38138,15256087012,10300
38139,1631738995,1000000
38140,985071251,52660
38141,1781274255,53350
38142,96155377,41110
38143,1921975135,58140
38144,2377875981,49280
38145,70476813938,13020
38146,47570883871,22530
38147,674811634,40070
38148,53790511802,31370
38149,1280383657,53320
38150,1631738995,1000000
38151,3356420522,35590
38152,19889035527,21700
38153,3721080935,321610
38154,16128464735,16150
38155,12635210498,23500
38156,83272566880,29080
38157,21588729272,30600
38158,6536029761,12400
38159,402845661,37260
38160,19558299507,14880
38161,1634610713,65980
38162,43654596251,120180
38163,506974138,40020
38164,8037842913,21950
38165,3958041807,323310
38166,5082557683,32470
38167,1122246522,59020
38168,23521342765,20400
38169,73042456545,14820
38170,810003039,61750
38171,1057210236,67510
38172,8540532486,32360
38173,64864154,44620
38174,3641459255,34730
38175,1345272861,63100
38176,3183491584,58530
38177,174984123,46780
38178,791065333,51340
38179,25922689803,25100
38180,29933131070,24860
38181,8597498625,15300
38182,1631738995,1000000
38183,1675926540,57820
38184,48363238717,16250
38185,1018301448,74730
38186,7026785535,282060
38187,41294672559,24540
38188,1526902801,94720
38189,406567495,45410
38190,16446882670,27340
38191,67586908115,125460
38192,2401286948,71700
38193,36980688113,13890
38194,297852860,37400
38195,17040484266,23950
38196,1727907311,78400
38197,15750815092,18660
38198,246164863,39260
38199,23521342765,20400
38200,47213622589,19040
38201,15269062707,11500
38202,1542502573,50050
38203,50308283526,136100
38204,83052142214,11680
38205,53119614313,13540
38206,72643908819,12920
38207,293146843,43710
38208,2837264064,49530
38209,1153361011,773480
38210,56845599086,12790
38211,1693556357,57360
38212,205936537,42960
38213,160706635,42020
38214,39520178022,154900
38215,325414035,43210
38216,36957900638,26660
38217,1328174283,49760
38218,15680717211,23050
38219,49950805918,31460
38220,45108795749,17310
38221,41960725561,27150
38222,19447024870,25860
38223,358643074,40050
38224,24846613522,18800
38225,63578466333,18620
38226,35809846307,25120
38227,36808459328,28370
38228,1762465936,64030
38229,17596863824,27450
38230,1240499468,51650
38231,1725612287,535760
38232,300222469,44720
38233,1017879136,71460
38234,115258935619,17890
38235,1559492508,36070
38236,98361755870,28680
38237,3204441863,80030
38238,102481121578,114070
38239,1066932586,63440
38240,3226087412,73830
38241,1448985896,36870
38242,80409751380,30320
38243,84557250108,29940
38244,55894225941,141030
38245,70910051151,24180
38246,2017419158,49420
38247,767621107,50660
38248,102347723766,26730
38249,13378711542,12600
38250,1563046872,54670
38251,310929357,37250
38252,26224264781,12300
38253,54032546352,21250
38254,134927867397,127980
38255,295033679,38490
38256,1042940702,48440
38257,581538988,68310
38258,21509159440,21000
38259,85080732971,130900
38260,1219557706,73840
38261,179096805,45140
38262,191073974742,97780
38263,1100532596,37480
38264,27762926584,25500
38265,36531313013,21100
38266,50155411223,151890
38267,58039092056,15860
38268,972303517,51820
38269,1143451295,72020
38270,996735443,61510
38271,91443744912,28990
38272,37656571114,25030
38273,2211331819,87360
38274,49359018714,15250
38275,34005205205,17920
38276,2397017330,78260
38277,226635679,40970
38278,75690663689,17930
38279,2540537209,49640
38280,1773387824,39050
38281,45177524148,19230
38282,9131255530,17200
38283,124194756432,132480
38284,7394073238,33140
38285,17837658980,30980
38286,3013097861,36780
38287,27285891240,22640
38288,34069048433,14620
38289,18646345859,20000
38290,121418773943,23710
38291,95851859003,112250
38292,6618928776,31350
38293,14401704407,16500
38294,292213082,45600
38295,2185777270,66740
38296,372969483,41580
38297,3736822851,33790
38298,1631738995,1000000
38299,81416968,42540
38300,44739121196,18240
38301,27825526306,17900
38302,3243497103,82420
38303,2386574498,35360
38304,39723842489,19880
38305,83784153285,28900
38306,268295937,39660
38307,34785681833,20740
38308,3582036577,325740
38309,37547961631,16900
38310,290299518,42530
38311,43069409942,10840
38312,14522310942,14060
38313,4801992426,71360
38314,40581309322,21180
38315,317236975,41510
38316,151851617,41500
38317,40594907107,26590
38318,18902576810,32880
38319,786568730,56390
38320,15473409066,30810
38321,77271653431,152350
38322,28969049305,17360
38323,779268274,39150
38324,962022378,37550
38325,26678147130,25420
38326,679209690,80820
38327,122529221612,107620
38328,881015444,48220
38329,153467040,41180
38330,14253139298,23980
38331,3620837613,52270
38332,14119890972,32750
38333,1365307753,60820
38334,121017774,47660
38335,98046912116,104300
38336,179866462967,103520
38337,84622031903,22130
38338,67738246934,15270
38339,78518605,42990
38340,52090496415,100970
38341,5735314959,50920
38342,80104964039,29280
38343,16496210356,23850
38344,1305006384,49900
38345,29505504515,21260
38346,1951964637,59870
38347,178630630,42330
38348,4551716250,79700
38349,57308021554,28980
38350,1840692042,36920
38351,22636559305,233170
38352,27237505980,20300
38353,2916597756,33340
38354,2754959309,61140
38355,7861322568,34140
38356,969633129,65050
38357,827490366,39790
38358,174055976889,105970
38359,84592707,47400
38360,49359018714,15250
38361,1430033040,48590
38362,10708572650,12900
38363,29891347869,28270
38364,37455535968,17760
38365,16496210356,23850
38366,1631738995,1000000
38367,2330374393,92200
38368,38470708918,13380
38369,347066566,39550
38370,329709884,39340
38371,28655336302,24520
38372,85890581635,131410
38373,508441697,40400
38374,911167773,58300
38375,3641459255,34730
38376,1663410317,37290
38377,368674747642,24230
38378,53317064793,101970
38379,68827732899,25160
38380,57107389399,27280
38381,16656548476,17500
38382,974804499,61700
38383,1157094998,88340
38384,2720684416,55590
38385,43982463921,20160
38386,3449379124,81480
38387,1631738995,1000000
38388,137887014421,12620
38389,22851451315,30700
38390,66182785335,11560
38391,96155377,41110
38392,134380200879,10350
38393,34507907258,175700
38394,708402499,60600
38395,124431586634,28390
38396,1705028225,67390
38397,1927139429,80010
38398,2464200779,86040
38399,5207892040,10600
38400,58929175523,17630
38401,1499963646,54490
38402,94899980341,24730
38403,33689322989,24610
38404,1962523130,35130
38405,76901972793,23280
38406,1782645133,88600
38407,2333144020,53980
38408,15632682407,13450
38409,1263110742,51360
38410,2560112034,37040
38411,32841394868,25980
38412,143128899157,107960
38413,23493083807,18950
38414,5511028629,55930
38415,346671016,42160
38416,25489221579,227580
38417,31760018623,13100
38418,79471465033,11660
38419,15473409066,30810
38420,30918942440,208250
38421,9485978776,276680
38422,5921037305,10000
38423,8597498625,15300
38424,114574405001,15970
38425,54873856257,23130
38426,1598351374,57800
38427,705716521,84600
38428,43389576198,18220
38429,132211609,46940
38430,35508041271,96350
38431,73787733197,20530
38432,44771031966,30550
38433,416977618,42010
38434,2362501811,34960
38435,190037387,42050
38436,32942908226,16300
38437,15118294498,27010
38438,2557112974,34840
38439,321337963,43100
38440,19621655952,13920
38441,9975585772,19360
38442,32670578675,26700
38443,713115969,38460
38444,17760313786,23320
38445,3326394597,34360
38446,11169498489,31800
38447,1213177422,38940
38448,1073453760,51400
38449,12370260581,17440
38450,52037401887,22120
38451,926465885,65990
38452,71047505,46790
38453,62485842,44300
38454,15016173997,20700
38455,50346887929,20820
38456,16729232021,24660
38457,5921037305,10000
38458,37083274318,28440
38459,23122731626,31260
38460,3650371312,51110
38461,407679510,41380
38462,715875897,54350
38463,66980122242,21270
38464,4185369366,93570
38465,1019271003,58990
38466,74256122100,113780
38467,344440628,41350
38468,5477301873,73960
38469,34935271309,25590
38470,18393286804,11360
38471,329709884,39340
38472,1033693647,65640
38473,8296866576,21900
38474,149829373122,96720
38475,1241856236,90580
38476,534415944,38230
38477,9075253256,32800
38478,13287800402,10460
38479,1697843459,50190
38480,12175959216,13600
38481,64174328787,10760
38482,16250883444,22340
38483,158218983,40420
38484,185417397006,13130
38485,74337528164,16910
38486,3717965658,32920
38487,2299596129,49820
38488,72829992292,30190
38489,9075253256,32800
38490,176052203062,23820
38491,107335174215,29130
38492,13618910578,19900
38493,22228222233,24010
38494,1631738995,1000000
38495,1084013580,71150
38496,22859046034,23810
38497,72024658162,19840
38498,2137268600,63480
38499,25320306351,22860
38500,82925456600,24560
38501,27021423680,23390
38502,22121110597,26200
38503,3109132994,33330
38504,40830200652,15490
38505,23741234218,100200
38506,165087659704,99890
38507,2104346867,71160
38508,23735100865,25780
38509,1289989027,57060
38510,35071733965,30250
38511,82755323145,12150
38512,68916216496,19630
38513,18658263160,30460
38514,638332189,50560
38515,2892380145,71420
38516,74427604153,28770
38517,1792230918,66300
38518,38137425611,30680
38519,14853559028,18560
38520,62245281583,121650
38521,303951886,40940
38522,25260575034,24170
38523,609632980,37150
38524,95724542696,27640
38525,54747996721,169770
38526,28535155489,17700
38527,1478148334,51940
38528,84710804,42690
38529,3685748320,76920
38530,133704853279,29420
38531,1682487466,89050
38532,2140553864,34510
38533,50346887929,20820
38534,1743630640,78180
38535,1190480370,48180
38536,84705126584,23880
38537,16666559748,22200
38538,81372994085,10440
38539,1920489781,32600
38540,121966366,40100
38541,52607696761,23040
38542,1631738995,1000000
38543,1950416706,34120
38544,16843158054,21410
38545,613705540,39700
38546,91480150525,104960
38547,29083726643,17520
38548,3432960535,34580
38549,520982089,62000
38550,160984375113,22430
38551,97752786928,28060
38552,1256951558,51540
38553,309260537,41100
38554,11559053251,24340
38555,99338846892,122990
38556,4812388752,88850
38557,42497628779,10360
38558,1696076062,56100
38559,1325397370,70790
38560,1475056818,48480
38561,1811698590,49790
38562,52693007230,189340
38563,51679915133,17270
38564,64753799997,22420
38565,132011555,41370
38566,57925406744,15220
38567,12660304592,14100
38568,2548093075,81980
38569,35154212207,19100
38570,1715828315,50180
38571,174930782512,20090
38572,111164141689,15390
38573,45808992390,11910
38574,32635120117,11200
38575,2358425661,53830
38576,52816588168,12860
38577,2931902491,84530
38578,1710832223,53480
38579,925032490,56800
38580,51108562928,21130
38581,3816504386,54010
38582,71204208010,30410
38583,2253132502,806690
38584,11765329514,276950
38585,3811513343,34930
38586,309885320,41150
38587,417703744,35900
38588,1240499468,51650
38589,101257967,45120
38590,310929357,37250
38591,1584791361,37050
38592,943909912,37950
38593,86801961432,16190
38594,1234061710,55040
38595,6536029761,12400
38596,7163533745,33380
38597,62567339635,22450
38598,1475056818,48480
38599,2503806912,72840
38600,162604994604,15680
38601,4982515401,77750
38602,29721041732,19340
38603,2667226902,33540
38604,1627125829,48920
38605,1001716380,35100
38606,118728040323,108030
38607,1754493396,90590
38608,42568519534,26190
38609,85859631298,122150
38610,1612156577,37810
38611,16587975028,18940
38612,1089130858,65840
38613,674811634,40070
38614,42818496987,22700
38615,28239516012,25200
38616,48538423419,22040
38617,1093715362,40160
38618,15716367775,26470
38619,1631738995,1000000
38620,33689322989,24610
38621,8264171049,285080
38622,19720899101,16660
38623,3558740633,89720
38624,1310857836,51870
38625,162862396807,29690
38626,65381773729,27080
38627,864353070,55510
38628,298788004,42040
38629,1643631467,35950
38630,2983604386,35660
38631,1266683880,71520
38632,27963580724,16690
38633,179873992341,103890
38634,131333318,46010
38635,2994028781,73400
38636,1693556357,57360
38637,104895684101,118650
38638,1548189690,61710
38639,1938412546,357540
38640,49207048783,21960
38641,27520353423,30520
38642,74894149910,26890
38643,19068532632,12940
38644,16621932651,17300
38645,14913710173,32310
38646,119936406338,133930
38647,35393760318,13190
38648,2329006145,53130
38649,25922689803,25100
38650,1099842406,78690
38651,8478475591,292190
38652,2881351931,32500
38653,41232187427,160270
38654,53409349832,10100
38655,47756965159,21730
38656,1378201334,52900
38657,2610136349,34310
38658,895738066,54330
38659,52706040060,28610
38660,63774714991,106740
38661,65321368387,28550
38662,342902864,45510
38663,24348137900,218780
38664,25970337110,117840
38665,22887395746,19600
38666,109635367258,116050
38667,138308368249,123850
38668,34005205205,17920
38669,126888602996,29860
38670,1459288437,38480
38671,3222300429,35490
38672,11025691108,31410
38673,82370632,44340
38674,1726357977,67760
38675,45616050575,26400
38676,33839203965,26500
38677,225846202,44450
38678,290202607,43010
38679,358643074,40050
38680,45632125775,30920
38681,6536029761,12400
38682,1851092381,58380
38683,4905589231,78440
38684,893703643,62130
38685,4424438822,91330
38686,2150155983,78760
38687,39603242522,29780
38688,342243612,44030
38689,37298728034,27550
38690,63578466333,18620
38691,74356023612,30000
38692,35364601454,14090
38693,75278523506,24070
38694,2421718058,70140
38695,18258613188,10450
38696,3563928635,92110
38697,26434377401,18100
38698,2650769718,34950
38699,148140845,44800
38700,542702668,57180
38701,27979223636,30880
38702,1402649290,60360
38703,1922944845,49610
38704,582916951,41440
38705,1280383657,53320
38706,138963756,39500
38707,33577961195,19460
38708,36488308375,12050
38709,42715357006,132920
38710,1892327141,35210
38711,2804073465,34880
38712,32830187687,27900
38713,30345439749,109750
38714,1663410317,37290
38715,382563038,38040
38716,832985005,54370
38717,113267385164,104100
38718,729566850,34400
38719,93090494388,14760
38720,210330962,43440
38721,48632573621,28070
38722,12741993283,30860
38723,177803911,46320
38724,37103997546,12720
38725,75484254726,26310
38726,23214113792,32630
38727,1984198473,60650
38728,49950318601,26950
38729,23959612898,18750
38730,5139345535,34090
38731,86634682,46820
38732,116036772,44830
38733,27946580149,18090
38734,10588033325,23680
38735,6968645360,13500
38736,22012188432,19330
38737,1997738558,50750
38738,1837080216,56590
38739,1074374723,51270
38740,938106104,68720
38741,912065926,87630
38742,711674046,53850
38743,45726240636,173770
38744,1349376638,74270
38745,2095861127,34850
38746,148140845,44800
38747,3465950306,363780
38748,13882870228,26070
38749,4229651890,77150
38750,48607470664,28090
38751,150764185261,29500
38752,10777764971,11400
38753,759715768,40380
38754,24953211633,28020
38755,22574448053,28520
38756,133704853279,29420
38757,509896069,46770
38758,1631738995,1000000
38759,21708388858,19430
38760,7623443849,18500
38761,2381508863,34750
38762,590154290,36500
38763,50010969395,13840
38764,4498895394,83530
38765,22638781700,12580
38766,34183964289,170330
38767,36482134180,30530
38768,93213766,42900
38769,15635220941,25060
38770,8746143840,15800
38771,1131377818,50220
38772,1846856175,82030
38773,61073622396,23340
38774,23035858811,22050
38775,1651352251,56370
38776,33878940733,27930
38777,11663075335,10800
38778,1540994130,78930
38779,26025000339,26760
38780,727000833,50150
38781,25375355909,19670
38782,895738066,54330
38783,8967539344,32150
38784,11944582782,13150
38785,26290561592,28600
38786,1809690544,48380
38787,1414546051,70380
38788,3379356103,36060
38789,2085146629,49600
38790,1602365715,35770
38791,1119569481,58450
38792,394612657,47430
38793,45940864219,18280
38794,1283557928,72160
38795,84259873080,15820
38796,107323519,43080
38797,1845078000,64880
38798,141553285,45800
38799,138109706,44780
38800,42053547758,24320
38801,1416291125,66280
38802,31912611665,100980
38803,1631738995,1000000
38804,152907000674,30260
38805,16911672567,26580
38806,81416968,42540
38807,198531248,42560
38808,2247580566,57670
38809,28879409499,31330
38810,171950718,43200
38811,665681369,90000
38812,1467749550,67040
38813,4879842083,83650
38814,1079913582,80460
38815,411328572,77600
38816,1456335692,49980
38817,171950718,43200
38818,69229312042,30290
38819,148942706897,29470
38820,1067829889,48750
38821,122132101,41760
38822,903110811,50120
38823,49130761050,100150
38824,81416968,42540
38825,60165523292,155680
38826,1904097304,67230
38827,32329734658,17380
38828,913681874,55630
38829,280436357,38560
38830,48600534478,22090
38831,34197580549,15200
38832,432746269,41360
38833,1450945752,50880
38834,40855257342,21360
38835,43333005421,22210
38836,13074164597,16600
38837,4198959378,34210
38838,1533853467,38250
38839,761417391,63780
38840,5223719939,32810
38841,1293903312,55910
38842,975246955,55210
38843,74256122100,113780
38844,11171899613,24450
38845,37495008730,15350
38846,33518149284,12080
38847,10710322980,32770
38848,2131456998,62410
38849,1362720839,53290
38850,51618539927,27760
38851,6311141975,60900
38852,4376149293,88010
38853,1236080881,71740
38854,1597101722,49060
38855,40498004790,24590
38856,723556486,36580
38857,6968645360,13500
38858,63121405294,177160
38859,1181298196,45730
38860,15139950852,12000
38861,1883940894,66800
38862,30809472740,20620
38863,44301316936,26060
38864,1217708896,38830
38865,1867668304,51240
38866,552578811,54300
38867,22859046034,23810
38868,26799977040,21720
38869,13388415652,236040
38870,2916084824,35780
38871,42993873724,25540
38872,1745767341,73770
38873,3964269077,91400
38874,41111666437,20870
38875,21587357337,203760
38876,124431586634,28390
38877,72845435541,100720
38878,2119808944,60710
38879,4127969426,73630
38880,42484091798,27700
38881,127610593098,16230
38882,67129058834,26010
38883,11248132422,32300
38884,15269062707,11500
38885,4506763942,34590
38886,83680402609,20710
38887,210259093,41340
38888,19477729694,25990
38889,67738246934,15270
38890,56747778931,131920
38891,149527371046,29300
38892,24652206273,17190
38893,1024898409,37180
38894,2331027939,59850
38895,13453048540,26040
38896,1126931297,74530
38897,1804325772,62890
38898,64681909342,101680
38899,41085533680,12280
38900,28089660686,15900
38901,4732222352,34050
38902,225846202,44450
38903,30084375971,25250
38904,2309399575,35000
38905,287077495,39580
38906,123203558799,29250
38907,1903166029,52010
38908,29400030302,28450
38909,78811200115,121830
38910,118440794345,129170
38911,57749015023,159240
38912,185740213503,16810
38913,1754677641,36960
38914,105753092804,29010
38915,906584031,58920
38916,46909678738,182150
38917,2001257133,35070
38918,1215049015,54450
38919,7482461713,34480
38920,4966059338,14200
38921,539714944,37680
38922,3936671887,91820
38923,109885904996,28640
38924,979693334,64750
38925,78089133569,12180
38926,75981964629,27620
38927,2575168046,88410
38928,27375127721,220380
38929,55869935956,12330
38930,2104614983,36620
38931,17540990784,15030
38932,73802628198,27170
38933,29632216199,25470
38934,104186585931,29730
38935,28969049305,17360
38936,46221251118,31120
38937,1623677241,55150
38938,1771178308,34530
38939,603853053,61240
38940,12008139202,253600
38941,44002401472,124180
38942,124132070,43940
38943,8522526669,30800
38944,8425910359,33410
38945,28303784697,16720
38946,1084013580,71150
38947,27382133872,24980
38948,24362149542,24150
38949,14522310942,14060
38950,1149037679,49250
38951,838533750,38440
38952,51928380792,97100
38953,1748479526,33170
38954,277871032,45280
38955,73042456545,14820
38956,1702580728,81280
38957,521084640,45000
38958,20927200744,15450
38959,2234661037,76050
38960,60256838359,12760
38961,12157445989,17800
38962,906316090,67440
38963,938523040,40030
38964,46364741189,20750
38965,74887879477,24950
38966,1188774954,38970
38967,35951683914,172790
38968,15139950852,12000
38969,1072709312,33100
38970,17913562656,22840
38971,142799541,42100
38972,62363084328,18150
38973,1311369927,57730
38974,1319374168,66610
38975,58789430977,17450
38976,109854052629,118760
38977,1731891694,35520
38978,1433115079,48790
38979,1669868212,66160
38980,42209242413,189950
38981,121793199686,131210
38982,593595130,38550
38983,2238980000,87650
38984,3480981914,52110
38985,70449623629,99690
38986,76689142930,13530
38987,68328630085,101840
38988,2584147920,59360
38989,5758061208,32010
38990,9451390383,31690
38991,113307658460,30240
38992,67287377285,151540
38993,39341073855,22100
38994,84100433177,127340
38995,1037414594,36600
38996,1012483522,34000
38997,7257186632,33990
38998,3729506770,33580
38999,49381445260,23550
39000,2716360543,77690
39001,120887347990,14070
39002,1935266178,61890
39003,78074623714,16220
39004,908925691,40580
39005,1907760168,864910
39006,3112073020,59770
39007,500180676,38930
39008,1297257205,74980
39009,1060791960,36950
39010,540623071,47490
39011,28239510390,25450
39012,52065406763,22020
39013,35154212207,19100
39014,22108093345,21440
39015,81355524747,17400
39016,68660692992,26230
39017,22429456554,19700
39018,2903889254,362990
39019,1328527287,52170
39020,152907000674,30260
39021,12874612989,32350
39022,957778084,35650
39023,4059103617,75770
39024,1333987616,37430
39025,14782752626,20560
39026,148140845,44800
39027,19533110212,19500
39028,737627132,38020
39029,1539641778,69220
39030,1062974218,92650
39031,1844212851,80930
39032,1081652666,41070
39033,317236975,41510
39034,45629561310,20340
39035,1345272861,63100
39036,4424944880,32620
39037,2044347734,57380
39038,23035858811,22050
39039,4208556943,76650
39040,45083877970,19610
39041,1042142250,62290
39042,33861761706,157110
39043,94118417262,13690
39044,86418527499,156170
39045,776833593,63740
39046,16045577416,16000
39047,7861322568,34140
39048,298739204,40200
39049,24457461251,19950
39050,26411647433,18320
39051,138458710249,102560
39052,14073065206,23250
39053,258280869,45690
39054,2048578617,56620
39055,21737530575,227690
39056,1714845419,60080
39057,2394927604,40330
39058,7694107713,24900
39059,32370922918,26280
39060,23857905050,30300
39061,28520159386,19300
39062,1405592789,35140
39063,737627132,38020
39064,25922689803,25100
39065,674811634,40070
39066,1194376822,56790
39067,2299596129,49820
39068,1264368907,81410
39069,15632682407,13450
39070,22429456554,19700
39071,42304020090,121710
39072,166431666597,99740
39073,1089718676,78420
39074,145172773229,29170
39075,2665111018,33500
39076,19049030128,13960
39077,37326142645,25360
39078,48528795678,14650
39079,5506837978,33000
39080,12175959216,13600
39081,3807529092,91770
39082,49567566189,23910
39083,423815992,46740
39084,3097598273,34650
39085,150978538,40170
39086,1903813945,37850
39087,610183714,56500
39088,42484091798,27700
39089,1802884820,64970
39090,356588253,45270
39091,1147781431,54720
39092,33273745027,28690
39093,50595898497,158600
39094,502382014,38370
39095,1701299716,58740
39096,2078162367,52160
39097,43685827197,19450
39098,1036580434,36690
39099,4869704496,72190
39100,62661577101,21940
39101,108373653972,24360
39102,107323519,43080
39103,18307813892,26600
39104,61709873190,25610
39105,2576477892,72380
39106,5357322698,71110
39107,1263110742,51360
39108,4946091923,89220
39109,81442268605,141210
39110,5511201833,75190
39111,53126256596,16640
39112,1696076062,56100
39113,48347533,44860
39114,74852945202,22240
39115,89325242403,12430
39116,384747464,42700
39117,60650416742,16360
39118,95286021000,30150
39119,11103474308,31960
39120,2023582988,72490
39121,1952632530,93270
39122,80413445370,18580
39123,33128794370,29190
39124,266131796,44670
39125,4804702948,33250
39126,3541067261,94090
39127,1790581445,74820
39128,27227481186,210300
39129,37824081128,27060
39130,2698030839,56940
39131,53443551626,23660
39132,44160343987,11900
39133,26799977040,21720
39134,2805468544,53820
39135,17596863824,27450
39136,2136365321,91810
39137,29996142229,28860
39138,137712471785,30140
39139,13612873729,22850
39140,460217872,37920
39141,32939692439,24350
39142,1265260946,33680
39143,248416745,44540
39144,41334335293,25600
39145,189187624,40750
39146,37423098053,20980
39147,4519330489,76810
39148,1280193045,48680
39149,336104978,45680
39150,789749166,40270
39151,76499235718,21430
39152,1432319661,52260
39153,2574394073,35540
39154,1631738995,1000000
39155,29137251043,21170
39156,65378861284,15710
39157,160941022250,98240
39158,8143426756,32820
39159,54561378707,25910
39160,56335760220,29750
39161,24371933729,22950
39162,25601318259,26490
39163,733940752,52950
39164,943909912,37950
39165,70882157235,150850
39166,684095423,40630
39167,289755230,42810
39168,171376051,44500
39169,817050770,47880
39170,43333005421,22210
39171,169410838450,11580
39172,49783597064,14780
39173,3821899770,86760
39174,1752615712,83680
39175,797573944,51700
39176,5023084202,33960
39177,261865260,42460
39178,1297257205,74980
39179,3553515371,83640
39180,59096534,43140
39181,11656719783,242310
39182,24792833125,13940
39183,44739121196,18240
39184,532525883,37640
39185,1983164075,69670
39186,79432166244,21770
39187,2181696456,56980
39188,97822870852,125790
39189,23623676402,21560
39190,61805000561,27240
39191,68443709094,10280
39192,1206769635,61050
39193,1446829083,59680
39194,99955399,46730
39195,41851576292,15400
39196,2750411959,49370
39197,152766255876,106390
39198,49040643997,153700
39199,41085533680,12280
39200,1120403229,55250
39201,161069872,43400
39202,5608879942,286250
39203,1397574382,67820
39204,58339597241,27220
39205,14037398643,14500
39206,158059653916,97010
39207,96155377,41110
39208,67354936590,21530
39209,726757896,50400
39210,19221989618,21850
39211,686805446,36240
39212,2292124661,55220
39213,661790663,39950
39214,84767214321,29920
39215,100993307044,106560
39216,59329830220,14050
39217,974804499,61700
39218,406883978,36800
39219,131348039831,27260
39220,418907708,39020
39221,2543171256,49750
39222,2422165183,75350
39223,4357274816,70910
39224,47756965159,21730
39225,2086324526,36210
39226,55065325562,23540
39227,26224264781,12300
39228,2198983036,90060
39229,8933766969,10120
39230,33103548418,30030
39231,3313124016,59060
39232,1064833483,53270
39233,432858644,37750
39234,187571086,43700
39235,1465089980,75470
39236,826738536,62260
39237,1914078341,90240
39238,8085474109,11000
39239,36297534223,16840
39240,31120345513,27610
39241,1909088773,88370
39242,20728975020,28620
39243,2671993361,70690
39244,2973788164,75610
39245,85468721624,11930
39246,41196050480,18460
39247,966607496,36100
39248,29880351046,27520
39249,28575728644,21860
39250,1228084738,58880
39251,36224244366,24440
39252,86080639826,115350
39253,20249118852,23150
39254,18258613188,10450
39255,1683558095,65670
39256,31107276306,26860
39257,4766484138,62450
39258,25722412644,32230
39259,319486385,44600
39260,57968587629,14350
39261,1864721389,65500
39262,82590527677,16940
39263,1701299716,58740
39264,11846576564,12700
39265,9796301310,263400
39266,44802303961,17970
39267,12635210498,23500
39268,150399241233,119590
39269,1353588104,49040
39270,20173588938,25150
39271,13977867678,24400
39272,1130576654,36230
39273,37455535968,17760
39274,46900573,45400
39275,52065406763,22020
39276,1627881338,55950
39277,1985371109,47970
39278,80104964039,29280
39279,31634145708,23080
39280,1456335692,49980
39281,1631738995,1000000
39282,4584263012,33070
39283,47295092406,24330
39284,33661785903,26790
39285,270203828,43240
39286,2480919287,82130
39287,179815424,42830
39288,799162500,59380
39289,37326142645,25360
39290,12117734393,20290
39291,39501888075,178780
39292,8746143840,15800
39293,26319852004,17820
39294,26704245525,18880
39295,2293617913,36470
39296,11846576564,12700
39297,24652206273,17190
39298,88521745532,30310
39299,27253192711,21820
39300,6740202111,31940
39301,10289649799,31040
39302,185740213503,16810
39303,1631738995,1000000
39304,1312832502,58320
39305,1302970112,49360
39306,1760550635,50540
39307,103204489633,119880
39308,1072061769,37020
39309,4045384099,77560
39310,92318074912,25220
39311,33854502558,23450
39312,356588253,45270
39313,104340156286,27420
39314,478526148,41530
39315,55484554170,23290
39316,23521342765,20400
39317,3514451786,92160
39318,99955399,46730
39319,36858712786,14390
39320,3289224641,85230
39321,1501406525,73230
39322,3262702814,34420
39323,42141940792,21520
39324,25553867219,28340
39325,146415605,43460
39326,32418214080,181990
39327,1935742425,52890
39328,41851576292,15400
39329,68426394282,14120
39330,4062239191,82980
39331,1296334424,50320
39332,29408358448,14140
39333,866197758,39630
39334,40239095341,31250
39335,425454493,44460
39336,40418768993,21070
39337,1238314076,74410
39338,1457114680,59860
39339,62206717779,13220
39340,1556348661,73920
39341,115329302,46240
39342,27730538602,209670
39343,84038441999,159130
39344,110166808877,28970
39345,329709884,39340
39346,118484986,46380
39347,2048154646,68670
39348,965205293,74360
39349,196284093162,15910
39350,24457461251,19950
39351,1115306739,35200
39352,20492040810,31990
39353,823416883,64100
39354,13378711542,12600
39355,116983325494,28870
39356,14216936880,18600
39357,1274800634,50200
39358,1697210166,35810
39359,4517302530,68830
39360,1537779157,79890
39361,26597638451,11980
39362,25132530789,22360
39363,19115025399,31130
39364,46066230550,129910
39365,6497365784,10750
39366,1098342432,54180
39367,2037812320,64570
39368,23623676402,21560
39369,124132070,43940
39370,979693334,64750
39371,1682088724,68240
39372,32673247777,22670
39373,114223554972,29180
39374,4310099126,74970
39375,27530071116,17550
39376,11702591275,20800
39377,1602651494,64120
39378,52177829725,15080
39379,42685269622,22770
39380,73793596185,96150
39381,37768543418,27850
39382,1398713553,66550
39383,64262334195,15880
39384,99360085133,138800
39385,1830685048,74120
39386,78785341694,27090
39387,29096265241,15360
39388,27979223636,30880
39389,5458998769,33310
39390,15877656541,24250
39391,183865535,42890
39392,2081315105,63550
39393,641033554,35280
39394,27253192711,21820
39395,185234855767,26510
39396,8101115241,20840
39397,2365619218,50700
39398,42393855705,18050
39399,209832905146,29740
39400,2501040877,53660
39401,172549598793,104030
39402,7623443849,18500
39403,1254631340,59930
39404,76122229016,15310
39405,45116285441,15670
39406,11578482888,23890
39407,706083408,36840
39408,540623071,47490
39409,39244436334,19620
39410,25958933629,23920
39411,89325242403,12430
39412,47066111055,17880
39413,76474439181,28190
39414,20047359759,28400
39415,111945198439,96510
39416,6928061438,263970
39417,987729963,38100
39418,6546652745,34320
39419,59935689497,141880
39420,94630824340,132160
39421,50787716016,28220
39422,70673149381,13830
39423,49094782091,25730
39424,20525200411,224090
39425,3475875261,34010
39426,325372094,44050
39427,114177850,44350
39428,827846679,58470
39429,23521342765,20400
39430,1714845419,60080
39431,3382419082,37560
39432,30238297429,195560
39433,40962683772,20600
39434,45775561671,16180
39435,5497574956,31420
39436,19765776310,24060
39437,13882870228,26070
39438,1262635962,75120
39439,1299219562,66180
39440,99575538502,12470
39441,33036051309,25960
39442,214509163012,29710
39443,3246287795,34740
39444,1801838220,69900
39445,1726097160,73930
39446,37326142645,25360
39447,21654796659,21380
39448,142799541,42100
39449,97535738059,29020
39450,504465393,36340
39451,913681874,55630
39452,2291201257,48660
39453,136237660,45940
39454,19844523867,19020
39455,15952412483,14020
39456,81289740375,116040
39457,23338015042,16100
39458,35809846307,25120
39459,951241236,75500
39460,9464623711,32390
39461,95618918454,29890
39462,324490190,39230
39463,1047695139,36640
39464,638638094,38800
39465,1267052443,84720
39466,33839203965,26500
39467,1810255270,61870
39468,986348817,34390
39469,11248132422,32300
39470,1286121304,52240
39471,1280193045,48680
39472,74069564978,31270
39473,56191503927,24740
39474,108592012295,130200
39475,91725002496,130440
39476,1834089006,35020
39477,112930925182,12730
39478,1442643549,71690
39479,4689412440,31900
39480,121546892258,118070
39481,9747082578,276310
39482,54412151037,97290
39483,23857905050,30300
39484,3717965658,32920
39485,49489469370,16440
39486,1798439257,70650
39487,1202677173,66400
39488,1157145805,51770
39489,3680650113,34600
39490,47572858350,28950
39491,8577167106,35170
39492,15750815092,18660
39493,70079271419,142630
39494,527175044,52500
39495,60071347121,24710
39496,52006394875,29620
39497,40619608490,19350
39498,68827732899,25160
39499,10093236863,19400
39500,27391134488,28200
39501,34935271309,25590
39502,382417194,39300
39503,103682686116,113740
39504,78074623714,16220
39505,18307813892,26600
39506,135989993804,19640
39507,47099151682,118770
39508,115422323816,11180
39509,90068509,47110
39510,135317799079,107970
39511,61406082,47620
39512,1801758922,569200
39513,116720651,42800
39514,31634145708,23080
39515,1871840352,76010
39516,1430609790,58010
39517,72635817688,21020
39518,10708572650,12900
39519,1454275898,56890
39520,186810901867,101470
39521,32635120117,11200
39522,881919199,57040
39523,16680645035,13750
39524,4441119657,66470
39525,1932898700,70620
39526,1631738995,1000000
39527,62504361229,29400
39528,4459097984,48610
39529,23945119864,19740
39530,372969483,41580
39531,9966939481,21600
39532,55810337924,97320
39533,1599073732,84200
39534,42818496987,22700
39535,20763867777,19750
39536,18296848993,33040
39537,654061617,38510
39538,73929846927,18070
39539,1410781350,78650
39540,103411436171,107860
39541,23328308469,28670
39542,50787716016,28220
39543,39604028268,18020
39544,4838663217,316130
39545,2620175421,82460
39546,82016039828,22220
39547,96809165356,15610
39548,132612338,39070
39549,49375053451,24600
39550,48516137369,23060
39551,120343718803,12890
39552,786030857,88540
39553,2330374393,92200
39554,1394137500,58100
39555,1705143848,32200
39556,12542145494,32790
39557,525710008,38360
39558,5251789474,56910
39559,2254863194,83320
39560,57107389399,27280
39561,165588562337,10640
39562,42086966196,21550
39563,14216936880,18600
39564,218123823,44820
39565,1331660055,80180
39566,943909912,37950
39567,1168231102,51910
39568,6377380700,22300
39569,9073676657,24880
39570,19647172246,235160
39571,14488576352,30970
39572,22633287384,31190
39573,560550319,35750
39574,621836003,89800
39575,730109728,38320
39576,55967057116,14920
39577,1246744945,61080
39578,996243223,57680
39579,3601848313,93080
39580,71275229269,22440
39581,34816312754,14470
39582,141369024369,122860
39583,753517071,40610
39584,6716311126,293860
39585,74852945202,22240
39586,59651360264,30360
39587,44160343987,11900
39588,52379653573,150340
39589,3258940268,79550
39590,16555497187,13680
39591,46745158604,24820
39592,1088409901,49710
39593,17317254802,14850
39594,33555873981,12200
39595,5664161969,74900
39596,5393604399,32110
39597,62301899119,19940
39598,823416883,64100
39599,131493936,40240
39600,116720651,42800
39601,400065297,37780
39602,378341183,40640
39603,567108774,54800
39604,3112073020,59770
39605,1164747559,83900
39606,309244363,43370
39607,26319852004,17820
39608,542702668,57180
39609,31624462478,27350
39610,25375355909,19670
39611,67354936590,21530
39612,4041491121,95230
39613,49427172601,30040
39614,1531506051,49380
39615,3439361235,86150
39616,3361115011,89560
39617,4012764142,58180
39618,417703744,35900
39619,49375053451,24600
39620,1834089006,35020
39621,1550593991,33590
39622,4200818548,74070
39623,1704457285,48740
39624,951656589,57860
39625,1665829483,53900
39626,3863593020,72130
39627,422381531,39320
39628,44415337667,28260
39629,45964665779,24090
39630,1135227918,94900
39631,36126099993,28700
39632,3326394597,34360
39633,77017899036,18230
39634,33506409407,132770
39635,9096597453,23940
39636,53605580266,21630
39637,91385771650,23180
39638,1635819422,50960
39639,33878940733,27930
39640,3378018962,36910
39641,80171413799,21310
39642,155381505812,29820
39643,72643908819,12920
39644,1834089006,35020
39645,21439255372,18110
39646,60734190187,22550
39647,3491720668,68030
39648,70917260148,13610
39649,309885320,41150
39650,422345095,39590
39651,1809368779,36150
39652,21894588801,23600
39653,1620287138,73560
39654,35017723395,99870
39655,1345860255,53640
39656,1083807726,61410
39657,10753109148,22060
39658,1147770854,68330
39659,42568519534,26190
39660,966607496,36100
39661,1093004842,35480
39662,684095423,40630
39663,12564986713,25760
39664,277871032,45280
39665,34935271309,25590
39666,486964866,42090
39667,76659105760,10480
39668,36092934622,25070
39669,8018007742,33440
39670,1370448113,62850
39671,665681369,90000
39672,46609776660,13720
39673,4424944880,32620
39674,179035308,42420
39675,59763139801,30580
39676,591837111,52100
39677,121966366,40100
39678,1957779477,64760
39679,967689915,34700
39680,203720378,47610
39681,44095473091,28180
39682,30719654234,22320
39683,8172250064,33180
39684,56709844135,142880
39685,13549969722,17840
39686,59119860557,17980
39687,151092871204,29600
39688,100635277389,108000
39689,28700930732,30570
39690,81947908112,18540
39691,196892517987,24510
39692,70758428673,11920
39693,29137251043,21170
39694,63247325082,25950
39695,85785499489,17670
39696,3011330685,34920
39697,47213622589,19040
39698,4105605692,53330
39699,27936444603,18890
39700,90099603000,11620
39701,1414768155,58570
39702,1992245021,67490
39703,421511376,41280
39704,513236362,37300
39705,1631738995,1000000
39706,110998318,40800
39707,2344866946,51620
39708,116720651,42800
39709,1485730830,55880
39710,71670533558,28840
39711,20642548608,214390
39712,19483650662,30820
39713,1456868084,51600
39714,4063544221,63050
39715,67738246934,15270
39716,11740205694,25700
39717,1930797868,59970
39718,11944582782,13150
39719,68515280690,20930
39720,10710322980,32770
39721,101545693,44940
39722,30966134539,20410
39723,47262307720,19720
39724,68993720916,122500
39725,48233420339,25240
39726,6735664401,32260
39727,23521342765,20400
39728,11713902729,33210
39729,31889305836,19000
39730,78221692149,13850
39731,45964606960,30090
39732,66980122242,21270
39733,33661785903,26790
39734,41911971330,31670
39735,152267874,42000
39736,1344904168,50100
39737,1631738995,1000000
39738,114923292884,12910
39739,47114185728,27210
39740,43333005421,22210
39741,21797622356,11800
39742,1647601825,62590
39743,23136038329,13440
39744,115479906754,30780
39745,95724542696,27640
39746,14216936880,18600
39747,30867560925,31390
39748,874300007,37570
39749,79849030588,27970
39750,105888030,46450
39751,16555497187,13680
39752,614402784,37490
39753,19653365398,188840
39754,2352379784,83560
39755,40248886135,16540
39756,1631738995,1000000
39757,75125954302,28210
39758,1316324344,648420
39759,1042940702,48440
39760,941343937,62660
39761,66953439280,23470
39762,138528050672,20590
39763,6847361817,24080
39764,1178836724,93300
39765,2504399904,74150
39766,1631738995,1000000
39767,72846903609,135930
39768,900524591,68400
39769,37892262182,202710
39770,13519111647,21740
39771,1807994498,94990
39772,51393903441,19510
39773,3244327025,35610
39774,1309006301,36750
39775,53409349832,10100
39776,4966059338,14200
39777,1547058868,59350
39778,2773456101,54120
39779,2961748050,85280
39780,601281229,37760
39781,2985397083,61420
39782,1631738995,1000000
39783,26676025512,14700
39784,28809671951,15600
39785,25114083678,11190
39786,3094058526,60570
39787,96155377,41110
39788,58962650593,25750
39789,51755226246,21920
39790,29137251043,21170
39791,30709358619,17510
39792,1848522896,37320
39793,52177829725,15080
39794,20043163240,13800
39795,3888429059,54280
39796,34888386853,30660
39797,1048776802,53250
39798,68357508361,155530
39799,199430731,41480
39800,2269349940,786640
39801,1217300415,88190
39802,2174299884,36260
39803,15096223682,26090
39804,918555446,45840
39805,94422536356,11830
39806,79539176593,96680
39807,872431084,55050
39808,36118879660,26140
39809,72257839175,29350
39810,48528795678,14650
39811,1161554838,85760
39812,510208512,47580
39813,105929741,41000
39814,124830950182,115820
39815,1556348661,73920
39816,978648171,36310
39817,73155169420,27180
39818,9880973131,31720
39819,22274522030,18300
39820,1387110742,62390
39821,1269099066,65330
39822,25390870946,21340
39823,2022074378,92710
39824,3447376792,53360
39825,1290874953,34820
39826,67195225842,20010
39827,727583390,40280
39828,495539667,80380
39829,70758428673,11920
39830,1598226978,75390
39831,760233125,38220
39832,2406733029,50550
39833,74165287901,30130
39834,33128794370,29190
39835,99575538502,12470
39836,47185950699,105850
39837,73155169420,27180
39838,36972142743,15590
39839,15635220941,25060
39840,1471864953,53120
39841,4775106304,33400
39842,61042638688,15020
39843,94652626863,107060
39844,1169033083,37870
39845,1099860567,50380
39846,10270772425,18700
39847,912003285,82450
39848,66129756375,12350
39849,1122246522,59020
39850,6536029761,12400
39851,73680523057,135740
39852,60140852560,20880
39853,295614536,42500
39854,706083408,36840
39855,29933131070,24860
39856,40838574989,28040
39857,68010129229,112360
39858,24280202958,17950
39859,109835242568,27570
39860,57545934402,24790
39861,38722239880,25800
39862,51935406492,14110
39863,985071251,52660
39864,125865877589,131790
39865,888738418,59480
39866,131348039831,27260
39867,261610061,42210
39868,1246571561,62330
39869,1068344977,54750
39870,18973023210,21200
39871,15209110968,25300
39872,1238796644,65450
39873,29967860642,16650
39874,1457900754,63810
39875,33264601265,27320
39876,1687879731,53750
39877,53126990322,21460
39878,8903345832,18180
39879,2742390603,32900
39880,2360289298,54650
39881,90818759234,16490
39882,2653792168,387300
39883,2596602658,47940
39884,46900573,45400
39885,205936537,42960
39886,21332525229,18200
39887,822351231,53170
39888,1820797772,88210
39889,85468721624,11930
39890,461028209,40900
39891,66060105252,123480
39892,2407561270,50780
39893,1485730830,55880
39894,51994472676,20860
39895,210330962,43440
39896,3001964930,62650
39897,939623427,55700
39898,2065300531,82570
39899,829358399,59040
39900,49591181675,30380
39901,48948792939,22680
39902,268295937,39660
39903,14687326283,31540
39904,68542529613,22630
39905,1853990603,64110
39906,932425658,38850
39907,173130108594,29850
39908,50618437140,109820
39909,4854570977,31700
39910,31086951478,28130
39911,39577525050,19780
39912,37673201671,24140
39913,16371576203,26900
39914,100650766599,104230
39915,73079687,45290
39916,96220940435,17960
39917,62086432630,159580
39918,1599073732,84200
39919,243541523,40980
39920,1221936403,85840
39921,1966323101,34710
39922,25275200839,17350
39923,1012483522,34000
39924,42664637339,114700
39925,749752075,57290
39926,928772192,72000
39927,394612657,47430
39928,966607496,36100
39929,34346403621,22250
39930,20763867777,19750
39931,10460628957,25000
39932,23430054225,14950
39933,298707558,40180
39934,1559492508,36070
39935,792392949,65240
39936,62661577101,21940
39937,74240862370,24280
39938,58789430977,17450
39939,1593022972,36940
39940,411328572,77600
39941,943909912,37950
39942,18577413391,26650
39943,50359925945,172840
39944,4767031170,79400
39945,52756244431,16680
39946,1080809458,63020
39947,16446882670,27340
39948,989457518,36330
39949,179081664,41780
39950,80734094062,12190
39951,36972142743,15590
39952,16250883444,22340
39953,29717756384,197780
39954,1263110742,51360
39955,1380363952,58190
39956,64307640,47530
39957,1631738995,1000000
39958,14789513945,19790
39959,40107433283,15040
39960,21490644071,31550
39961,3696576114,36140
39962,1631738995,1000000
39963,1294997156,67580
39964,1670733819,49240
39965,1435790470,57150
39966,504465393,36340
39967,21779733392,16710
39968,34785681833,20740
39969,1280669659,36720
39970,34468336823,15010
39971,197152104,40300
39972,152300602,39380
39973,328193623,42820
39974,23801859917,22540
39975,33134217629,26630
39976,950832765,63300
39977,480048136,43060
39978,1295087770,87400
39979,162009079,46280
39980,417703744,35900
39981,1683624057,65000
39982,14026117379,32090
39983,190767518,44920
39984,1602278022,58150
39985,27402271562,23800
39986,55126430988,14190
39987,11846576564,12700
39988,463866674,42670
39989,43271837939,21480
39990,19781196089,23640
39991,583181080,38200
39992,1605069365,48140
39993,1074374723,51270
39994,881015444,48220
39995,2596602658,47940
39996,749372823,69880
39997,44984558600,12640
39998,80104964039,29280
39999,83243143,45190
